id,external_id,class_id,object_time,life_time,speed,class_confidence,object_confidence,gps_latitude,gps_longitude,gps_heading,world_x,world_y,world_z,world_heading_3d,world_height,world_length,world_width,image_x,image_y,speed_x_confidence,speed_y_confidence,world_x_confidence,world_y_confidence,world_heading_3d_confidence,record_time,data_number,camera_type,message_type,record_type,interval_time,num_objects
28,3,0,133.0,0.000,2.299,0.995,0.995,0.0,0.0,52.257,2.104,6.108,0,52.257,1.700,0.300,0.450,0.584,0.990,1,1,1,1,126,,1330,visual,Data,TrackUpdate,0.10,1
28,3,0,133.123,0.123,2.171,0.992,0.993,0.0,0.0,52.257,2.158,6.103,0,52.257,1.700,0.300,0.450,0.587,0.991,127,127,1,1,127,,1331,visual,Data,TrackUpdate,0.10,1
28,3,0,133.257,0.257,2.079,0.992,0.993,0.0,0.0,52.257,2.208,6.118,0,52.257,1.700,0.300,0.450,0.589,0.989,127,127,1,1,127,,1332,visual,Data,TrackUpdate,0.10,1
28,3,0,133.323,0.323,2.149,0.993,0.994,0.0,0.0,52.257,2.270,6.138,0,52.257,1.700,0.300,0.450,0.592,0.988,127,127,1,1,127,,1333,visual,Data,TrackUpdate,0.10,1
28,3,0,133.457,0.457,2.339,0.996,0.997,0.0,0.0,52.257,2.376,6.256,0,52.257,1.700,0.300,0.450,0.597,0.981,127,127,1,1,127,,1334,visual,Data,TrackUpdate,0.10,1
28,3,0,133.523,0.523,2.413,0.996,0.997,0.0,0.0,52.257,2.416,6.326,0,52.257,1.700,0.300,0.450,0.598,0.976,127,127,1,1,127,,1335,visual,Data,TrackUpdate,0.10,1
28,3,0,133.657,0.657,2.414,0.995,0.996,0.0,0.0,52.257,2.478,6.393,0,52.257,1.700,0.300,0.450,0.602,0.971,127,127,1,1,127,,1336,visual,Data,TrackUpdate,0.10,1
28,3,0,133.723,0.723,2.353,0.992,0.994,0.0,0.0,52.257,2.497,6.394,0,52.257,1.700,0.300,0.450,0.602,0.971,127,127,1,1,127,,1337,visual,Data,TrackUpdate,0.10,1
28,3,0,133.857,0.857,2.637,0.995,0.996,0.0,0.0,52.257,2.584,6.827,0,52.257,1.700,0.300,0.450,0.604,0.943,1,1,1,1,126,,1338,visual,Data,TrackUpdate,0.10,1
28,3,0,133.924,0.924,2.463,0.991,0.993,0.0,0.0,52.257,2.544,6.855,0,52.257,1.700,0.300,0.450,0.602,0.941,1,1,1,1,126,,1339,visual,Data,TrackUpdate,0.10,1
28,3,0,134.0,1.000,2.562,0.996,0.997,0.0,0.0,52.257,2.598,6.971,0,52.257,1.700,0.300,0.450,0.604,0.933,1,1,1,1,126,,1340,visual,Data,TrackUpdate,0.10,1
28,3,0,134.123,1.123,2.680,0.990,0.993,0.0,0.0,52.257,2.693,7.121,0,52.257,1.700,0.300,0.450,0.607,0.925,1,1,1,1,126,,1341,visual,Data,TrackUpdate,0.10,1
28,3,0,134.257,1.257,2.958,0.998,0.999,0.0,0.0,48.702,2.875,7.334,0,48.702,1.700,0.300,0.450,0.614,0.912,1,1,1,1,126,,1342,visual,Data,TrackUpdate,0.10,1
28,3,0,134.323,1.323,3.065,0.999,0.999,0.0,0.0,48.702,2.950,7.430,0,48.702,1.700,0.300,0.450,0.617,0.906,1,1,1,1,126,,1343,visual,Data,TrackUpdate,0.10,1
28,3,0,134.457,1.457,2.794,0.997,0.998,0.0,0.0,48.702,2.962,7.397,0,48.702,1.700,0.300,0.450,0.618,0.908,1,1,1,1,126,,1344,visual,Data,TrackUpdate,0.10,1
28,3,0,134.523,1.523,2.936,0.996,0.998,0.0,0.0,48.702,3.004,7.413,0,48.702,1.700,0.300,0.450,0.619,0.907,1,1,1,1,126,,1345,visual,Data,TrackUpdate,0.10,1
28,3,0,134.657,1.657,2.933,0.994,0.996,0.0,0.0,48.702,3.083,7.466,0,48.702,1.700,0.300,0.450,0.623,0.905,1,1,1,1,126,,1346,visual,Data,TrackUpdate,0.10,1
28,3,0,134.724,1.724,3.029,0.997,0.998,0.0,0.0,48.702,3.136,7.508,0,48.702,1.700,0.300,0.450,0.624,0.902,1,1,1,1,126,,1347,visual,Data,TrackUpdate,0.10,1
28,3,0,134.857,1.857,3.145,0.997,0.998,0.0,0.0,48.702,3.275,7.612,0,48.702,1.700,0.300,0.450,0.630,0.896,1,1,1,1,126,,1348,visual,Data,TrackUpdate,0.10,1
28,3,0,134.923,1.923,3.369,0.997,0.998,0.0,0.0,49.655,3.363,7.725,0,49.655,1.700,0.300,0.450,0.633,0.890,1,1,1,1,126,,1349,visual,Data,TrackUpdate,0.10,1
28,3,0,135.0,2.000,3.406,0.997,0.998,0.0,0.0,49.655,3.394,7.765,0,49.655,1.700,0.300,0.450,0.634,0.888,1,1,1,1,126,,1350,visual,Data,TrackUpdate,0.10,1
28,3,0,135.125,2.125,3.360,0.998,0.999,0.0,0.0,49.655,3.482,7.916,0,49.655,1.700,0.300,0.450,0.636,0.879,1,1,1,1,126,,1351,visual,Data,TrackUpdate,0.10,1
28,3,0,135.257,2.257,3.129,0.992,0.996,0.0,0.0,49.655,3.464,7.911,0,49.655,1.700,0.300,0.450,0.636,0.880,1,1,1,1,126,,1352,visual,Data,TrackUpdate,0.10,1
28,3,0,135.323,2.323,3.190,0.993,0.997,0.0,0.0,49.655,3.482,7.926,0,49.655,1.700,0.300,0.450,0.636,0.879,1,1,1,1,126,,1353,visual,Data,TrackUpdate,0.10,1
28,3,0,135.457,2.457,3.362,0.993,0.997,0.0,0.0,49.655,3.595,8.029,0,49.655,1.700,0.300,0.450,0.640,0.872,1,1,1,1,126,,1354,visual,Data,TrackUpdate,0.10,1
28,3,0,135.523,2.523,3.455,0.994,0.998,0.0,0.0,49.655,3.665,8.109,0,49.655,1.700,0.300,0.450,0.643,0.869,1,1,1,1,126,,1355,visual,Data,TrackUpdate,0.10,1
28,3,0,135.657,2.657,3.731,0.995,0.998,0.0,0.0,46.856,3.831,8.280,0,46.856,1.700,0.300,0.450,0.648,0.859,1,1,1,1,126,,1356,visual,Data,TrackUpdate,0.10,1
28,3,0,135.723,2.723,3.705,0.958,0.985,0.0,0.0,46.856,3.880,8.312,0,46.856,1.700,0.300,0.450,0.650,0.857,1,1,1,1,126,,1357,visual,Data,TrackUpdate,0.10,1
28,3,0,135.857,2.857,3.570,0.982,0.994,0.0,0.0,46.856,3.947,8.358,0,46.856,1.700,0.300,0.450,0.652,0.856,1,1,1,1,126,,1358,visual,Data,TrackUpdate,0.10,1
28,3,0,135.923,2.923,3.568,0.949,0.984,0.0,0.0,46.856,4.000,8.398,0,46.856,1.700,0.300,0.450,0.654,0.854,1,1,1,1,126,,1359,visual,Data,TrackUpdate,0.10,1
28,3,0,136.0,3.000,3.610,0.995,0.998,0.0,0.0,46.856,4.033,8.442,0,46.856,1.700,0.300,0.450,0.655,0.852,1,1,1,1,126,,1360,visual,Data,TrackUpdate,0.10,1
28,3,0,136.123,3.123,3.593,0.989,0.997,0.0,0.0,46.828,4.112,8.548,0,46.828,1.700,0.300,0.450,0.657,0.846,1,1,1,1,126,,1361,visual,Data,TrackUpdate,0.10,1
28,3,0,136.257,3.257,3.750,0.973,0.993,0.0,0.0,46.828,4.227,8.667,0,46.828,1.700,0.300,0.450,0.660,0.840,1,1,1,1,126,,1362,visual,Data,TrackUpdate,0.10,1
28,3,0,136.323,3.323,3.734,0.994,0.999,0.0,0.0,46.828,4.281,8.721,0,46.828,1.700,0.300,0.450,0.662,0.838,1,1,1,1,126,,1363,visual,Data,TrackUpdate,0.10,1
28,3,0,136.457,3.457,3.537,0.996,0.999,0.0,0.0,46.828,4.306,8.749,0,46.828,1.700,0.300,0.450,0.663,0.836,1,1,1,1,126,,1364,visual,Data,TrackUpdate,0.10,1
28,3,0,136.523,3.523,3.421,0.992,0.998,0.0,0.0,46.828,4.325,8.782,0,46.828,1.700,0.300,0.450,0.663,0.834,1,1,1,1,126,,1365,visual,Data,TrackUpdate,0.10,1
28,3,0,136.657,3.657,3.134,0.992,0.999,0.0,0.0,46.828,4.387,8.859,0,46.828,1.700,0.300,0.450,0.665,0.831,1,1,1,1,126,,1366,visual,Data,TrackUpdate,0.10,1
28,3,0,136.723,3.723,3.204,0.989,0.998,0.0,0.0,46.828,4.385,8.852,0,46.828,1.700,0.300,0.450,0.665,0.831,1,1,1,1,126,,1367,visual,Data,TrackUpdate,0.10,1
28,3,0,136.856,3.856,3.188,0.929,0.990,0.0,0.0,45.842,4.446,8.888,0,45.842,1.700,0.300,0.450,0.667,0.829,1,1,1,1,126,,1368,visual,Data,TrackUpdate,0.10,1
28,3,0,136.923,3.923,3.192,0.909,0.988,0.0,0.0,45.842,4.499,8.928,0,45.842,1.700,0.300,0.450,0.668,0.828,1,1,1,1,126,,1369,visual,Data,TrackUpdate,0.10,1
28,3,0,137.123,4.123,3.249,0.768,0.979,0.0,0.0,45.842,4.667,9.010,0,45.842,1.700,0.300,0.450,0.673,0.823,1,1,1,1,126,,1371,visual,Data,TrackUpdate,0.10,2
30,4,5,137.123,0.125,15.777,0.942,0.972,0.0,0.0,223.362,3.267,11.454,0,223.362,1.500,5.000,2.000,0.606,0.720,1,1,1,1,126,,1371,visual,Data,TrackUpdate,0.10,2
28,3,0,137.257,4.257,3.181,0.885,0.991,0.0,0.0,45.842,4.840,9.157,0,45.842,1.700,0.300,0.450,0.679,0.817,1,1,1,1,126,,1372,visual,Data,TrackUpdate,0.10,2
30,4,5,137.257,0.259,15.873,0.963,0.982,0.0,0.0,221.777,2.836,10.981,0,221.777,1.500,5.000,2.000,0.593,0.736,1,1,1,1,126,,1372,visual,Data,TrackUpdate,0.10,2
28,3,0,137.323,4.323,3.432,0.880,0.992,0.0,0.0,46.552,4.953,9.322,0,46.552,1.700,0.300,0.450,0.681,0.809,1,1,1,1,126,,1373,visual,Data,TrackUpdate,0.10,2
30,4,5,137.323,0.325,16.010,0.975,0.988,0.0,0.0,221.777,2.599,10.714,0,221.777,1.500,5.000,2.000,0.585,0.746,1,1,1,1,126,,1373,visual,Data,TrackUpdate,0.10,2
28,3,0,137.456,4.456,3.174,0.800,0.989,0.0,0.0,46.552,4.932,9.360,0,46.552,1.700,0.300,0.450,0.680,0.807,1,1,1,1,126,,1374,visual,Data,TrackUpdate,0.10,2
30,4,5,137.456,0.458,16.147,0.966,0.985,0.0,0.0,223.408,2.153,10.200,0,223.408,1.500,5.000,2.000,0.570,0.766,1,1,1,1,126,,1374,visual,Data,TrackUpdate,0.10,2
28,3,0,137.525,4.525,3.240,0.800,0.990,0.0,0.0,46.552,4.969,9.402,0,46.552,1.700,0.300,0.450,0.681,0.806,127,127,1,1,127,,1375,visual,Data,TrackUpdate,0.10,2
30,4,5,137.525,0.527,16.194,0.985,0.993,0.0,0.0,222.955,1.898,9.963,0,222.955,1.500,5.000,2.000,0.561,0.775,1,1,1,1,126,,1375,visual,Data,TrackUpdate,0.10,2
28,3,0,137.56,4.056,3.237,0.661,0.964,0.0,0.0,45.842,4.613,8.987,0,45.842,1.700,0.300,0.450,0.672,0.824,1,1,1,1,126,,1370,visual,Data,TrackUpdate,0.10,2
30,4,5,137.56,0.058,15.866,0.874,0.938,0.0,0.0,222.271,3.462,11.639,0,222.271,1.500,5.000,2.000,0.611,0.714,1,1,1,1,126,,1370,visual,Data,TrackUpdate,0.10,2
28,3,0,137.657,4.657,3.497,0.657,0.988,0.0,0.0,46.552,5.064,9.533,0,46.552,1.700,0.300,0.450,0.683,0.799,127,127,1,1,127,,1376,visual,Data,TrackUpdate,0.10,2
30,4,5,137.657,0.659,16.177,0.984,0.993,0.0,0.0,222.017,1.400,9.579,0,222.017,1.500,5.000,2.000,0.543,0.790,1,1,1,1,126,,1376,visual,Data,TrackUpdate,0.10,2
28,3,0,137.723,4.723,3.449,0.657,0.990,0.0,0.0,46.552,5.105,9.581,0,46.552,1.700,0.300,0.450,0.684,0.798,127,127,1,1,127,,1377,visual,Data,TrackUpdate,0.10,2
30,4,5,137.723,0.725,16.153,0.989,0.995,0.0,0.0,222.017,1.186,9.368,0,222.017,1.500,5.000,2.000,0.534,0.798,1,1,1,1,126,,1377,visual,Data,TrackUpdate,0.10,2
28,3,0,137.857,4.857,3.392,0.657,0.995,0.0,0.0,46.552,5.189,9.677,0,46.552,1.700,0.300,0.450,0.686,0.794,127,127,1,1,127,,1378,visual,Data,TrackUpdate,0.10,2
30,4,5,137.857,0.859,16.181,0.989,0.995,0.0,0.0,221.826,0.735,8.921,0,221.826,1.500,5.000,2.000,0.516,0.819,127,127,1,1,127,,1378,visual,Data,TrackUpdate,0.10,2
28,3,0,137.923,4.923,3.315,0.657,0.997,0.0,0.0,46.552,5.229,9.724,0,46.552,1.700,0.300,0.450,0.687,0.792,127,127,1,1,127,,1379,visual,Data,TrackUpdate,0.10,2
30,4,5,137.923,0.925,16.154,0.986,0.994,0.0,0.0,221.666,0.540,8.718,0,221.666,1.500,5.000,2.000,0.507,0.828,127,127,1,1,127,,1379,visual,Data,TrackUpdate,0.10,2
28,3,0,138.123,5.123,3.242,0.657,1.000,0.0,0.0,45.285,5.347,9.861,0,45.285,1.700,0.300,0.450,0.690,0.786,127,127,1,1,127,,1381,visual,Data,TrackUpdate,0.10,2
30,4,5,138.123,1.125,16.465,0.982,0.993,0.0,0.0,221.726,-0.192,7.906,0,221.726,1.500,5.000,2.000,0.472,0.867,127,127,1,1,127,,1381,visual,Data,TrackUpdate,0.10,2
28,3,0,138.256,5.256,3.270,0.657,1.000,0.0,0.0,45.285,5.427,9.950,0,45.285,1.700,0.300,0.450,0.691,0.781,127,127,1,1,127,,1382,visual,Data,TrackUpdate,0.10,2
30,4,5,138.256,1.258,16.449,0.986,0.995,0.0,0.0,220.959,-0.819,7.260,0,220.959,1.500,5.000,2.000,0.440,0.900,127,127,1,1,127,,1382,visual,Data,TrackUpdate,0.10,2
28,3,0,138.323,5.323,3.291,0.657,1.000,0.0,0.0,45.285,5.468,9.995,0,45.285,1.700,0.300,0.450,0.692,0.780,127,127,1,1,127,,1383,visual,Data,TrackUpdate,0.10,2
30,4,5,138.323,1.325,16.973,0.874,0.954,0.0,0.0,221.066,-1.066,6.979,0,221.066,1.500,5.000,2.000,0.426,0.915,127,127,1,1,127,,1383,visual,Data,TrackUpdate,0.10,2
28,3,0,138.457,5.457,3.266,0.657,1.000,0.0,0.0,45.285,5.550,10.085,0,45.285,1.700,0.300,0.450,0.694,0.777,127,127,1,1,127,,1384,visual,Data,TrackUpdate,0.10,2
30,4,5,138.457,1.459,17.538,0.968,0.989,0.0,0.0,221.528,-1.523,6.442,0,221.528,1.500,5.000,2.000,0.398,0.944,127,127,1,1,127,,1384,visual,Data,TrackUpdate,0.10,2
28,3,0,138.523,5.523,3.316,0.657,1.000,0.0,0.0,45.285,5.590,10.129,0,45.285,1.700,0.300,0.450,0.695,0.775,127,127,1,1,127,,1385,visual,Data,TrackUpdate,0.10,2
30,4,5,138.523,1.525,17.584,0.968,0.989,0.0,0.0,221.528,-1.763,6.176,0,221.528,1.500,5.000,2.000,0.384,0.959,127,127,1,1,127,,1385,visual,Data,TrackUpdate,0.10,2
28,3,0,138.56,5.056,3.217,0.657,1.000,0.0,0.0,45.285,5.307,9.816,0,45.285,1.700,0.300,0.450,0.689,0.788,127,127,1,1,127,,1380,visual,Data,TrackUpdate,0.10,2
30,4,5,138.56,1.058,16.379,0.985,0.994,0.0,0.0,221.726,0.049,8.172,0,221.726,1.500,5.000,2.000,0.484,0.854,127,127,1,1,127,,1380,visual,Data,TrackUpdate,0.10,2
30,4,5,138.657,1.659,18.211,0.968,0.989,0.0,0.0,221.567,-2.253,5.629,0,221.567,1.500,5.000,2.000,0.353,0.990,127,127,1,1,127,,1386,visual,Data,TrackUpdate,0.10,1
30,4,5,138.723,1.725,17.499,0.968,0.990,0.0,0.0,221.414,-2.503,5.362,0,221.414,1.500,5.000,2.000,0.336,1.005,127,127,1,1,127,,1387,visual,Data,TrackUpdate,0.10,1
30,4,5,138.857,1.859,18.044,0.968,0.990,0.0,0.0,221.453,-2.993,4.813,0,221.453,1.500,5.000,2.000,0.303,1.034,127,127,1,1,127,,1388,visual,Data,TrackUpdate,0.10,1
30,4,5,138.923,1.925,18.254,0.968,0.990,0.0,0.0,221.453,-3.237,4.542,0,221.453,1.500,5.000,2.000,0.286,1.048,127,127,1,1,127,,1389,visual,Data,TrackUpdate,0.10,1
42,5,5,181.657,0.000,3.738,0.917,0.940,0.0,0.0,43.223,3.496,10.555,0,43.223,1.500,5.000,2.000,0.619,0.755,1,1,1,1,126,,1816,visual,Data,TrackUpdate,0.10,1
42,5,5,181.723,0.066,3.720,0.303,0.504,0.0,0.0,43.223,3.537,10.601,0,43.223,1.500,5.000,2.000,0.620,0.753,1,1,1,1,126,,1817,visual,Data,TrackUpdate,0.10,1
42,5,5,181.856,0.199,3.685,0.874,0.914,0.0,0.0,43.223,3.632,10.675,0,43.223,1.500,5.000,2.000,0.623,0.750,1,1,1,1,126,,1818,visual,Data,TrackUpdate,0.10,1
42,5,5,181.923,0.266,3.661,0.956,0.971,0.0,0.0,43.223,3.709,10.681,0,43.223,1.500,5.000,2.000,0.626,0.751,1,1,1,1,126,,1819,visual,Data,TrackUpdate,0.10,1
42,5,5,182.123,0.466,3.798,0.967,0.980,0.0,0.0,44.004,3.991,10.878,0,44.004,1.500,5.000,2.000,0.634,0.744,1,1,1,1,126,,1821,visual,Data,TrackUpdate,0.10,1
42,5,5,182.257,0.600,4.210,0.960,0.977,0.0,0.0,44.004,4.192,11.067,0,44.004,1.500,5.000,2.000,0.640,0.737,1,1,1,1,126,,1822,visual,Data,TrackUpdate,0.10,1
42,5,5,182.323,0.666,4.243,0.935,0.964,0.0,0.0,44.004,4.302,11.135,0,44.004,1.500,5.000,2.000,0.643,0.734,1,1,1,1,126,,1823,visual,Data,TrackUpdate,0.10,1
42,5,5,182.457,0.800,4.501,0.806,0.900,0.0,0.0,47.458,4.573,11.246,0,47.458,1.500,5.000,2.000,0.651,0.731,1,1,1,1,126,,1824,visual,Data,TrackUpdate,0.10,1
42,5,5,182.523,0.866,4.600,0.761,0.882,0.0,0.0,47.458,4.655,11.343,0,47.458,1.500,5.000,2.000,0.653,0.727,1,1,1,1,126,,1825,visual,Data,TrackUpdate,0.10,1
42,5,5,182.57,0.400,3.706,0.970,0.981,0.0,0.0,43.223,3.892,10.818,0,43.223,1.500,5.000,2.000,0.631,0.745,1,1,1,1,126,,1820,visual,Data,TrackUpdate,0.10,1
42,5,5,182.657,1.000,4.817,0.681,0.856,0.0,0.0,47.055,4.854,11.552,0,47.055,1.500,5.000,2.000,0.658,0.720,1,1,1,1,126,,1826,visual,Data,TrackUpdate,0.10,1
42,5,5,182.723,1.066,5.002,0.739,0.889,0.0,0.0,47.055,5.040,11.645,0,47.055,1.500,5.000,2.000,0.663,0.717,1,1,1,1,126,,1827,visual,Data,TrackUpdate,0.10,1
42,5,5,182.857,1.200,5.298,0.552,0.828,0.0,0.0,47.055,5.263,11.846,0,47.055,1.500,5.000,2.000,0.669,0.710,1,1,1,1,126,,1828,visual,Data,TrackUpdate,0.10,1
42,5,5,182.923,1.266,5.704,0.813,0.930,0.0,0.0,46.509,5.447,11.986,0,46.509,1.500,5.000,2.000,0.673,0.706,1,1,1,1,126,,1829,visual,Data,TrackUpdate,0.10,1
42,5,5,183.123,1.466,6.227,0.925,0.973,0.0,0.0,46.509,5.834,12.278,0,46.509,1.500,5.000,2.000,0.682,0.697,1,1,1,1,126,,1831,visual,Data,TrackUpdate,0.10,1
42,5,5,183.257,1.600,6.456,0.879,0.959,0.0,0.0,46.811,6.036,12.470,0,46.811,1.500,5.000,2.000,0.686,0.692,1,1,1,1,126,,1832,visual,Data,TrackUpdate,0.10,1
42,5,5,183.323,1.666,6.577,0.903,0.968,0.0,0.0,46.811,6.152,12.552,0,46.811,1.500,5.000,2.000,0.689,0.689,1,1,1,1,126,,1833,visual,Data,TrackUpdate,0.10,1
42,5,5,183.457,1.800,6.699,0.689,0.900,0.0,0.0,48.134,6.403,12.689,0,48.134,1.500,5.000,2.000,0.695,0.685,1,1,1,1,126,,1834,visual,Data,TrackUpdate,0.10,1
42,5,5,183.523,1.866,6.585,0.775,0.929,0.0,0.0,48.134,6.472,12.745,0,48.134,1.500,5.000,2.000,0.696,0.684,1,1,1,1,126,,1835,visual,Data,TrackUpdate,0.10,1
42,5,5,183.59,1.402,5.866,0.897,0.963,0.0,0.0,46.509,5.702,12.167,0,46.509,1.500,5.000,2.000,0.680,0.701,1,1,1,1,126,,1830,visual,Data,TrackUpdate,0.10,1
42,5,5,183.656,1.999,6.564,0.435,0.830,0.0,0.0,48.134,6.637,12.873,0,48.134,1.500,5.000,2.000,0.700,0.681,1,1,1,1,126,,1836,visual,Data,TrackUpdate,0.10,1
42,5,5,183.723,2.066,6.615,0.819,0.947,0.0,0.0,48.134,6.755,12.949,0,48.134,1.500,5.000,2.000,0.703,0.679,1,1,1,1,126,,1837,visual,Data,TrackUpdate,0.10,1
42,5,5,183.856,2.199,6.646,0.648,0.901,0.0,0.0,48.682,6.961,13.077,0,48.682,1.500,5.000,2.000,0.707,0.675,127,127,1,1,127,,1838,visual,Data,TrackUpdate,0.10,1
42,5,5,183.923,2.266,6.654,0.648,0.904,0.0,0.0,48.682,7.056,13.159,0,48.682,1.500,5.000,2.000,0.709,0.673,127,127,1,1,127,,1839,visual,Data,TrackUpdate,0.10,1
42,5,5,184.123,2.466,6.880,0.564,0.890,0.0,0.0,48.882,7.342,13.378,0,48.882,1.500,5.000,2.000,0.715,0.667,127,127,1,1,127,,1841,visual,Data,TrackUpdate,0.10,1
42,5,5,184.257,2.600,7.090,0.357,0.846,0.0,0.0,48.882,7.546,13.545,0,48.882,1.500,5.000,2.000,0.718,0.662,1,1,1,1,126,,1842,visual,Data,TrackUpdate,0.10,1
42,5,5,184.323,2.666,7.155,0.357,0.850,0.0,0.0,48.882,7.641,13.625,0,48.882,1.500,5.000,2.000,0.720,0.660,127,127,1,1,127,,1843,visual,Data,TrackUpdate,0.10,1
42,5,5,184.457,2.800,7.173,0.357,0.859,0.0,0.0,48.943,7.834,13.785,0,48.943,1.500,5.000,2.000,0.723,0.656,127,127,1,1,127,,1844,visual,Data,TrackUpdate,0.10,1
42,5,5,184.523,2.866,7.179,0.357,0.863,0.0,0.0,48.943,7.928,13.865,0,48.943,1.500,5.000,2.000,0.725,0.655,127,127,1,1,127,,1845,visual,Data,TrackUpdate,0.10,1
42,5,5,184.56,2.399,6.784,0.564,0.887,0.0,0.0,48.682,7.242,13.305,0,48.682,1.500,5.000,2.000,0.712,0.669,127,127,1,1,127,,1840,visual,Data,TrackUpdate,0.10,1
42,5,5,184.657,3.000,7.153,0.357,0.871,0.0,0.0,48.943,8.120,14.027,0,48.943,1.500,5.000,2.000,0.728,0.651,127,127,1,1,127,,1846,visual,Data,TrackUpdate,0.10,1
42,5,5,184.723,3.066,7.134,0.357,0.876,0.0,0.0,49.086,8.218,14.103,0,49.086,1.500,5.000,2.000,0.730,0.649,127,127,1,1,127,,1847,visual,Data,TrackUpdate,0.10,1
43,6,0,186.656,0.066,2.496,0.990,0.992,0.0,0.0,262.124,4.176,13.583,0,262.124,1.700,0.300,0.450,0.623,0.654,1,1,1,1,126,,1866,visual,Data,TrackUpdate,0.10,1
43,6,0,186.723,0.133,2.685,0.977,0.983,0.0,0.0,262.124,4.080,13.454,0,262.124,1.700,0.300,0.450,0.621,0.656,1,1,1,1,126,,1867,visual,Data,TrackUpdate,0.10,1
43,6,0,186.857,0.267,2.553,0.988,0.991,0.0,0.0,262.124,4.012,13.537,0,262.124,1.700,0.300,0.450,0.619,0.654,1,1,1,1,126,,1868,visual,Data,TrackUpdate,0.10,1
43,6,0,186.923,0.333,2.554,0.991,0.994,0.0,0.0,262.124,4.013,13.435,0,262.124,1.700,0.300,0.450,0.619,0.657,1,1,1,1,126,,1869,visual,Data,TrackUpdate,0.10,1
43,6,0,187.0,0.410,2.535,0.996,0.997,0.0,0.0,262.124,4.004,13.364,0,262.124,1.700,0.300,0.450,0.619,0.659,1,1,1,1,126,,1870,visual,Data,TrackUpdate,0.10,1
43,6,0,187.123,0.533,2.501,0.998,0.999,0.0,0.0,262.124,3.964,13.317,0,262.124,1.700,0.300,0.450,0.618,0.660,1,1,1,1,126,,1871,visual,Data,TrackUpdate,0.10,1
43,6,0,187.257,0.667,2.787,0.999,0.999,0.0,0.0,262.124,3.881,13.319,0,262.124,1.700,0.300,0.450,0.616,0.660,1,1,1,1,126,,1872,visual,Data,TrackUpdate,0.10,1
43,6,0,187.323,0.733,3.016,0.999,0.999,0.0,0.0,216.795,3.786,13.229,0,216.795,1.700,0.300,0.450,0.613,0.662,1,1,1,1,126,,1873,visual,Data,TrackUpdate,0.10,1
43,6,0,187.456,0.866,4.300,0.987,0.993,0.0,0.0,216.795,3.523,12.911,0,216.795,1.700,0.300,0.450,0.607,0.671,1,1,1,1,126,,1874,visual,Data,TrackUpdate,0.10,1
43,6,0,187.523,0.933,4.349,0.988,0.994,0.0,0.0,216.795,3.467,12.848,0,216.795,1.700,0.300,0.450,0.605,0.673,1,1,1,1,126,,1875,visual,Data,TrackUpdate,0.10,1
43,6,0,187.657,1.067,3.957,0.996,0.998,0.0,0.0,219.496,3.443,12.842,0,219.496,1.700,0.300,0.450,0.605,0.673,1,1,1,1,126,,1876,visual,Data,TrackUpdate,0.10,1
43,6,0,187.723,1.133,3.910,0.998,0.999,0.0,0.0,219.496,3.439,12.835,0,219.496,1.700,0.300,0.450,0.604,0.673,1,1,1,1,126,,1877,visual,Data,TrackUpdate,0.10,1
43,6,0,187.857,1.267,4.321,0.999,1.000,0.0,0.0,219.496,3.245,12.641,0,219.496,1.700,0.300,0.450,0.599,0.679,1,1,1,1,126,,1878,visual,Data,TrackUpdate,0.10,1
43,6,0,187.923,1.333,4.161,0.999,1.000,0.0,0.0,219.496,3.258,12.628,0,219.496,1.700,0.300,0.450,0.599,0.680,1,1,1,1,126,,1879,visual,Data,TrackUpdate,0.10,1
43,6,0,188.0,1.410,4.065,0.998,0.999,0.0,0.0,219.496,3.231,12.598,0,219.496,1.700,0.300,0.450,0.598,0.681,1,1,1,1,126,,1880,visual,Data,TrackUpdate,0.10,1
43,6,0,188.123,1.533,3.948,0.998,0.999,0.0,0.0,219.496,3.205,12.565,0,219.496,1.700,0.300,0.450,0.598,0.681,1,1,1,1,126,,1881,visual,Data,TrackUpdate,0.10,1
43,6,0,188.257,1.667,4.596,0.998,0.999,0.0,0.0,220.294,2.992,12.238,0,220.294,1.700,0.300,0.450,0.593,0.692,1,1,1,1,126,,1882,visual,Data,TrackUpdate,0.10,1
43,6,0,188.323,1.733,4.556,0.998,0.999,0.0,0.0,220.294,2.985,12.193,0,220.294,1.700,0.300,0.450,0.592,0.693,1,1,1,1,126,,1883,visual,Data,TrackUpdate,0.10,1
43,6,0,188.457,1.867,4.313,0.995,0.998,0.0,0.0,220.294,2.953,12.187,0,220.294,1.700,0.300,0.450,0.592,0.694,1,1,1,1,126,,1884,visual,Data,TrackUpdate,0.10,1
43,6,0,188.523,1.933,3.966,0.987,0.996,0.0,0.0,220.294,2.845,12.061,0,220.294,1.700,0.300,0.450,0.589,0.696,1,1,1,1,126,,1885,visual,Data,TrackUpdate,0.10,1
43,6,0,188.657,2.067,3.916,0.949,0.985,0.0,0.0,220.294,2.759,11.959,0,220.294,1.700,0.300,0.450,0.586,0.700,1,1,1,1,126,,1886,visual,Data,TrackUpdate,0.10,1
43,6,0,188.723,2.133,4.027,0.927,0.979,0.0,0.0,220.294,2.687,11.959,0,220.294,1.700,0.300,0.450,0.583,0.700,1,1,1,1,126,,1887,visual,Data,TrackUpdate,0.10,1
43,6,0,188.857,2.267,4.013,0.964,0.990,0.0,0.0,221.528,2.578,11.912,0,221.528,1.700,0.300,0.450,0.580,0.701,1,1,1,1,126,,1888,visual,Data,TrackUpdate,0.10,1
43,6,0,188.923,2.333,4.191,0.994,0.998,0.0,0.0,221.528,2.496,11.828,0,221.528,1.700,0.300,0.450,0.578,0.704,1,1,1,1,126,,1889,visual,Data,TrackUpdate,0.10,1
43,6,0,189.123,2.533,4.335,0.995,0.999,0.0,0.0,221.528,2.390,11.668,0,221.528,1.700,0.300,0.450,0.574,0.708,1,1,1,1,126,,1891,visual,Data,TrackUpdate,0.10,1
43,6,0,189.257,2.667,4.539,0.992,0.998,0.0,0.0,220.700,2.245,11.358,0,220.700,1.700,0.300,0.450,0.570,0.719,1,1,1,1,126,,1892,visual,Data,TrackUpdate,0.10,1
43,6,0,189.323,2.733,4.422,0.972,0.994,0.0,0.0,220.700,2.173,11.156,0,220.700,1.700,0.300,0.450,0.569,0.727,1,1,1,1,126,,1893,visual,Data,TrackUpdate,0.10,1
43,6,0,189.400,2.810,4.033,0.992,0.998,0.0,0.0,220.700,2.191,11.211,0,220.700,1.700,0.300,0.450,0.569,0.725,1,1,1,1,126,,1894,visual,Data,TrackUpdate,0.10,1
43,6,0,189.523,2.933,4.054,0.997,0.999,0.0,0.0,220.700,2.121,11.120,0,220.700,1.700,0.300,0.450,0.567,0.728,1,1,1,1,126,,1895,visual,Data,TrackUpdate,0.10,1
43,6,0,189.57,2.467,4.320,0.997,0.999,0.0,0.0,221.528,2.444,11.741,0,221.528,1.700,0.300,0.450,0.576,0.706,1,1,1,1,126,,1890,visual,Data,TrackUpdate,0.10,1
43,6,0,189.657,3.067,4.164,0.990,0.998,0.0,0.0,220.700,2.064,11.088,0,220.700,1.700,0.300,0.450,0.565,0.729,1,1,1,1,126,,1896,visual,Data,TrackUpdate,0.10,1
43,6,0,189.723,3.133,4.137,0.973,0.995,0.0,0.0,220.700,2.032,11.061,0,220.700,1.700,0.300,0.450,0.564,0.730,1,1,1,1,126,,1897,visual,Data,TrackUpdate,0.10,1
43,6,0,189.857,3.267,3.754,0.988,0.998,0.0,0.0,220.700,1.937,11.026,0,220.700,1.700,0.300,0.450,0.560,0.731,1,1,1,1,126,,1898,visual,Data,TrackUpdate,0.10,1
43,6,0,189.923,3.333,3.897,0.995,0.999,0.0,0.0,220.307,1.880,10.978,0,220.307,1.700,0.300,0.450,0.558,0.732,1,1,1,1,126,,1899,visual,Data,TrackUpdate,0.10,1
43,6,0,190.0,3.410,3.950,0.994,0.999,0.0,0.0,220.307,1.822,10.942,0,220.307,1.700,0.300,0.450,0.556,0.733,1,1,1,1,126,,1900,visual,Data,TrackUpdate,0.10,1
43,6,0,190.123,3.533,3.899,0.990,0.999,0.0,0.0,220.307,1.772,10.950,0,220.307,1.700,0.300,0.450,0.555,0.733,1,1,1,1,126,,1901,visual,Data,TrackUpdate,0.10,1
43,6,0,190.257,3.667,3.673,0.994,0.999,0.0,0.0,220.307,1.575,10.797,0,220.307,1.700,0.300,0.450,0.547,0.738,1,1,1,1,126,,1902,visual,Data,TrackUpdate,0.10,1
43,6,0,190.323,3.733,3.839,0.996,0.999,0.0,0.0,220.307,1.486,10.694,0,220.307,1.700,0.300,0.450,0.544,0.743,1,1,1,1,126,,1903,visual,Data,TrackUpdate,0.10,1
43,6,0,190.457,3.867,4.175,0.985,0.998,0.0,0.0,221.189,1.354,10.533,0,221.189,1.700,0.300,0.450,0.539,0.748,1,1,1,1,126,,1904,visual,Data,TrackUpdate,0.10,1
43,6,0,190.523,3.933,4.074,0.973,0.997,0.0,0.0,221.189,1.309,10.409,0,221.189,1.700,0.300,0.450,0.538,0.753,1,1,1,1,126,,1905,visual,Data,TrackUpdate,0.10,1
43,6,0,190.657,4.067,3.908,0.850,0.986,0.0,0.0,221.189,1.267,10.397,0,221.189,1.700,0.300,0.450,0.536,0.753,1,1,1,1,126,,1906,visual,Data,TrackUpdate,0.10,1
43,6,0,190.723,4.133,4.033,0.970,0.997,0.0,0.0,221.189,1.181,10.311,0,221.189,1.700,0.300,0.450,0.533,0.756,1,1,1,1,126,,1907,visual,Data,TrackUpdate,0.10,1
43,6,0,190.857,4.267,3.970,0.996,1.000,0.0,0.0,220.904,1.121,10.261,0,220.904,1.700,0.300,0.450,0.531,0.758,1,1,1,1,126,,1908,visual,Data,TrackUpdate,0.10,1
43,6,0,190.923,4.333,3.815,0.992,0.999,0.0,0.0,220.904,1.087,10.251,0,220.904,1.700,0.300,0.450,0.530,0.758,1,1,1,1,126,,1909,visual,Data,TrackUpdate,0.10,1
43,6,0,191.123,4.533,3.836,0.997,1.000,0.0,0.0,220.904,0.907,10.169,0,220.904,1.700,0.300,0.450,0.522,0.761,1,1,1,1,126,,1911,visual,Data,TrackUpdate,0.10,1
43,6,0,191.257,4.667,3.514,0.997,1.000,0.0,0.0,220.904,0.783,10.081,0,220.904,1.700,0.300,0.450,0.517,0.765,1,1,1,1,126,,1912,visual,Data,TrackUpdate,0.10,1
43,6,0,191.323,4.733,3.412,0.995,1.000,0.0,0.0,221.851,0.690,9.993,0,221.851,1.700,0.300,0.450,0.514,0.768,1,1,1,1,126,,1913,visual,Data,TrackUpdate,0.10,1
43,6,0,191.457,4.867,3.659,0.995,1.000,0.0,0.0,221.851,0.641,9.891,0,221.851,1.700,0.300,0.450,0.512,0.772,1,1,1,1,126,,1914,visual,Data,TrackUpdate,0.10,1
43,6,0,191.523,4.933,3.567,0.992,1.000,0.0,0.0,221.851,0.630,9.888,0,221.851,1.700,0.300,0.450,0.511,0.772,1,1,1,1,126,,1915,visual,Data,TrackUpdate,0.10,1
43,6,0,191.57,4.467,3.942,0.996,1.000,0.0,0.0,220.904,0.945,10.161,0,220.904,1.700,0.300,0.450,0.524,0.762,1,1,1,1,126,,1910,visual,Data,TrackUpdate,0.10,1
43,6,0,191.657,5.067,3.730,0.995,1.000,0.0,0.0,221.851,0.451,9.723,0,221.851,1.700,0.300,0.450,0.504,0.779,1,1,1,1,126,,1916,visual,Data,TrackUpdate,0.10,1
43,6,0,191.723,5.133,3.903,0.993,1.000,0.0,0.0,221.851,0.408,9.620,0,221.851,1.700,0.300,0.450,0.502,0.783,1,1,1,1,126,,1917,visual,Data,TrackUpdate,0.10,1
43,6,0,191.857,5.267,3.808,0.997,1.000,0.0,0.0,221.285,0.362,9.577,0,221.285,1.700,0.300,0.450,0.500,0.785,1,1,1,1,126,,1918,visual,Data,TrackUpdate,0.10,1
43,6,0,191.923,5.333,3.983,0.995,1.000,0.0,0.0,221.285,0.286,9.478,0,221.285,1.700,0.300,0.450,0.497,0.789,1,1,1,1,126,,1919,visual,Data,TrackUpdate,0.10,1
43,6,0,192.123,5.533,3.910,0.997,1.000,0.0,0.0,221.285,0.178,9.345,0,221.285,1.700,0.300,0.450,0.493,0.794,1,1,1,1,126,,1921,visual,Data,TrackUpdate,0.10,1
43,6,0,192.257,5.667,3.986,0.993,1.000,0.0,0.0,221.285,0.077,9.268,0,221.285,1.700,0.300,0.450,0.488,0.797,1,1,1,1,126,,1922,visual,Data,TrackUpdate,0.10,1
43,6,0,192.323,5.733,4.095,0.992,1.000,0.0,0.0,221.544,-0.053,9.143,0,221.544,1.700,0.300,0.450,0.482,0.803,1,1,1,1,126,,1923,visual,Data,TrackUpdate,0.10,1
43,6,0,192.457,5.867,4.004,0.983,1.000,0.0,0.0,221.544,-0.150,9.032,0,221.544,1.700,0.300,0.450,0.478,0.807,1,1,1,1,126,,1924,visual,Data,TrackUpdate,0.10,1
43,6,0,192.523,5.933,3.720,0.976,1.000,0.0,0.0,221.544,-0.147,9.038,0,221.544,1.700,0.300,0.450,0.478,0.807,1,1,1,1,126,,1925,visual,Data,TrackUpdate,0.10,1
43,6,0,192.57,5.467,4.038,0.997,1.000,0.0,0.0,221.285,0.197,9.325,0,221.285,1.700,0.300,0.450,0.493,0.796,1,1,1,1,126,,1920,visual,Data,TrackUpdate,0.10,1
43,6,0,192.657,6.067,3.652,0.991,1.000,0.0,0.0,221.544,-0.214,8.962,0,221.544,1.700,0.300,0.450,0.475,0.811,1,1,1,1,126,,1926,visual,Data,TrackUpdate,0.10,1
43,6,0,192.723,6.133,3.750,0.995,1.000,0.0,0.0,221.544,-0.261,8.912,0,221.544,1.700,0.300,0.450,0.472,0.813,1,1,1,1,126,,1927,visual,Data,TrackUpdate,0.10,1
43,6,0,192.857,6.267,3.752,0.996,1.000,0.0,0.0,221.544,-0.381,8.807,0,221.544,1.700,0.300,0.450,0.467,0.818,1,1,1,1,126,,1928,visual,Data,TrackUpdate,0.10,1
43,6,0,192.923,6.333,3.861,0.996,1.000,0.0,0.0,221.774,-0.448,8.724,0,221.774,1.700,0.300,0.450,0.464,0.821,1,1,1,1,126,,1929,visual,Data,TrackUpdate,0.10,1
43,6,0,193.124,6.534,4.081,0.993,1.000,0.0,0.0,221.774,-0.563,8.387,0,221.774,1.700,0.300,0.450,0.457,0.838,1,1,1,1,126,,1931,visual,Data,TrackUpdate,0.10,1
43,6,0,193.257,6.667,4.143,0.996,1.000,0.0,0.0,220.460,-0.619,8.233,0,220.460,1.700,0.300,0.450,0.454,0.846,1,1,1,1,126,,1932,visual,Data,TrackUpdate,0.10,1
43,6,0,193.323,6.733,4.162,0.997,1.000,0.0,0.0,220.460,-0.658,8.192,0,220.460,1.700,0.300,0.450,0.453,0.847,1,1,1,1,126,,1933,visual,Data,TrackUpdate,0.10,1
43,6,0,193.457,6.867,4.058,0.994,1.000,0.0,0.0,220.460,-0.744,8.134,0,220.460,1.700,0.300,0.450,0.448,0.850,1,1,1,1,126,,1934,visual,Data,TrackUpdate,0.10,1
43,6,0,193.523,6.933,4.007,0.990,1.000,0.0,0.0,220.460,-0.781,8.110,0,220.460,1.700,0.300,0.450,0.446,0.851,1,1,1,1,126,,1935,visual,Data,TrackUpdate,0.10,1
43,6,0,193.56,6.466,4.146,0.993,1.000,0.0,0.0,221.774,-0.549,8.459,0,221.774,1.700,0.300,0.450,0.458,0.834,1,1,1,1,126,,1930,visual,Data,TrackUpdate,0.10,1
43,6,0,193.657,7.067,4.080,0.988,1.000,0.0,0.0,220.460,-0.902,8.052,0,220.460,1.700,0.300,0.450,0.441,0.854,1,1,1,1,126,,1936,visual,Data,TrackUpdate,0.10,1
43,6,0,193.723,7.133,3.920,0.992,1.000,0.0,0.0,220.460,-0.980,8.022,0,220.460,1.700,0.300,0.450,0.437,0.854,1,1,1,1,126,,1937,visual,Data,TrackUpdate,0.10,1
43,6,0,193.857,7.267,3.866,0.986,1.000,0.0,0.0,221.561,-1.100,7.931,0,221.561,1.700,0.300,0.450,0.431,0.858,1,1,1,1,126,,1938,visual,Data,TrackUpdate,0.10,1
43,6,0,193.923,7.333,3.878,0.991,1.000,0.0,0.0,221.561,-1.193,7.897,0,221.561,1.700,0.300,0.450,0.426,0.859,1,1,1,1,126,,1939,visual,Data,TrackUpdate,0.10,1
43,6,0,194.0,7.410,3.982,0.996,1.000,0.0,0.0,221.561,-1.234,7.864,0,221.561,1.700,0.300,0.450,0.424,0.860,1,1,1,1,126,,1940,visual,Data,TrackUpdate,0.10,1
43,6,0,194.123,7.533,4.044,0.752,1.000,0.0,0.0,221.561,-1.325,7.644,0,221.561,1.700,0.300,0.450,0.419,0.872,1,1,1,1,126,,1941,visual,Data,TrackUpdate,0.10,1
43,6,0,194.257,7.667,4.249,0.899,1.000,0.0,0.0,219.749,-1.357,7.404,0,219.749,1.700,0.300,0.450,0.415,0.886,1,1,1,1,126,,1942,visual,Data,TrackUpdate,0.10,1
43,6,0,194.323,7.733,4.099,0.835,1.000,0.0,0.0,219.749,-1.389,7.398,0,219.749,1.700,0.300,0.450,0.414,0.886,1,1,1,1,126,,1943,visual,Data,TrackUpdate,0.10,1
43,6,0,194.457,7.867,3.962,0.989,1.000,0.0,0.0,219.749,-1.455,7.306,0,219.749,1.700,0.300,0.450,0.409,0.891,1,1,1,1,126,,1944,visual,Data,TrackUpdate,0.10,1
43,6,0,194.523,7.933,3.894,0.996,1.000,0.0,0.0,219.749,-1.503,7.275,0,219.749,1.700,0.300,0.450,0.407,0.893,1,1,1,1,126,,1945,visual,Data,TrackUpdate,0.10,1
43,6,0,194.657,8.067,4.079,0.993,1.000,0.0,0.0,219.749,-1.648,7.214,0,219.749,1.700,0.300,0.450,0.399,0.894,1,1,1,1,126,,1946,visual,Data,TrackUpdate,0.10,1
43,6,0,194.723,8.133,3.957,0.996,1.000,0.0,0.0,219.749,-1.701,7.228,0,219.749,1.700,0.300,0.450,0.397,0.893,1,1,1,1,126,,1947,visual,Data,TrackUpdate,0.10,1
43,6,0,194.857,8.267,4.137,0.999,1.000,0.0,0.0,220.698,-1.846,7.119,0,220.698,1.700,0.300,0.450,0.390,0.898,1,1,1,1,126,,1948,visual,Data,TrackUpdate,0.10,1
43,6,0,194.923,8.333,4.017,0.998,1.000,0.0,0.0,220.698,-1.885,7.097,0,220.698,1.700,0.300,0.450,0.387,0.899,1,1,1,1,126,,1949,visual,Data,TrackUpdate,0.10,1
43,6,0,195.123,8.533,3.891,0.963,1.000,0.0,0.0,220.698,-2.085,6.930,0,220.698,1.700,0.300,0.450,0.376,0.907,1,1,1,1,126,,1951,visual,Data,TrackUpdate,0.10,1
43,6,0,195.257,8.667,3.848,0.982,1.000,0.0,0.0,223.982,-2.183,6.893,0,223.982,1.700,0.300,0.450,0.371,0.908,1,1,1,1,126,,1952,visual,Data,TrackUpdate,0.10,1
43,6,0,195.323,8.733,4.001,0.980,1.000,0.0,0.0,223.982,-2.292,6.778,0,223.982,1.700,0.300,0.450,0.365,0.914,1,1,1,1,126,,1953,visual,Data,TrackUpdate,0.10,1
43,6,0,195.457,8.867,3.989,0.993,1.000,0.0,0.0,223.982,-2.322,6.630,0,223.982,1.700,0.300,0.450,0.361,0.922,1,1,1,1,126,,1954,visual,Data,TrackUpdate,0.10,1
43,6,0,195.523,8.933,4.075,0.993,1.000,0.0,0.0,223.982,-2.364,6.534,0,223.982,1.700,0.300,0.450,0.358,0.928,1,1,1,1,126,,1955,visual,Data,TrackUpdate,0.10,1
43,6,0,195.56,8.466,4.024,0.991,1.000,0.0,0.0,220.698,-2.005,7.013,0,220.698,1.700,0.300,0.450,0.381,0.903,1,1,1,1,126,,1950,visual,Data,TrackUpdate,0.10,1
43,6,0,195.660,9.070,3.987,0.970,1.000,0.0,0.0,223.982,-2.393,6.484,0,223.982,1.700,0.300,0.450,0.356,0.931,1,1,1,1,126,,1956,visual,Data,TrackUpdate,0.10,1
43,6,0,195.723,9.133,4.151,0.986,1.000,0.0,0.0,223.149,-2.464,6.378,0,223.149,1.700,0.300,0.450,0.352,0.937,1,1,1,1,126,,1957,visual,Data,TrackUpdate,0.10,1
43,6,0,195.857,9.267,4.089,0.985,1.000,0.0,0.0,223.149,-2.579,6.309,0,223.149,1.700,0.300,0.450,0.345,0.939,1,1,1,1,126,,1958,visual,Data,TrackUpdate,0.10,1
43,6,0,195.923,9.333,4.100,0.985,1.000,0.0,0.0,223.149,-2.647,6.268,0,223.149,1.700,0.300,0.450,0.341,0.941,1,1,1,1,126,,1959,visual,Data,TrackUpdate,0.10,1
43,6,0,196.0,9.410,4.122,0.975,1.000,0.0,0.0,223.149,-2.736,6.213,0,223.149,1.700,0.300,0.450,0.336,0.943,1,1,1,1,126,,1960,visual,Data,TrackUpdate,0.10,1
43,6,0,196.123,9.533,4.106,0.880,1.000,0.0,0.0,223.149,-2.814,6.134,0,223.149,1.700,0.300,0.450,0.331,0.946,127,127,1,1,127,,1961,visual,Data,TrackUpdate,0.10,1
45,7,0,196.657,0.067,4.377,0.993,0.993,0.0,0.0,211.289,-3.030,5.471,0,211.289,1.700,0.300,0.450,0.311,0.987,127,127,1,1,127,,1966,visual,Data,TrackUpdate,0.10,1
45,7,0,196.723,0.133,4.510,0.991,0.992,0.0,0.0,211.289,-3.133,5.428,0,211.289,1.700,0.300,0.450,0.305,0.988,127,127,1,1,127,,1967,visual,Data,TrackUpdate,0.10,1
45,7,0,196.857,0.267,3.888,0.971,0.974,0.0,0.0,211.289,-3.217,5.419,0,211.289,1.700,0.300,0.450,0.301,0.987,127,127,1,1,127,,1968,visual,Data,TrackUpdate,0.10,1
45,7,0,196.923,0.333,3.795,0.966,0.970,0.0,0.0,211.289,-3.254,5.379,0,211.289,1.700,0.300,0.450,0.298,0.990,127,127,1,1,127,,1969,visual,Data,TrackUpdate,0.10,1
45,7,0,197.123,0.533,4.039,0.985,0.988,0.0,0.0,211.289,-3.522,5.278,0,211.289,1.700,0.300,0.450,0.283,0.991,127,127,1,1,127,,1971,visual,Data,TrackUpdate,0.10,1
45,7,0,197.257,0.667,4.098,0.832,0.866,0.0,0.0,211.289,-3.659,5.183,0,211.289,1.700,0.300,0.450,0.275,0.994,127,127,1,1,127,,1972,visual,Data,TrackUpdate,0.10,1
45,7,0,197.323,0.733,4.221,0.636,0.716,0.0,0.0,211.289,-3.747,5.114,0,211.289,1.700,0.300,0.450,0.270,0.997,127,127,1,1,127,,1973,visual,Data,TrackUpdate,0.10,1
45,7,0,197.56,0.466,4.034,0.995,0.996,0.0,0.0,211.289,-3.447,5.307,0,211.289,1.700,0.300,0.450,0.287,0.990,127,127,1,1,127,,1970,visual,Data,TrackUpdate,0.10,1
52,8,5,236.123,0.000,14.763,0.642,0.788,0.0,0.0,212.178,5.834,12.495,0,212.178,1.500,5.000,2.000,0.680,0.691,1,1,1,1,126,,2361,visual,Data,TrackUpdate,0.10,1
52,8,5,236.256,0.133,15.224,0.571,0.782,0.0,0.0,212.178,5.236,12.090,0,212.178,1.500,5.000,2.000,0.666,0.703,1,1,1,1,126,,2362,visual,Data,TrackUpdate,0.10,1
52,8,5,236.323,0.200,15.263,0.806,0.907,0.0,0.0,212.178,4.935,11.941,0,212.178,1.500,5.000,2.000,0.657,0.706,1,1,1,1,126,,2363,visual,Data,TrackUpdate,0.10,1
52,8,5,236.456,0.333,15.605,0.945,0.974,0.0,0.0,212.178,4.366,11.514,0,212.178,1.500,5.000,2.000,0.642,0.720,1,1,1,1,126,,2364,visual,Data,TrackUpdate,0.10,1
52,8,5,236.523,0.400,15.794,0.904,0.956,0.0,0.0,224.747,4.490,10.920,0,224.747,1.500,5.000,2.000,0.651,0.743,1,1,1,1,126,,2365,visual,Data,TrackUpdate,0.10,1
52,8,5,236.656,0.533,15.906,0.978,0.990,0.0,0.0,224.159,3.902,10.523,0,224.159,1.500,5.000,2.000,0.633,0.757,1,1,1,1,126,,2366,visual,Data,TrackUpdate,0.10,1
52,8,5,236.723,0.600,15.923,0.992,0.996,0.0,0.0,224.159,3.650,10.303,0,224.159,1.500,5.000,2.000,0.626,0.766,1,1,1,1,126,,2367,visual,Data,TrackUpdate,0.10,1
52,8,5,236.857,0.734,15.809,0.955,0.981,0.0,0.0,226.739,3.249,9.839,0,226.739,1.500,5.000,2.000,0.614,0.784,1,1,1,1,126,,2368,visual,Data,TrackUpdate,0.10,1
52,8,5,236.923,0.800,15.805,0.973,0.989,0.0,0.0,225.957,2.999,9.652,0,225.957,1.500,5.000,2.000,0.605,0.792,1,1,1,1,126,,2369,visual,Data,TrackUpdate,0.10,1
52,8,5,237.1,0.878,15.789,0.990,0.996,0.0,0.0,225.957,2.730,9.413,0,225.957,1.500,5.000,2.000,0.596,0.803,1,1,1,1,126,,2370,visual,Data,TrackUpdate,0.10,1
52,8,5,237.123,1.000,15.681,0.989,0.996,0.0,0.0,227.706,2.378,9.010,0,227.706,1.500,5.000,2.000,0.584,0.820,1,1,1,1,126,,2371,visual,Data,TrackUpdate,0.10,1
52,8,5,237.257,1.134,15.790,0.991,0.997,0.0,0.0,227.059,1.922,8.562,0,227.059,1.500,5.000,2.000,0.567,0.842,127,127,1,1,127,,2372,visual,Data,TrackUpdate,0.10,1
52,8,5,237.323,1.200,15.839,0.992,0.997,0.0,0.0,222.032,1.551,8.484,0,222.032,1.500,5.000,2.000,0.551,0.844,127,127,1,1,127,,2373,visual,Data,TrackUpdate,0.10,1
52,8,5,237.457,1.334,15.951,0.991,0.997,0.0,0.0,221.983,1.116,7.996,0,221.983,1.500,5.000,2.000,0.532,0.869,127,127,1,1,127,,2374,visual,Data,TrackUpdate,0.10,1
52,8,5,237.523,1.400,16.191,0.992,0.997,0.0,0.0,221.983,0.827,7.672,0,221.983,1.500,5.000,2.000,0.519,0.887,127,127,1,1,127,,2375,visual,Data,TrackUpdate,0.10,1
52,8,5,237.657,1.534,16.376,0.991,0.997,0.0,0.0,224.050,0.413,7.075,0,224.050,1.500,5.000,2.000,0.499,0.920,127,127,1,1,127,,2376,visual,Data,TrackUpdate,0.10,1
52,8,5,237.723,1.600,16.415,0.994,0.998,0.0,0.0,223.875,0.189,6.839,0,223.875,1.500,5.000,2.000,0.487,0.934,127,127,1,1,127,,2377,visual,Data,TrackUpdate,0.10,1
52,8,5,237.857,1.734,16.566,0.989,0.996,0.0,0.0,222.716,-0.262,6.415,0,222.716,1.500,5.000,2.000,0.463,0.959,127,127,1,1,127,,2378,visual,Data,TrackUpdate,0.10,1
52,8,5,237.923,1.800,16.797,0.989,0.996,0.0,0.0,222.716,-0.480,6.172,0,222.716,1.500,5.000,2.000,0.451,0.974,127,127,1,1,127,,2379,visual,Data,TrackUpdate,0.10,1
52,8,5,238.0,1.877,16.751,0.989,0.997,0.0,0.0,222.654,-0.738,5.890,0,222.654,1.500,5.000,2.000,0.435,0.991,127,127,1,1,127,,2380,visual,Data,TrackUpdate,0.10,1
52,8,5,238.123,2.000,15.905,0.989,0.997,0.0,0.0,221.412,-1.186,5.473,0,221.412,1.500,5.000,2.000,0.407,1.016,127,127,1,1,127,,2381,visual,Data,TrackUpdate,0.10,1
52,8,5,238.257,2.134,16.829,0.989,0.997,0.0,0.0,221.437,-1.624,4.981,0,221.437,1.500,5.000,2.000,0.379,1.047,127,127,1,1,127,,2382,visual,Data,TrackUpdate,0.10,1
55,9,0,243.657,0.000,3.750,0.997,0.997,0.0,0.0,52.492,-2.964,5.116,0,52.492,1.700,0.300,0.450,0.309,1.013,1,1,1,1,126,,2436,visual,Data,TrackUpdate,0.10,1
55,9,0,243.723,0.066,3.407,0.998,0.998,0.0,0.0,52.492,-2.964,5.116,0,52.492,1.700,0.300,0.450,0.309,1.013,127,127,1,1,127,,2437,visual,Data,TrackUpdate,0.10,1
55,9,0,243.857,0.200,3.147,0.996,0.996,0.0,0.0,52.492,-2.904,5.144,0,52.492,1.700,0.300,0.450,0.312,1.012,127,127,1,1,127,,2438,visual,Data,TrackUpdate,0.10,1
55,9,0,243.923,0.266,3.079,0.996,0.997,0.0,0.0,52.492,-2.890,5.192,0,52.492,1.700,0.300,0.450,0.314,1.009,127,127,1,1,127,,2439,visual,Data,TrackUpdate,0.10,1
55,9,0,244.1,0.344,3.086,0.986,0.988,0.0,0.0,52.492,-2.848,5.249,0,52.492,1.700,0.300,0.450,0.317,1.006,127,127,1,1,127,,2440,visual,Data,TrackUpdate,0.10,1
55,9,0,244.123,0.466,3.038,0.963,0.969,0.0,0.0,52.492,-2.764,5.288,0,52.492,1.700,0.300,0.450,0.322,1.005,127,127,1,1,127,,2441,visual,Data,TrackUpdate,0.10,1
55,9,0,244.257,0.600,3.225,0.869,0.895,0.0,0.0,52.492,-2.609,5.379,0,52.492,1.700,0.300,0.450,0.331,1.001,127,127,1,1,127,,2442,visual,Data,TrackUpdate,0.10,1
55,9,0,244.323,0.666,3.199,0.989,0.991,0.0,0.0,52.492,-2.538,5.365,0,52.492,1.700,0.300,0.450,0.334,1.004,127,127,1,1,127,,2443,visual,Data,TrackUpdate,0.10,1
55,9,0,244.400,0.743,3.143,0.991,0.993,0.0,0.0,52.492,-2.494,5.384,0,52.492,1.700,0.300,0.450,0.337,1.003,127,127,1,1,127,,2444,visual,Data,TrackUpdate,0.10,1
55,9,0,244.523,0.866,3.326,0.993,0.995,0.0,0.0,52.492,-2.377,5.538,0,52.492,1.700,0.300,0.450,0.345,0.994,127,127,1,1,127,,2445,visual,Data,TrackUpdate,0.10,1
55,9,0,244.657,1.000,3.553,0.989,0.992,0.0,0.0,52.492,-2.247,5.742,0,52.492,1.700,0.300,0.450,0.354,0.982,127,127,1,1,127,,2446,visual,Data,TrackUpdate,0.10,1
55,9,0,244.723,1.066,3.648,0.991,0.994,0.0,0.0,51.685,-2.271,6.039,0,51.685,1.700,0.300,0.450,0.357,0.961,1,1,1,1,126,,2447,visual,Data,TrackUpdate,0.10,1
55,9,0,244.857,1.200,3.719,0.995,0.997,0.0,0.0,51.685,-2.279,6.395,0,51.685,1.700,0.300,0.450,0.361,0.938,1,1,1,1,126,,2448,visual,Data,TrackUpdate,0.10,1
55,9,0,244.923,1.266,3.538,0.997,0.998,0.0,0.0,51.685,-2.317,6.414,0,51.685,1.700,0.300,0.450,0.359,0.936,1,1,1,1,126,,2449,visual,Data,TrackUpdate,0.10,1
55,9,0,245.123,1.466,3.572,0.993,0.996,0.0,0.0,51.685,-2.212,6.634,0,51.685,1.700,0.300,0.450,0.367,0.923,1,1,1,1,126,,2451,visual,Data,TrackUpdate,0.10,1
55,9,0,245.256,1.599,3.527,0.997,0.998,0.0,0.0,51.685,-2.128,6.694,0,51.685,1.700,0.300,0.450,0.371,0.921,1,1,1,1,126,,2452,visual,Data,TrackUpdate,0.10,1
55,9,0,245.323,1.666,3.575,0.993,0.996,0.0,0.0,48.837,-2.059,6.761,0,48.837,1.700,0.300,0.450,0.376,0.918,1,1,1,1,126,,2453,visual,Data,TrackUpdate,0.10,1
55,9,0,245.457,1.800,3.854,0.998,0.999,0.0,0.0,48.837,-1.955,6.791,0,48.837,1.700,0.300,0.450,0.381,0.918,1,1,1,1,126,,2454,visual,Data,TrackUpdate,0.10,1
55,9,0,245.523,1.866,3.768,0.996,0.998,0.0,0.0,48.837,-1.899,6.835,0,48.837,1.700,0.300,0.450,0.384,0.915,1,1,1,1,126,,2455,visual,Data,TrackUpdate,0.10,1
55,9,0,245.57,1.400,3.535,0.993,0.996,0.0,0.0,51.685,-2.259,6.554,0,51.685,1.700,0.300,0.450,0.364,0.928,1,1,1,1,126,,2450,visual,Data,TrackUpdate,0.10,1
55,9,0,245.657,2.000,3.836,0.995,0.998,0.0,0.0,48.837,-1.764,7.037,0,48.837,1.700,0.300,0.450,0.392,0.904,1,1,1,1,126,,2456,visual,Data,TrackUpdate,0.10,1
55,9,0,245.723,2.066,3.840,0.996,0.998,0.0,0.0,48.837,-1.743,7.081,0,48.837,1.700,0.300,0.450,0.394,0.902,1,1,1,1,126,,2457,visual,Data,TrackUpdate,0.10,1
55,9,0,245.857,2.200,3.767,0.997,0.999,0.0,0.0,46.359,-1.623,7.270,0,46.359,1.700,0.300,0.450,0.402,0.891,1,1,1,1,126,,2458,visual,Data,TrackUpdate,0.10,1
55,9,0,245.923,2.266,3.728,0.993,0.997,0.0,0.0,46.359,-1.586,7.298,0,46.359,1.700,0.300,0.450,0.403,0.890,1,1,1,1,126,,2459,visual,Data,TrackUpdate,0.10,1
55,9,0,246.0,2.343,3.660,0.990,0.996,0.0,0.0,46.359,-1.566,7.310,0,46.359,1.700,0.300,0.450,0.404,0.890,1,1,1,1,126,,2460,visual,Data,TrackUpdate,0.10,1
55,9,0,246.123,2.466,3.840,0.996,0.998,0.0,0.0,46.359,-1.466,7.405,0,46.359,1.700,0.300,0.450,0.410,0.885,1,1,1,1,126,,2461,visual,Data,TrackUpdate,0.10,1
55,9,0,246.257,2.600,3.966,0.967,0.988,0.0,0.0,46.359,-1.363,7.505,0,46.359,1.700,0.300,0.450,0.416,0.880,1,1,1,1,126,,2462,visual,Data,TrackUpdate,0.10,1
55,9,0,246.323,2.666,4.004,0.995,0.998,0.0,0.0,46.626,-1.297,7.544,0,46.626,1.700,0.300,0.450,0.419,0.879,1,1,1,1,126,,2463,visual,Data,TrackUpdate,0.10,1
55,9,0,246.457,2.800,4.011,0.997,0.999,0.0,0.0,46.626,-1.202,7.591,0,46.626,1.700,0.300,0.450,0.423,0.877,1,1,1,1,126,,2464,visual,Data,TrackUpdate,0.10,1
55,9,0,246.523,2.866,3.957,0.996,0.999,0.0,0.0,46.626,-1.161,7.615,0,46.626,1.700,0.300,0.450,0.426,0.875,1,1,1,1,126,,2465,visual,Data,TrackUpdate,0.10,1
55,9,0,246.657,3.000,3.965,0.995,0.999,0.0,0.0,46.626,-1.060,7.693,0,46.626,1.700,0.300,0.450,0.431,0.871,1,1,1,1,126,,2466,visual,Data,TrackUpdate,0.10,1
55,9,0,246.723,3.066,4.086,0.987,0.997,0.0,0.0,46.626,-0.977,7.763,0,46.626,1.700,0.300,0.450,0.435,0.869,1,1,1,1,126,,2467,visual,Data,TrackUpdate,0.10,1
55,9,0,246.857,3.200,4.117,0.986,0.997,0.0,0.0,47.485,-0.831,7.934,0,47.485,1.700,0.300,0.450,0.443,0.860,1,1,1,1,126,,2468,visual,Data,TrackUpdate,0.10,1
55,9,0,246.923,3.266,4.049,0.987,0.997,0.0,0.0,47.485,-0.789,7.990,0,47.485,1.700,0.300,0.450,0.445,0.857,1,1,1,1,126,,2469,visual,Data,TrackUpdate,0.10,1
55,9,0,247.0,3.343,3.883,0.988,0.998,0.0,0.0,47.485,-0.781,8.002,0,47.485,1.700,0.300,0.450,0.446,0.856,1,1,1,1,126,,2470,visual,Data,TrackUpdate,0.10,1
55,9,0,247.123,3.466,3.738,0.982,0.997,0.0,0.0,47.485,-0.731,8.064,0,47.485,1.700,0.300,0.450,0.448,0.854,1,1,1,1,126,,2471,visual,Data,TrackUpdate,0.10,1
55,9,0,247.257,3.600,3.751,0.993,0.999,0.0,0.0,47.485,-0.666,8.122,0,47.485,1.700,0.300,0.450,0.452,0.852,1,1,1,1,126,,2472,visual,Data,TrackUpdate,0.10,1
55,9,0,247.323,3.666,3.806,0.990,0.999,0.0,0.0,47.485,-0.572,8.227,0,47.485,1.700,0.300,0.450,0.456,0.846,1,1,1,1,126,,2473,visual,Data,TrackUpdate,0.10,1
55,9,0,247.457,3.800,3.985,0.994,0.999,0.0,0.0,46.937,-0.422,8.394,0,46.937,1.700,0.300,0.450,0.464,0.838,1,1,1,1,126,,2474,visual,Data,TrackUpdate,0.10,1
55,9,0,247.526,3.869,4.161,0.997,1.000,0.0,0.0,46.937,-0.356,8.494,0,46.937,1.700,0.300,0.450,0.467,0.833,1,1,1,1,126,,2475,visual,Data,TrackUpdate,0.10,1
55,9,0,247.657,4.000,4.032,0.998,1.000,0.0,0.0,46.937,-0.302,8.596,0,46.937,1.700,0.300,0.450,0.470,0.829,1,1,1,1,126,,2476,visual,Data,TrackUpdate,0.10,1
55,9,0,247.723,4.066,4.040,0.996,1.000,0.0,0.0,46.937,-0.263,8.627,0,46.937,1.700,0.300,0.450,0.472,0.827,1,1,1,1,126,,2477,visual,Data,TrackUpdate,0.10,1
55,9,0,247.857,4.200,4.121,0.998,1.000,0.0,0.0,45.611,-0.164,8.772,0,45.611,1.700,0.300,0.450,0.477,0.820,1,1,1,1,126,,2478,visual,Data,TrackUpdate,0.10,1
55,9,0,247.923,4.266,3.878,0.998,1.000,0.0,0.0,45.611,-0.153,8.777,0,45.611,1.700,0.300,0.450,0.477,0.820,1,1,1,1,126,,2479,visual,Data,TrackUpdate,0.10,1
55,9,0,248.0,4.343,3.896,0.994,1.000,0.0,0.0,45.611,-0.097,8.856,0,45.611,1.700,0.300,0.450,0.480,0.817,1,1,1,1,126,,2480,visual,Data,TrackUpdate,0.10,1
55,9,0,248.123,4.466,3.869,0.988,0.999,0.0,0.0,45.611,-0.009,8.945,0,45.611,1.700,0.300,0.450,0.483,0.813,1,1,1,1,126,,2481,visual,Data,TrackUpdate,0.10,1
55,9,0,248.257,4.600,3.881,0.991,1.000,0.0,0.0,45.611,0.133,9.056,0,45.611,1.700,0.300,0.450,0.490,0.808,1,1,1,1,126,,2482,visual,Data,TrackUpdate,0.10,1
55,9,0,248.323,4.666,4.031,0.995,1.000,0.0,0.0,45.735,0.216,9.128,0,45.735,1.700,0.300,0.450,0.494,0.805,1,1,1,1,126,,2483,visual,Data,TrackUpdate,0.10,1
55,9,0,248.456,4.799,4.134,0.994,1.000,0.0,0.0,45.735,0.344,9.300,0,45.735,1.700,0.300,0.450,0.499,0.797,1,1,1,1,126,,2484,visual,Data,TrackUpdate,0.10,1
55,9,0,248.523,4.866,4.100,0.994,1.000,0.0,0.0,45.735,0.355,9.336,0,45.735,1.700,0.300,0.450,0.499,0.796,1,1,1,1,126,,2485,visual,Data,TrackUpdate,0.10,1
55,9,0,248.656,4.999,3.999,0.997,1.000,0.0,0.0,45.735,0.428,9.415,0,45.735,1.700,0.300,0.450,0.503,0.793,1,1,1,1,126,,2486,visual,Data,TrackUpdate,0.10,1
55,9,0,248.723,5.066,4.117,0.997,1.000,0.0,0.0,45.735,0.525,9.478,0,45.735,1.700,0.300,0.450,0.507,0.790,1,1,1,1,126,,2487,visual,Data,TrackUpdate,0.10,1
55,9,0,248.857,5.200,4.098,0.997,1.000,0.0,0.0,44.846,0.617,9.525,0,44.846,1.700,0.300,0.450,0.511,0.788,1,1,1,1,126,,2488,visual,Data,TrackUpdate,0.10,1
55,9,0,248.923,5.266,4.122,0.996,1.000,0.0,0.0,44.846,0.673,9.586,0,44.846,1.700,0.300,0.450,0.513,0.786,1,1,1,1,126,,2489,visual,Data,TrackUpdate,0.10,1
55,9,0,249.0,5.343,4.037,0.997,1.000,0.0,0.0,44.846,0.698,9.607,0,44.846,1.700,0.300,0.450,0.514,0.785,1,1,1,1,126,,2490,visual,Data,TrackUpdate,0.10,1
55,9,0,249.123,5.466,3.769,0.998,1.000,0.0,0.0,44.846,0.747,9.653,0,44.846,1.700,0.300,0.450,0.516,0.783,1,1,1,1,126,,2491,visual,Data,TrackUpdate,0.10,1
55,9,0,249.257,5.600,3.799,0.995,1.000,0.0,0.0,44.846,0.893,9.748,0,44.846,1.700,0.300,0.450,0.522,0.780,1,1,1,1,126,,2492,visual,Data,TrackUpdate,0.10,1
55,9,0,249.323,5.666,4.027,0.991,1.000,0.0,0.0,45.395,0.997,9.870,0,45.395,1.700,0.300,0.450,0.526,0.775,1,1,1,1,126,,2493,visual,Data,TrackUpdate,0.10,1
55,9,0,249.457,5.800,4.211,0.994,1.000,0.0,0.0,45.395,1.099,10.051,0,45.395,1.700,0.300,0.450,0.530,0.768,1,1,1,1,126,,2494,visual,Data,TrackUpdate,0.10,1
55,9,0,249.523,5.866,4.333,0.990,1.000,0.0,0.0,45.395,1.138,10.121,0,45.395,1.700,0.300,0.450,0.532,0.764,1,1,1,1,126,,2495,visual,Data,TrackUpdate,0.10,1
55,9,0,249.657,6.000,4.156,0.997,1.000,0.0,0.0,45.395,1.191,10.224,0,45.395,1.700,0.300,0.450,0.533,0.760,1,1,1,1,126,,2496,visual,Data,TrackUpdate,0.10,1
55,9,0,249.723,6.066,4.265,0.986,1.000,0.0,0.0,42.865,1.293,10.345,0,42.865,1.700,0.300,0.450,0.537,0.756,1,1,1,1,126,,2497,visual,Data,TrackUpdate,0.10,1
55,9,0,249.857,6.200,4.022,0.996,1.000,0.0,0.0,42.865,1.394,10.384,0,42.865,1.700,0.300,0.450,0.541,0.755,1,1,1,1,126,,2498,visual,Data,TrackUpdate,0.10,1
55,9,0,249.923,6.266,4.003,0.999,1.000,0.0,0.0,42.865,1.445,10.405,0,42.865,1.700,0.300,0.450,0.543,0.754,1,1,1,1,126,,2499,visual,Data,TrackUpdate,0.10,1
55,9,0,250.0,6.343,4.078,0.999,1.000,0.0,0.0,42.865,1.508,10.460,0,42.865,1.700,0.300,0.450,0.545,0.752,1,1,1,1,126,,2500,visual,Data,TrackUpdate,0.10,1
55,9,0,250.123,6.466,4.046,0.985,1.000,0.0,0.0,42.865,1.629,10.556,0,42.865,1.700,0.300,0.450,0.550,0.748,1,1,1,1,126,,2501,visual,Data,TrackUpdate,0.10,1
55,9,0,250.257,6.600,3.996,0.995,1.000,0.0,0.0,43.681,1.687,10.572,0,43.681,1.700,0.300,0.450,0.552,0.748,1,1,1,1,126,,2502,visual,Data,TrackUpdate,0.10,1
55,9,0,250.323,6.666,3.950,0.998,1.000,0.0,0.0,43.681,1.734,10.599,0,43.681,1.700,0.300,0.450,0.554,0.747,1,1,1,1,126,,2503,visual,Data,TrackUpdate,0.10,1
55,9,0,250.457,6.800,4.116,0.996,1.000,0.0,0.0,43.681,1.918,10.756,0,43.681,1.700,0.300,0.450,0.560,0.741,1,1,1,1,126,,2504,visual,Data,TrackUpdate,0.10,1
55,9,0,250.523,6.866,4.226,0.998,1.000,0.0,0.0,43.681,1.965,10.770,0,43.681,1.700,0.300,0.450,0.562,0.741,1,1,1,1,126,,2505,visual,Data,TrackUpdate,0.10,1
55,9,0,250.657,7.000,3.973,0.998,1.000,0.0,0.0,43.681,2.091,10.920,0,43.681,1.700,0.300,0.450,0.566,0.736,1,1,1,1,126,,2506,visual,Data,TrackUpdate,0.10,1
55,9,0,250.723,7.066,4.022,0.998,1.000,0.0,0.0,45.083,2.163,11.032,0,45.083,1.700,0.300,0.450,0.569,0.731,1,1,1,1,126,,2507,visual,Data,TrackUpdate,0.10,1
55,9,0,250.857,7.200,4.219,0.997,1.000,0.0,0.0,45.083,2.243,11.168,0,45.083,1.700,0.300,0.450,0.570,0.727,1,1,1,1,126,,2508,visual,Data,TrackUpdate,0.10,1
55,9,0,250.923,7.266,4.113,0.996,1.000,0.0,0.0,45.083,2.277,11.199,0,45.083,1.700,0.300,0.450,0.572,0.726,1,1,1,1,126,,2509,visual,Data,TrackUpdate,0.10,1
55,9,0,251.0,7.343,4.024,0.995,1.000,0.0,0.0,45.083,2.327,11.246,0,45.083,1.700,0.300,0.450,0.573,0.724,1,1,1,1,126,,2510,visual,Data,TrackUpdate,0.10,1
55,9,0,251.123,7.466,4.013,0.995,1.000,0.0,0.0,45.083,2.407,11.282,0,45.083,1.700,0.300,0.450,0.576,0.723,1,1,1,1,126,,2511,visual,Data,TrackUpdate,0.10,1
55,9,0,251.257,7.600,4.065,0.998,1.000,0.0,0.0,45.083,2.529,11.352,0,45.083,1.700,0.300,0.450,0.580,0.720,1,1,1,1,126,,2512,visual,Data,TrackUpdate,0.10,1
55,9,0,251.323,7.666,4.194,0.998,1.000,0.0,0.0,45.333,2.624,11.439,0,45.333,1.700,0.300,0.450,0.583,0.718,1,1,1,1,126,,2513,visual,Data,TrackUpdate,0.10,1
55,9,0,251.457,7.800,4.191,0.998,1.000,0.0,0.0,45.333,2.669,11.458,0,45.333,1.700,0.300,0.450,0.584,0.718,1,1,1,1,126,,2514,visual,Data,TrackUpdate,0.10,1
55,9,0,251.523,7.866,3.984,0.997,1.000,0.0,0.0,45.333,2.695,11.466,0,45.333,1.700,0.300,0.450,0.585,0.718,1,1,1,1,126,,2515,visual,Data,TrackUpdate,0.10,1
55,9,0,251.657,8.000,4.042,0.998,1.000,0.0,0.0,45.333,2.897,11.633,0,45.333,1.700,0.300,0.450,0.592,0.712,1,1,1,1,126,,2516,visual,Data,TrackUpdate,0.10,1
55,9,0,251.723,8.066,4.126,0.998,1.000,0.0,0.0,45.760,3.002,11.793,0,45.760,1.700,0.300,0.450,0.595,0.706,1,1,1,1,126,,2517,visual,Data,TrackUpdate,0.10,1
55,9,0,251.857,8.200,4.013,0.998,1.000,0.0,0.0,45.760,3.070,11.928,0,45.760,1.700,0.300,0.450,0.597,0.703,1,1,1,1,126,,2518,visual,Data,TrackUpdate,0.10,1
55,9,0,251.923,8.266,4.359,0.998,1.000,0.0,0.0,45.760,3.164,12.087,0,45.760,1.700,0.300,0.450,0.599,0.697,1,1,1,1,126,,2519,visual,Data,TrackUpdate,0.10,1
55,9,0,252.0,8.343,4.174,0.999,1.000,0.0,0.0,45.760,3.184,12.148,0,45.760,1.700,0.300,0.450,0.599,0.695,1,1,1,1,126,,2520,visual,Data,TrackUpdate,0.10,1
55,9,0,252.123,8.466,4.139,0.999,1.000,0.0,0.0,45.760,3.232,12.192,0,45.760,1.700,0.300,0.450,0.601,0.694,1,1,1,1,126,,2521,visual,Data,TrackUpdate,0.10,1
55,9,0,252.257,8.600,4.089,0.998,1.000,0.0,0.0,44.838,3.318,12.255,0,44.838,1.700,0.300,0.450,0.603,0.692,1,1,1,1,126,,2522,visual,Data,TrackUpdate,0.10,1
55,9,0,252.323,8.666,4.297,0.999,1.000,0.0,0.0,44.838,3.435,12.391,0,44.838,1.700,0.300,0.450,0.606,0.688,1,1,1,1,126,,2523,visual,Data,TrackUpdate,0.10,1
55,9,0,252.457,8.800,3.976,0.999,1.000,0.0,0.0,44.838,3.509,12.424,0,44.838,1.700,0.300,0.450,0.609,0.687,1,1,1,1,126,,2524,visual,Data,TrackUpdate,0.10,1
55,9,0,252.523,8.866,4.237,0.999,1.000,0.0,0.0,44.838,3.550,12.449,0,44.838,1.700,0.300,0.450,0.610,0.686,1,1,1,1,126,,2525,visual,Data,TrackUpdate,0.10,1
55,9,0,252.657,9.000,4.074,0.999,1.000,0.0,0.0,44.838,3.623,12.488,0,44.838,1.700,0.300,0.450,0.612,0.685,1,1,1,1,126,,2526,visual,Data,TrackUpdate,0.10,1
55,9,0,252.723,9.066,3.875,0.999,1.000,0.0,0.0,44.838,3.641,12.486,0,44.838,1.700,0.300,0.450,0.613,0.685,1,1,1,1,126,,2527,visual,Data,TrackUpdate,0.10,1
55,9,0,252.857,9.200,4.343,0.999,1.000,0.0,0.0,45.755,3.911,12.790,0,45.755,1.700,0.300,0.450,0.620,0.677,1,1,1,1,126,,2528,visual,Data,TrackUpdate,0.10,1
55,9,0,252.923,9.266,4.189,0.998,1.000,0.0,0.0,45.755,3.901,12.822,0,45.755,1.700,0.300,0.450,0.619,0.675,1,1,1,1,126,,2529,visual,Data,TrackUpdate,0.10,1
55,9,0,253.123,9.466,4.473,0.999,1.000,0.0,0.0,44.367,4.116,13.263,0,44.367,1.700,0.300,0.450,0.623,0.663,1,1,1,1,126,,2531,visual,Data,TrackUpdate,0.10,1
55,9,0,253.257,9.600,4.229,0.993,1.000,0.0,0.0,44.367,4.104,13.205,0,44.367,1.700,0.300,0.450,0.623,0.664,1,1,1,1,126,,2532,visual,Data,TrackUpdate,0.10,1
55,9,0,253.323,9.666,4.256,0.994,1.000,0.0,0.0,44.367,4.146,13.228,0,44.367,1.700,0.300,0.450,0.624,0.663,1,1,1,1,126,,2533,visual,Data,TrackUpdate,0.10,1
55,9,0,253.457,9.800,4.206,0.997,1.000,0.0,0.0,44.367,4.273,13.320,0,44.367,1.700,0.300,0.450,0.628,0.661,1,1,1,1,126,,2534,visual,Data,TrackUpdate,0.10,1
55,9,0,253.523,9.866,4.358,0.999,1.000,0.0,0.0,44.367,4.376,13.382,0,44.367,1.700,0.300,0.450,0.630,0.659,1,1,1,1,126,,2535,visual,Data,TrackUpdate,0.10,1
55,9,0,253.56,9.399,4.450,0.997,1.000,0.0,0.0,44.367,4.090,13.201,0,44.367,1.700,0.300,0.450,0.623,0.664,1,1,1,1,126,,2530,visual,Data,TrackUpdate,0.10,1
55,9,0,253.657,10.000,4.300,0.997,1.000,0.0,0.0,44.367,4.508,13.404,0,44.367,1.700,0.300,0.450,0.634,0.659,1,1,1,1,126,,2536,visual,Data,TrackUpdate,0.10,1
55,9,0,253.723,10.066,4.328,0.998,1.000,0.0,0.0,45.223,4.548,13.421,0,45.223,1.700,0.300,0.450,0.635,0.659,1,1,1,1,126,,2537,visual,Data,TrackUpdate,0.10,1
55,9,0,253.857,10.200,4.308,0.998,1.000,0.0,0.0,45.223,4.627,13.468,0,45.223,1.700,0.300,0.450,0.637,0.658,1,1,1,1,126,,2538,visual,Data,TrackUpdate,0.10,1
55,9,0,253.923,10.266,4.194,0.993,1.000,0.0,0.0,45.223,4.705,13.535,0,45.223,1.700,0.300,0.450,0.639,0.656,1,1,1,1,126,,2539,visual,Data,TrackUpdate,0.10,1
55,9,0,254.0,10.343,4.075,0.994,1.000,0.0,0.0,45.223,4.800,13.632,0,45.223,1.700,0.300,0.450,0.641,0.654,1,1,1,1,126,,2540,visual,Data,TrackUpdate,0.10,1
55,9,0,254.123,10.466,4.300,0.925,1.000,0.0,0.0,45.210,4.942,13.869,0,45.210,1.700,0.300,0.450,0.644,0.647,1,1,1,1,126,,2541,visual,Data,TrackUpdate,0.10,1
55,9,0,254.257,10.600,4.004,0.977,1.000,0.0,0.0,45.210,4.993,13.885,0,45.210,1.700,0.300,0.450,0.645,0.647,1,1,1,1,126,,2542,visual,Data,TrackUpdate,0.10,1
55,9,0,254.323,10.666,4.144,0.956,1.000,0.0,0.0,45.210,5.022,13.916,0,45.210,1.700,0.300,0.450,0.646,0.646,1,1,1,1,126,,2543,visual,Data,TrackUpdate,0.10,1
55,9,0,254.457,10.800,3.801,0.922,1.000,0.0,0.0,45.210,5.048,13.883,0,45.210,1.700,0.300,0.450,0.646,0.648,1,1,1,1,126,,2544,visual,Data,TrackUpdate,0.10,1
55,9,0,254.523,10.866,3.692,0.966,1.000,0.0,0.0,45.210,5.031,13.823,0,45.210,1.700,0.300,0.450,0.646,0.649,1,1,1,1,126,,2545,visual,Data,TrackUpdate,0.10,1
55,9,0,254.657,11.000,3.965,0.754,1.000,0.0,0.0,45.210,5.346,14.037,0,45.210,1.700,0.300,0.450,0.654,0.644,1,1,1,1,126,,2546,visual,Data,TrackUpdate,0.10,1
55,9,0,254.723,11.066,3.877,0.744,1.000,0.0,0.0,45.210,5.386,13.987,0,45.210,1.700,0.300,0.450,0.656,0.645,1,1,1,1,126,,2547,visual,Data,TrackUpdate,0.10,1
55,9,0,254.857,11.200,3.891,0.421,1.000,0.0,0.0,46.343,5.482,14.035,0,46.343,1.700,0.300,0.450,0.658,0.644,127,127,1,1,127,,2548,visual,Data,TrackUpdate,0.10,1
55,9,0,254.923,11.266,3.955,0.421,1.000,0.0,0.0,46.343,5.540,14.072,0,46.343,1.700,0.300,0.450,0.659,0.644,127,127,1,1,127,,2549,visual,Data,TrackUpdate,0.10,1
55,9,0,255.123,11.466,3.715,0.351,1.000,0.0,0.0,46.343,5.739,14.215,0,46.343,1.700,0.300,0.450,0.664,0.641,127,127,1,1,127,,2551,visual,Data,TrackUpdate,0.10,1
55,9,0,255.257,11.600,3.558,0.351,1.000,0.0,0.0,46.343,5.850,14.296,0,46.343,1.700,0.300,0.450,0.667,0.639,127,127,1,1,127,,2552,visual,Data,TrackUpdate,0.10,1
55,9,0,255.323,11.666,3.421,0.351,1.000,0.0,0.0,46.804,5.903,14.333,0,46.804,1.700,0.300,0.450,0.667,0.638,127,127,1,1,127,,2553,visual,Data,TrackUpdate,0.10,1
55,9,0,255.457,11.800,3.565,0.351,1.000,0.0,0.0,46.804,6.004,14.408,0,46.804,1.700,0.300,0.450,0.670,0.636,127,127,1,1,127,,2554,visual,Data,TrackUpdate,0.10,1
55,9,0,255.523,11.866,3.700,0.351,1.000,0.0,0.0,46.804,6.056,14.447,0,46.804,1.700,0.300,0.450,0.671,0.635,127,127,1,1,127,,2555,visual,Data,TrackUpdate,0.10,1
55,9,0,255.56,11.399,3.851,0.351,1.000,0.0,0.0,46.343,5.681,14.174,0,46.343,1.700,0.300,0.450,0.663,0.642,127,127,1,1,127,,2550,visual,Data,TrackUpdate,0.10,1
55,9,0,255.657,12.000,3.812,0.351,1.000,0.0,0.0,46.804,6.165,14.530,0,46.804,1.700,0.300,0.450,0.673,0.633,127,127,1,1,127,,2556,visual,Data,TrackUpdate,0.10,1
55,9,0,255.723,12.066,3.727,0.351,1.000,0.0,0.0,46.804,6.219,14.572,0,46.804,1.700,0.300,0.450,0.674,0.632,127,127,1,1,127,,2557,visual,Data,TrackUpdate,0.10,1
55,9,0,255.857,12.200,3.706,0.351,1.000,0.0,0.0,47.327,6.327,14.655,0,47.327,1.700,0.300,0.450,0.677,0.631,127,127,1,1,127,,2558,visual,Data,TrackUpdate,0.10,1
55,9,0,255.923,12.266,3.638,0.351,1.000,0.0,0.0,47.327,6.380,14.697,0,47.327,1.700,0.300,0.450,0.678,0.630,127,127,1,1,127,,2559,visual,Data,TrackUpdate,0.10,1
70,10,0,296.857,0.066,4.103,0.998,0.998,0.0,0.0,303.742,4.756,13.292,0,303.742,1.700,0.300,0.450,0.642,0.664,1,1,1,1,126,,2968,visual,Data,TrackUpdate,0.10,1
70,10,0,296.923,0.132,3.885,0.998,0.998,0.0,0.0,303.742,4.736,13.260,0,303.742,1.700,0.300,0.450,0.642,0.665,1,1,1,1,126,,2969,visual,Data,TrackUpdate,0.10,1
70,10,0,297.123,0.332,3.729,0.999,0.999,0.0,0.0,303.742,4.573,13.290,0,303.742,1.700,0.300,0.450,0.637,0.664,1,1,1,1,126,,2971,visual,Data,TrackUpdate,0.10,1
70,10,0,297.257,0.466,3.664,0.999,0.999,0.0,0.0,303.742,4.476,13.345,0,303.742,1.700,0.300,0.450,0.633,0.661,1,1,1,1,126,,2972,visual,Data,TrackUpdate,0.10,1
70,10,0,297.323,0.532,3.570,0.999,0.999,0.0,0.0,303.742,4.410,13.278,0,303.742,1.700,0.300,0.450,0.632,0.663,1,1,1,1,126,,2973,visual,Data,TrackUpdate,0.10,1
70,10,0,297.456,0.665,3.635,0.998,0.999,0.0,0.0,267.880,4.151,13.086,0,267.880,1.700,0.300,0.450,0.625,0.668,1,1,1,1,126,,2974,visual,Data,TrackUpdate,0.10,1
70,10,0,297.523,0.732,3.492,0.998,0.999,0.0,0.0,267.880,4.200,13.199,0,267.880,1.700,0.300,0.450,0.626,0.665,1,1,1,1,126,,2975,visual,Data,TrackUpdate,0.10,1
70,10,0,297.56,0.265,3.751,0.999,0.999,0.0,0.0,303.742,4.631,13.266,0,303.742,1.700,0.300,0.450,0.639,0.664,1,1,1,1,126,,2970,visual,Data,TrackUpdate,0.10,1
70,10,0,297.657,0.866,3.572,0.998,0.999,0.0,0.0,267.880,3.997,13.137,0,267.880,1.700,0.300,0.450,0.620,0.667,1,1,1,1,126,,2976,visual,Data,TrackUpdate,0.10,1
70,10,0,297.723,0.932,3.559,0.991,0.995,0.0,0.0,267.880,3.910,13.057,0,267.880,1.700,0.300,0.450,0.618,0.669,1,1,1,1,126,,2977,visual,Data,TrackUpdate,0.10,1
70,10,0,297.857,1.066,3.371,0.998,0.999,0.0,0.0,267.880,3.880,13.019,0,267.880,1.700,0.300,0.450,0.617,0.669,1,1,1,1,126,,2978,visual,Data,TrackUpdate,0.10,1
70,10,0,297.923,1.132,3.328,0.997,0.998,0.0,0.0,267.880,3.834,13.012,0,267.880,1.700,0.300,0.450,0.616,0.669,1,1,1,1,126,,2979,visual,Data,TrackUpdate,0.10,1
68,11,5,298.123,0.125,8.402,0.940,0.956,0.0,0.0,45.219,4.190,10.748,0,45.219,1.500,5.000,2.000,0.642,0.748,1,1,1,1,126,,2981,visual,Data,TrackUpdate,0.10,2
70,10,0,298.123,1.332,3.410,0.993,0.997,0.0,0.0,262.781,3.539,12.865,0,262.781,1.700,0.300,0.450,0.607,0.673,1,1,1,1,126,,2981,visual,Data,TrackUpdate,0.10,2
68,11,5,298.256,0.258,8.151,0.936,0.956,0.0,0.0,45.219,4.392,10.884,0,45.219,1.500,5.000,2.000,0.648,0.744,1,1,1,1,126,,2982,visual,Data,TrackUpdate,0.10,2
70,10,0,298.256,1.465,3.527,0.996,0.998,0.0,0.0,262.781,3.374,12.790,0,262.781,1.700,0.300,0.450,0.603,0.675,1,1,1,1,126,,2982,visual,Data,TrackUpdate,0.10,2
68,11,5,298.323,0.325,8.169,0.713,0.807,0.0,0.0,47.336,4.557,10.942,0,47.336,1.500,5.000,2.000,0.653,0.743,1,1,1,1,126,,2983,visual,Data,TrackUpdate,0.10,2
70,10,0,298.323,1.532,3.618,0.999,1.000,0.0,0.0,262.781,3.340,12.753,0,262.781,1.700,0.300,0.450,0.602,0.676,1,1,1,1,126,,2983,visual,Data,TrackUpdate,0.10,2
68,11,5,298.457,0.459,8.436,0.686,0.806,0.0,0.0,47.336,4.796,11.292,0,47.336,1.500,5.000,2.000,0.658,0.729,1,1,1,1,126,,2984,visual,Data,TrackUpdate,0.10,2
70,10,0,298.457,1.666,3.519,0.999,1.000,0.0,0.0,262.781,3.289,12.725,0,262.781,1.700,0.300,0.450,0.600,0.677,1,1,1,1,126,,2984,visual,Data,TrackUpdate,0.10,2
68,11,5,298.523,0.525,8.757,0.886,0.934,0.0,0.0,44.669,4.927,11.576,0,44.669,1.500,5.000,2.000,0.660,0.719,1,1,1,1,126,,2985,visual,Data,TrackUpdate,0.10,2
70,10,0,298.523,1.732,3.210,0.999,1.000,0.0,0.0,262.781,3.296,12.739,0,262.781,1.700,0.300,0.450,0.600,0.676,1,1,1,1,126,,2985,visual,Data,TrackUpdate,0.10,2
68,11,5,298.57,0.059,8.600,0.907,0.930,0.0,0.0,45.219,4.104,10.682,0,45.219,1.500,5.000,2.000,0.640,0.751,1,1,1,1,126,,2980,visual,Data,TrackUpdate,0.10,2
70,10,0,298.57,1.266,3.432,0.998,0.999,0.0,0.0,262.781,3.615,12.900,0,262.781,1.700,0.300,0.450,0.609,0.672,1,1,1,1,126,,2980,visual,Data,TrackUpdate,0.10,2
68,11,5,298.657,0.659,8.905,0.807,0.898,0.0,0.0,44.669,5.231,11.857,0,44.669,1.500,5.000,2.000,0.667,0.710,1,1,1,1,126,,2986,visual,Data,TrackUpdate,0.10,2
70,10,0,298.657,1.866,3.501,0.999,1.000,0.0,0.0,257.994,3.106,12.563,0,257.994,1.700,0.300,0.450,0.595,0.681,1,1,1,1,126,,2986,visual,Data,TrackUpdate,0.10,2
68,11,5,298.724,0.726,9.248,0.982,0.991,0.0,0.0,44.126,5.402,12.144,0,44.126,1.500,5.000,2.000,0.670,0.701,1,1,1,1,126,,2987,visual,Data,TrackUpdate,0.10,2
70,10,0,298.724,1.933,3.345,0.998,0.999,0.0,0.0,257.994,3.116,12.511,0,257.994,1.700,0.300,0.450,0.596,0.682,1,1,1,1,126,,2987,visual,Data,TrackUpdate,0.10,2
68,11,5,298.857,0.859,9.633,0.874,0.947,0.0,0.0,44.781,5.857,12.470,0,44.781,1.500,5.000,2.000,0.681,0.692,1,1,1,1,126,,2988,visual,Data,TrackUpdate,0.10,2
70,10,0,298.857,2.066,3.533,0.999,1.000,0.0,0.0,257.994,3.006,12.340,0,257.994,1.700,0.300,0.450,0.593,0.688,1,1,1,1,126,,2988,visual,Data,TrackUpdate,0.10,2
68,11,5,298.923,0.925,9.803,0.724,0.888,0.0,0.0,44.781,6.062,12.654,0,44.781,1.500,5.000,2.000,0.686,0.686,1,1,1,1,126,,2989,visual,Data,TrackUpdate,0.10,2
70,10,0,298.923,2.132,3.500,0.998,0.999,0.0,0.0,257.994,2.977,12.289,0,257.994,1.700,0.300,0.450,0.592,0.690,1,1,1,1,126,,2989,visual,Data,TrackUpdate,0.10,2
68,11,5,299.123,1.125,9.821,0.929,0.972,0.0,0.0,43.868,6.473,13.072,0,43.868,1.500,5.000,2.000,0.694,0.674,1,1,1,1,126,,2991,visual,Data,TrackUpdate,0.10,2
70,10,0,299.123,2.332,3.542,0.997,0.999,0.0,0.0,249.438,2.833,12.127,0,249.438,1.700,0.300,0.450,0.588,0.694,1,1,1,1,126,,2991,visual,Data,TrackUpdate,0.10,2
68,11,5,299.257,1.259,9.888,0.403,0.777,0.0,0.0,44.052,6.800,13.344,0,44.052,1.500,5.000,2.000,0.701,0.667,1,1,1,1,126,,2992,visual,Data,TrackUpdate,0.10,2
70,10,0,299.257,2.466,3.675,0.958,0.989,0.0,0.0,249.438,2.744,12.077,0,249.438,1.700,0.300,0.450,0.585,0.696,1,1,1,1,126,,2992,visual,Data,TrackUpdate,0.10,2
68,11,5,299.323,1.325,9.909,0.403,0.781,0.0,0.0,44.052,6.933,13.486,0,44.052,1.500,5.000,2.000,0.703,0.663,127,127,1,1,127,,2993,visual,Data,TrackUpdate,0.10,2
70,10,0,299.323,2.532,3.683,0.959,0.990,0.0,0.0,249.438,2.672,12.017,0,249.438,1.700,0.300,0.450,0.583,0.698,1,1,1,1,126,,2993,visual,Data,TrackUpdate,0.10,2
68,11,5,299.457,1.459,9.886,0.649,0.876,0.0,0.0,44.991,7.224,13.710,0,44.991,1.500,5.000,2.000,0.708,0.657,127,127,1,1,127,,2994,visual,Data,TrackUpdate,0.10,2
70,10,0,299.457,2.666,3.822,0.981,0.996,0.0,0.0,249.438,2.568,11.939,0,249.438,1.700,0.300,0.450,0.580,0.700,1,1,1,1,126,,2994,visual,Data,TrackUpdate,0.10,2
68,11,5,299.523,1.525,10.003,0.649,0.878,0.0,0.0,44.991,7.355,13.847,0,44.991,1.500,5.000,2.000,0.710,0.654,127,127,1,1,127,,2995,visual,Data,TrackUpdate,0.10,2
70,10,0,299.523,2.732,3.823,0.994,0.999,0.0,0.0,247.265,2.527,11.912,0,247.265,1.700,0.300,0.450,0.579,0.701,1,1,1,1,126,,2995,visual,Data,TrackUpdate,0.10,2
68,11,5,299.57,1.059,9.891,0.832,0.934,0.0,0.0,43.868,6.377,12.948,0,43.868,1.500,5.000,2.000,0.692,0.678,1,1,1,1,126,,2990,visual,Data,TrackUpdate,0.10,2
70,10,0,299.57,2.266,3.577,0.998,0.999,0.0,0.0,249.438,2.846,12.118,0,249.438,1.700,0.300,0.450,0.589,0.695,1,1,1,1,126,,2990,visual,Data,TrackUpdate,0.10,2
68,11,5,299.657,1.659,10.104,0.531,0.843,0.0,0.0,44.810,7.628,14.135,0,44.810,1.500,5.000,2.000,0.715,0.647,127,127,1,1,127,,2996,visual,Data,TrackUpdate,0.10,2
70,10,0,299.657,2.866,3.663,0.982,0.996,0.0,0.0,247.265,2.484,11.857,0,247.265,1.700,0.300,0.450,0.577,0.703,1,1,1,1,126,,2996,visual,Data,TrackUpdate,0.10,2
68,11,5,299.723,1.725,10.366,0.531,0.846,0.0,0.0,44.810,7.757,14.271,0,44.810,1.500,5.000,2.000,0.717,0.644,127,127,1,1,127,,2997,visual,Data,TrackUpdate,0.10,2
70,10,0,299.723,2.932,3.529,0.996,0.999,0.0,0.0,247.265,2.412,11.770,0,247.265,1.700,0.300,0.450,0.575,0.706,1,1,1,1,126,,2997,visual,Data,TrackUpdate,0.10,2
68,11,5,299.857,1.859,10.616,0.531,0.853,0.0,0.0,44.398,8.007,14.560,0,44.398,1.500,5.000,2.000,0.720,0.637,127,127,1,1,127,,2998,visual,Data,TrackUpdate,0.10,2
70,10,0,299.857,3.066,3.763,0.984,0.997,0.0,0.0,247.265,2.311,11.616,0,247.265,1.700,0.300,0.450,0.572,0.710,1,1,1,1,126,,2998,visual,Data,TrackUpdate,0.10,2
68,11,5,299.923,1.925,10.337,0.531,0.856,0.0,0.0,44.398,8.137,14.697,0,44.398,1.500,5.000,2.000,0.722,0.633,127,127,1,1,127,,2999,visual,Data,TrackUpdate,0.10,2
70,10,0,299.923,3.132,3.930,0.990,0.998,0.0,0.0,242.193,2.212,11.474,0,242.193,1.700,0.300,0.450,0.569,0.715,1,1,1,1,126,,2999,visual,Data,TrackUpdate,0.10,2
70,10,0,300.123,3.332,3.785,0.918,0.986,0.0,0.0,242.193,2.145,11.421,0,242.193,1.700,0.300,0.450,0.567,0.717,1,1,1,1,126,,3001,visual,Data,TrackUpdate,0.10,1
70,10,0,300.257,3.466,3.943,0.953,0.993,0.0,0.0,242.193,1.963,11.167,0,242.193,1.700,0.300,0.450,0.560,0.726,1,1,1,1,126,,3002,visual,Data,TrackUpdate,0.10,1
70,10,0,300.323,3.532,3.841,0.964,0.995,0.0,0.0,242.193,1.969,11.202,0,242.193,1.700,0.300,0.450,0.561,0.725,1,1,1,1,126,,3003,visual,Data,TrackUpdate,0.10,1
70,10,0,300.457,3.666,3.705,0.993,0.999,0.0,0.0,242.193,1.918,11.177,0,242.193,1.700,0.300,0.450,0.559,0.725,1,1,1,1,126,,3004,visual,Data,TrackUpdate,0.10,1
70,10,0,300.523,3.732,3.535,0.985,0.998,0.0,0.0,242.193,1.909,11.187,0,242.193,1.700,0.300,0.450,0.558,0.725,1,1,1,1,126,,3005,visual,Data,TrackUpdate,0.10,1
68,11,5,300.56,2.058,10.364,0.531,0.862,0.0,0.0,44.315,8.391,14.970,0,44.315,1.500,5.000,2.000,0.726,0.627,127,127,1,1,127,,3000,visual,Data,TrackUpdate,0.10,2
70,10,0,300.56,3.265,3.723,0.982,0.997,0.0,0.0,242.193,2.161,11.432,0,242.193,1.700,0.300,0.450,0.567,0.717,1,1,1,1,126,,3000,visual,Data,TrackUpdate,0.10,2
70,10,0,300.657,3.866,3.680,0.992,0.999,0.0,0.0,239.735,1.796,11.093,0,239.735,1.700,0.300,0.450,0.555,0.728,1,1,1,1,126,,3006,visual,Data,TrackUpdate,0.10,1
70,10,0,300.723,3.932,3.564,0.991,0.999,0.0,0.0,239.735,1.792,11.117,0,239.735,1.700,0.300,0.450,0.555,0.727,1,1,1,1,126,,3007,visual,Data,TrackUpdate,0.10,1
70,10,0,300.857,4.066,3.573,0.916,0.992,0.0,0.0,239.735,1.688,11.050,0,239.735,1.700,0.300,0.450,0.551,0.730,1,1,1,1,126,,3008,visual,Data,TrackUpdate,0.10,1
70,10,0,300.923,4.132,3.582,0.983,0.999,0.0,0.0,239.735,1.559,10.971,0,239.735,1.700,0.300,0.450,0.546,0.731,1,1,1,1,126,,3009,visual,Data,TrackUpdate,0.10,1
70,10,0,301.57,4.266,3.624,0.989,0.999,0.0,0.0,239.735,1.424,10.852,0,239.735,1.700,0.300,0.450,0.541,0.736,1,1,1,1,126,,3010,visual,Data,TrackUpdate,0.10,1
12,0,0,55.457,0.059,2.390,0.984,0.986,0.0,0.0,228.321,4.188,8.703,0,228.321,1.700,0.300,0.450,0.658,0.838,1,1,1,1,126,,554,visual,Data,TrackUpdate,0.10,1
11,1,5,55.523,0.000,7.999,0.919,0.960,0.0,0.0,224.430,3.365,11.772,0,224.430,1.500,5.000,2.000,0.607,0.708,1,1,1,1,126,,555,visual,Data,TrackUpdate,0.10,2
12,0,0,55.523,0.125,2.282,0.991,0.992,0.0,0.0,228.321,4.144,8.745,0,228.321,1.700,0.300,0.450,0.656,0.836,1,1,1,1,126,,555,visual,Data,TrackUpdate,0.10,2
11,1,5,55.657,0.134,8.306,0.901,0.952,0.0,0.0,224.430,3.074,11.386,0,224.430,1.500,5.000,2.000,0.599,0.721,1,1,1,1,126,,556,visual,Data,TrackUpdate,0.10,2
12,0,0,55.657,0.259,2.463,0.995,0.996,0.0,0.0,228.321,4.038,8.629,0,228.321,1.700,0.300,0.450,0.653,0.842,1,1,1,1,126,,556,visual,Data,TrackUpdate,0.10,2
11,1,5,55.723,0.200,8.275,0.840,0.923,0.0,0.0,221.956,2.941,11.371,0,221.956,1.500,5.000,2.000,0.595,0.721,1,1,1,1,126,,557,visual,Data,TrackUpdate,0.10,2
12,0,0,55.723,0.325,2.439,0.993,0.994,0.0,0.0,228.321,4.010,8.603,0,228.321,1.700,0.300,0.450,0.652,0.843,1,1,1,1,126,,557,visual,Data,TrackUpdate,0.10,2
11,1,5,55.857,0.334,8.892,0.957,0.980,0.0,0.0,221.956,2.662,11.066,0,221.956,1.500,5.000,2.000,0.586,0.732,1,1,1,1,126,,558,visual,Data,TrackUpdate,0.10,2
12,0,0,55.857,0.459,2.355,0.995,0.996,0.0,0.0,228.321,3.986,8.550,0,228.321,1.700,0.300,0.450,0.652,0.846,1,1,1,1,126,,558,visual,Data,TrackUpdate,0.10,2
11,1,5,55.923,0.400,9.166,0.976,0.989,0.0,0.0,221.859,2.516,10.880,0,221.859,1.500,5.000,2.000,0.582,0.739,1,1,1,1,126,,559,visual,Data,TrackUpdate,0.10,2
12,0,0,55.923,0.525,2.298,0.997,0.998,0.0,0.0,228.321,3.973,8.534,0,228.321,1.700,0.300,0.450,0.652,0.846,1,1,1,1,126,,559,visual,Data,TrackUpdate,0.10,2
11,1,5,56.126,0.603,9.570,0.973,0.988,0.0,0.0,221.159,2.074,10.438,0,221.159,1.500,5.000,2.000,0.567,0.756,1,1,1,1,126,,561,visual,Data,TrackUpdate,0.10,2
12,0,0,56.126,0.728,2.338,0.994,0.996,0.0,0.0,228.321,3.833,8.466,0,228.321,1.700,0.300,0.450,0.646,0.850,1,1,1,1,126,,561,visual,Data,TrackUpdate,0.10,2
11,1,5,56.257,0.734,9.329,0.986,0.994,0.0,0.0,221.159,1.763,10.113,0,221.159,1.500,5.000,2.000,0.556,0.768,1,1,1,1,126,,562,visual,Data,TrackUpdate,0.10,2
12,0,0,56.257,0.859,2.893,0.996,0.997,0.0,0.0,228.321,3.576,8.184,0,228.321,1.700,0.300,0.450,0.638,0.865,1,1,1,1,126,,562,visual,Data,TrackUpdate,0.10,2
11,1,5,56.323,0.800,9.585,0.972,0.988,0.0,0.0,221.305,1.599,9.938,0,221.305,1.500,5.000,2.000,0.550,0.775,1,1,1,1,126,,563,visual,Data,TrackUpdate,0.10,2
12,0,0,56.323,0.925,2.902,0.998,0.999,0.0,0.0,228.321,3.548,8.135,0,228.321,1.700,0.300,0.450,0.637,0.867,1,1,1,1,126,,563,visual,Data,TrackUpdate,0.10,2
11,1,5,56.456,0.933,9.922,0.962,0.985,0.0,0.0,221.305,1.279,9.665,0,221.305,1.500,5.000,2.000,0.538,0.785,1,1,1,1,126,,564,visual,Data,TrackUpdate,0.10,2
12,0,0,56.456,1.058,2.838,0.997,0.998,0.0,0.0,224.445,3.502,8.070,0,224.445,1.700,0.300,0.450,0.636,0.871,1,1,1,1,126,,564,visual,Data,TrackUpdate,0.10,2
11,1,5,56.523,1.000,9.994,0.971,0.988,0.0,0.0,221.506,1.124,9.484,0,221.506,1.500,5.000,2.000,0.531,0.793,1,1,1,1,126,,565,visual,Data,TrackUpdate,0.10,2
12,0,0,56.523,1.125,2.837,0.995,0.997,0.0,0.0,224.445,3.472,8.030,0,224.445,1.700,0.300,0.450,0.635,0.872,1,1,1,1,126,,565,visual,Data,TrackUpdate,0.10,2
11,1,5,56.57,0.534,9.233,0.982,0.992,0.0,0.0,221.859,2.254,10.571,0,221.859,1.500,5.000,2.000,0.573,0.750,1,1,1,1,126,,560,visual,Data,TrackUpdate,0.10,2
12,0,0,56.57,0.659,2.336,0.993,0.995,0.0,0.0,228.321,3.898,8.463,0,228.321,1.700,0.300,0.450,0.649,0.850,1,1,1,1,126,,560,visual,Data,TrackUpdate,0.10,2
11,1,5,56.656,1.133,10.447,0.966,0.987,0.0,0.0,221.506,0.762,9.106,0,221.506,1.500,5.000,2.000,0.517,0.809,1,1,1,1,126,,566,visual,Data,TrackUpdate,0.10,2
12,0,0,56.656,1.258,2.688,0.997,0.998,0.0,0.0,224.445,3.469,8.028,0,224.445,1.700,0.300,0.450,0.635,0.873,1,1,1,1,126,,566,visual,Data,TrackUpdate,0.10,2
11,1,5,56.723,1.200,10.393,0.992,0.997,0.0,0.0,221.340,0.652,8.979,0,221.340,1.500,5.000,2.000,0.512,0.815,127,127,1,1,127,,567,visual,Data,TrackUpdate,0.10,2
12,0,0,56.723,1.325,2.716,0.998,0.999,0.0,0.0,224.445,3.432,7.984,0,224.445,1.700,0.300,0.450,0.634,0.875,1,1,1,1,126,,567,visual,Data,TrackUpdate,0.10,2
11,1,5,56.857,1.334,10.093,0.972,0.990,0.0,0.0,221.340,0.365,8.655,0,221.340,1.500,5.000,2.000,0.499,0.830,127,127,1,1,127,,568,visual,Data,TrackUpdate,0.10,2
12,0,0,56.857,1.459,3.404,0.996,0.998,0.0,0.0,224.445,3.278,7.708,0,224.445,1.700,0.300,0.450,0.629,0.891,1,1,1,1,126,,568,visual,Data,TrackUpdate,0.10,2
11,1,5,56.923,1.400,10.317,0.978,0.992,0.0,0.0,222.443,0.228,8.427,0,222.443,1.500,5.000,2.000,0.493,0.841,127,127,1,1,127,,569,visual,Data,TrackUpdate,0.10,2
12,0,0,56.923,1.525,3.493,0.996,0.998,0.0,0.0,219.994,3.252,7.622,0,219.994,1.700,0.300,0.450,0.629,0.895,1,1,1,1,126,,569,visual,Data,TrackUpdate,0.10,2
11,1,5,57.124,1.601,11.382,0.914,0.971,0.0,0.0,222.396,-0.386,7.744,0,222.396,1.500,5.000,2.000,0.463,0.874,127,127,1,1,127,,571,visual,Data,TrackUpdate,0.10,2
12,0,0,57.124,1.726,2.991,0.994,0.997,0.0,0.0,219.994,3.217,7.518,0,219.994,1.700,0.300,0.450,0.628,0.902,1,1,1,1,126,,571,visual,Data,TrackUpdate,0.10,2
11,1,5,57.257,1.734,11.813,0.960,0.987,0.0,0.0,222.494,-0.849,7.222,0,222.494,1.500,5.000,2.000,0.438,0.902,127,127,1,1,127,,572,visual,Data,TrackUpdate,0.10,2
12,0,0,57.257,1.859,3.027,0.985,0.992,0.0,0.0,219.994,3.158,7.422,0,219.994,1.700,0.300,0.450,0.626,0.907,1,1,1,1,126,,572,visual,Data,TrackUpdate,0.10,2
11,1,5,57.323,1.800,12.400,0.973,0.991,0.0,0.0,222.451,-1.062,6.988,0,222.451,1.500,5.000,2.000,0.427,0.915,127,127,1,1,127,,573,visual,Data,TrackUpdate,0.10,2
12,0,0,57.323,1.925,2.945,0.994,0.997,0.0,0.0,219.994,3.147,7.419,0,219.994,1.700,0.300,0.450,0.626,0.907,1,1,1,1,126,,573,visual,Data,TrackUpdate,0.10,2
11,1,5,57.457,1.934,11.970,0.984,0.995,0.0,0.0,222.451,-1.388,6.624,0,222.451,1.500,5.000,2.000,0.407,0.934,127,127,1,1,127,,574,visual,Data,TrackUpdate,0.10,2
12,0,0,57.457,2.059,2.929,0.995,0.998,0.0,0.0,219.994,3.103,7.386,0,219.994,1.700,0.300,0.450,0.624,0.908,1,1,1,1,126,,574,visual,Data,TrackUpdate,0.10,2
11,1,5,57.523,2.000,12.290,0.985,0.996,0.0,0.0,221.965,-1.570,6.453,0,221.965,1.500,5.000,2.000,0.396,0.944,127,127,1,1,127,,575,visual,Data,TrackUpdate,0.10,2
12,0,0,57.523,2.125,3.076,0.996,0.998,0.0,0.0,219.994,3.037,7.320,0,219.994,1.700,0.300,0.450,0.621,0.913,1,1,1,1,126,,575,visual,Data,TrackUpdate,0.10,2
11,1,5,57.57,1.534,10.860,0.971,0.990,0.0,0.0,222.396,-0.181,7.974,0,222.396,1.500,5.000,2.000,0.473,0.863,127,127,1,1,127,,570,visual,Data,TrackUpdate,0.10,2
12,0,0,57.57,1.659,3.241,0.990,0.995,0.0,0.0,219.994,3.223,7.527,0,219.994,1.700,0.300,0.450,0.628,0.901,1,1,1,1,126,,570,visual,Data,TrackUpdate,0.10,2
11,1,5,57.656,2.133,12.805,0.986,0.996,0.0,0.0,221.957,-1.917,6.065,0,221.957,1.500,5.000,2.000,0.375,0.965,127,127,1,1,127,,576,visual,Data,TrackUpdate,0.10,2
12,0,0,57.656,2.258,3.419,0.993,0.997,0.0,0.0,221.178,2.851,7.170,0,221.178,1.700,0.300,0.450,0.614,0.921,1,1,1,1,126,,576,visual,Data,TrackUpdate,0.10,2
11,1,5,57.723,2.200,12.971,0.986,0.996,0.0,0.0,221.957,-2.101,5.859,0,221.957,1.500,5.000,2.000,0.364,0.977,127,127,1,1,127,,577,visual,Data,TrackUpdate,0.10,2
12,0,0,57.723,2.325,3.443,0.992,0.997,0.0,0.0,221.178,2.774,7.109,0,221.178,1.700,0.300,0.450,0.611,0.926,1,1,1,1,126,,577,visual,Data,TrackUpdate,0.10,2
11,1,5,57.857,2.334,13.084,0.986,0.996,0.0,0.0,222.059,-2.468,5.442,0,222.059,1.500,5.000,2.000,0.339,0.999,127,127,1,1,127,,578,visual,Data,TrackUpdate,0.10,2
12,0,0,57.857,2.459,3.472,0.989,0.996,0.0,0.0,221.178,2.686,7.018,0,221.178,1.700,0.300,0.450,0.607,0.931,1,1,1,1,126,,578,visual,Data,TrackUpdate,0.10,2
11,1,5,57.923,2.400,13.022,0.986,0.996,0.0,0.0,222.048,-2.652,5.238,0,222.048,1.500,5.000,2.000,0.327,1.010,127,127,1,1,127,,579,visual,Data,TrackUpdate,0.10,2
12,0,0,57.923,2.525,3.515,0.992,0.997,0.0,0.0,221.178,2.608,6.923,0,221.178,1.700,0.300,0.450,0.604,0.937,1,1,1,1,126,,579,visual,Data,TrackUpdate,0.10,2
12,0,0,58.124,2.726,3.567,0.992,0.997,0.0,0.0,220.961,2.512,6.772,0,220.961,1.700,0.300,0.450,0.601,0.946,127,127,1,1,127,,581,visual,Data,TrackUpdate,0.10,1
12,0,0,58.257,2.859,3.720,0.978,0.994,0.0,0.0,220.961,2.440,6.672,0,220.961,1.700,0.300,0.450,0.598,0.953,127,127,1,1,127,,582,visual,Data,TrackUpdate,0.10,1
12,0,0,58.323,2.925,3.800,0.990,0.997,0.0,0.0,220.961,2.387,6.598,0,220.961,1.700,0.300,0.450,0.596,0.957,127,127,1,1,127,,583,visual,Data,TrackUpdate,0.10,1
12,0,0,58.457,3.059,3.885,0.961,0.990,0.0,0.0,220.961,2.303,6.471,0,220.961,1.700,0.300,0.450,0.592,0.966,127,127,1,1,127,,584,visual,Data,TrackUpdate,0.10,1
12,0,0,58.524,3.126,3.611,0.994,0.999,0.0,0.0,220.961,2.252,6.421,0,220.961,1.700,0.300,0.450,0.590,0.969,127,127,1,1,127,,585,visual,Data,TrackUpdate,0.10,1
11,1,5,58.57,2.534,13.467,0.986,0.997,0.0,0.0,221.951,-3.027,4.826,0,221.951,1.500,5.000,2.000,0.301,1.032,127,127,1,1,127,,580,visual,Data,TrackUpdate,0.10,2
12,0,0,58.57,2.659,3.458,0.990,0.997,0.0,0.0,221.178,2.589,6.868,0,221.178,1.700,0.300,0.450,0.604,0.941,1,1,1,1,126,,580,visual,Data,TrackUpdate,0.10,2
12,0,0,58.657,3.259,3.363,0.979,0.995,0.0,0.0,220.961,2.206,6.407,0,220.961,1.700,0.300,0.450,0.588,0.970,127,127,1,1,127,,586,visual,Data,TrackUpdate,0.10,1
12,0,0,58.723,3.325,3.323,0.991,0.998,0.0,0.0,221.099,2.178,6.398,0,221.099,1.700,0.300,0.450,0.586,0.970,127,127,1,1,127,,587,visual,Data,TrackUpdate,0.10,1
12,0,0,58.857,3.459,3.315,0.986,0.997,0.0,0.0,221.099,2.106,6.368,0,221.099,1.700,0.300,0.450,0.583,0.973,127,127,1,1,127,,588,visual,Data,TrackUpdate,0.10,1
12,0,0,58.923,3.525,3.466,0.984,0.997,0.0,0.0,221.099,2.020,6.321,0,221.099,1.700,0.300,0.450,0.579,0.976,127,127,1,1,127,,589,visual,Data,TrackUpdate,0.10,1
12,0,0,59.123,3.725,3.419,0.994,0.999,0.0,0.0,221.099,1.799,6.292,0,221.099,1.700,0.300,0.450,0.568,0.977,127,127,1,1,127,,591,visual,Data,TrackUpdate,0.10,1
12,0,0,59.257,3.859,3.166,0.993,0.999,0.0,0.0,221.099,1.712,6.269,0,221.099,1.700,0.300,0.450,0.564,0.979,127,127,1,1,127,,592,visual,Data,TrackUpdate,0.10,1
12,0,0,59.323,3.925,3.157,0.978,0.998,0.0,0.0,225.401,1.674,6.234,0,225.401,1.700,0.300,0.450,0.562,0.981,127,127,1,1,127,,593,visual,Data,TrackUpdate,0.10,1
12,0,0,59.457,4.059,3.243,0.760,0.977,0.0,0.0,225.401,1.587,6.197,0,225.401,1.700,0.300,0.450,0.557,0.983,127,127,1,1,127,,594,visual,Data,TrackUpdate,0.10,1
12,0,0,59.523,4.125,3.269,0.812,0.984,0.0,0.0,225.401,1.552,6.159,0,225.401,1.700,0.300,0.450,0.556,0.986,127,127,1,1,127,,595,visual,Data,TrackUpdate,0.10,1
12,0,0,59.57,3.659,3.544,0.988,0.998,0.0,0.0,221.099,1.866,6.300,0,221.099,1.700,0.300,0.450,0.571,0.977,127,127,1,1,127,,590,visual,Data,TrackUpdate,0.10,1
22,2,5,96.857,0.067,13.709,0.982,0.986,0.0,0.0,42.663,3.456,10.715,0,42.663,1.500,5.000,2.000,0.616,0.748,1,1,1,1,126,,968,visual,Data,TrackUpdate,0.10,1
22,2,5,96.923,0.133,13.669,0.991,0.993,0.0,0.0,42.663,3.544,10.976,0,42.663,1.500,5.000,2.000,0.618,0.739,1,1,1,1,126,,969,visual,Data,TrackUpdate,0.10,1
22,2,5,97.0,0.210,13.488,0.980,0.986,0.0,0.0,41.888,3.652,11.229,0,41.888,1.500,5.000,2.000,0.620,0.729,1,1,1,1,126,,970,visual,Data,TrackUpdate,0.10,1
22,2,5,97.123,0.333,13.827,0.408,0.621,0.0,0.0,39.298,3.892,11.749,0,39.298,1.500,5.000,2.000,0.625,0.711,1,1,1,1,126,,971,visual,Data,TrackUpdate,0.10,1
22,2,5,97.257,0.467,14.004,0.890,0.937,0.0,0.0,41.116,4.398,12.086,0,41.116,1.500,5.000,2.000,0.640,0.700,1,1,1,1,126,,972,visual,Data,TrackUpdate,0.10,1
22,2,5,97.323,0.533,14.066,0.599,0.785,0.0,0.0,41.116,4.577,12.308,0,41.116,1.500,5.000,2.000,0.643,0.694,1,1,1,1,126,,973,visual,Data,TrackUpdate,0.10,1
22,2,5,97.456,0.666,13.978,0.943,0.973,0.0,0.0,42.378,5.054,12.566,0,42.378,1.500,5.000,2.000,0.657,0.686,1,1,1,1,126,,974,visual,Data,TrackUpdate,0.10,1
22,2,5,97.523,0.733,13.957,0.865,0.941,0.0,0.0,42.378,5.222,12.771,0,42.378,1.500,5.000,2.000,0.660,0.681,1,1,1,1,126,,975,visual,Data,TrackUpdate,0.10,1
22,2,5,97.657,0.867,13.512,0.903,0.960,0.0,0.0,41.197,5.486,13.040,0,41.197,1.500,5.000,2.000,0.666,0.672,1,1,1,1,126,,976,visual,Data,TrackUpdate,0.10,1
22,2,5,97.723,0.933,13.327,0.927,0.970,0.0,0.0,41.197,5.659,13.136,0,41.197,1.500,5.000,2.000,0.670,0.670,1,1,1,1,126,,977,visual,Data,TrackUpdate,0.10,1
22,2,5,97.857,1.067,13.071,0.896,0.959,0.0,0.0,43.140,6.030,13.337,0,43.140,1.500,5.000,2.000,0.679,0.666,1,1,1,1,126,,978,visual,Data,TrackUpdate,0.10,1
22,2,5,97.923,1.133,12.991,0.796,0.921,0.0,0.0,43.140,6.170,13.496,0,43.140,1.500,5.000,2.000,0.682,0.661,1,1,1,1,126,,979,visual,Data,TrackUpdate,0.10,1
22,2,5,98.123,1.333,13.029,0.867,0.951,0.0,0.0,42.781,6.702,14.050,0,42.781,1.500,5.000,2.000,0.691,0.647,1,1,1,1,126,,981,visual,Data,TrackUpdate,0.10,1
22,2,5,98.257,1.467,13.199,0.767,0.918,0.0,0.0,43.802,7.134,14.453,0,43.802,1.500,5.000,2.000,0.699,0.637,1,1,1,1,126,,982,visual,Data,TrackUpdate,0.10,1
22,2,5,98.323,1.533,13.169,0.712,0.900,0.0,0.0,43.802,7.289,14.625,0,43.802,1.500,5.000,2.000,0.702,0.633,1,1,1,1,126,,983,visual,Data,TrackUpdate,0.10,1
22,2,5,98.457,1.667,12.966,0.677,0.892,0.0,0.0,43.698,7.566,14.905,0,43.698,1.500,5.000,2.000,0.706,0.627,1,1,1,1,126,,984,visual,Data,TrackUpdate,0.10,1
22,2,5,98.523,1.733,12.933,0.311,0.775,0.0,0.0,43.698,7.720,15.067,0,43.698,1.500,5.000,2.000,0.709,0.624,1,1,1,1,126,,985,visual,Data,TrackUpdate,0.10,1
22,2,5,98.57,1.267,12.917,0.659,0.873,0.0,0.0,42.821,6.495,13.830,0,42.821,1.500,5.000,2.000,0.688,0.653,1,1,1,1,126,,980,visual,Data,TrackUpdate,0.10,1
22,2,5,98.657,1.867,12.900,0.311,0.784,0.0,0.0,44.792,8.069,15.369,0,44.792,1.500,5.000,2.000,0.715,0.618,127,127,1,1,127,,986,visual,Data,TrackUpdate,0.10,1
22,2,5,98.723,1.933,12.918,0.311,0.789,0.0,0.0,44.792,8.221,15.529,0,44.792,1.500,5.000,2.000,0.717,0.614,127,127,1,1,127,,987,visual,Data,TrackUpdate,0.10,1
22,2,5,98.857,2.067,12.986,0.311,0.798,0.0,0.0,44.650,8.525,15.858,0,44.650,1.500,5.000,2.000,0.721,0.607,127,127,1,1,127,,988,visual,Data,TrackUpdate,0.10,1
22,2,5,98.923,2.133,12.770,0.311,0.802,0.0,0.0,44.650,8.676,16.018,0,44.650,1.500,5.000,2.000,0.723,0.604,127,127,1,1,127,,989,visual,Data,TrackUpdate,0.10,1
22,2,5,99.0,2.210,12.509,0.311,0.808,0.0,0.0,44.650,8.852,16.203,0,44.650,1.500,5.000,2.000,0.725,0.600,127,127,1,1,127,,990,visual,Data,TrackUpdate,0.10,1
