conID,tstID,poiID,class
0,0,0,bicycle
0,0,1,car
0,1,0,bicycle
0,1,1,car
0,2,0,bicycle
0,2,1,car
0,3,0,bicycle
0,3,1,car
0,4,0,bicycle
0,4,1,car
0,5,0,bicycle
0,5,1,car
0,6,0,bicycle
0,6,1,car
0,7,0,bicycle
0,7,1,car
0,8,0,bicycle
0,8,1,car
0,9,0,bicycle
0,9,1,car
0,10,0,bicycle
0,10,1,car
0,11,0,bicycle
0,11,1,car
0,12,0,bicycle
0,12,1,car
0,13,0,bicycle
0,13,1,car
0,14,0,bicycle
0,14,1,car
0,15,0,bicycle
0,15,1,car
0,16,0,bicycle
0,16,1,car
0,17,0,bicycle
0,17,1,car
0,18,0,bicycle
0,18,1,car
0,19,0,bicycle
0,19,1,car
0,20,0,bicycle
0,20,1,car
0,21,0,bicycle
0,21,1,car
0,22,0,bicycle
0,22,1,car
0,23,0,bicycle
0,23,1,car
0,24,0,bicycle
0,24,1,car
0,25,0,bicycle
0,25,1,car
0,26,0,bicycle
0,26,1,car
0,27,0,bicycle
0,27,1,car
0,28,0,bicycle
0,28,1,car
0,29,0,bicycle
0,29,1,car
0,30,0,bicycle
0,30,1,car
0,31,0,bicycle
0,31,1,car
0,32,0,bicycle
0,32,1,car
0,33,0,bicycle
0,33,1,car
0,34,0,bicycle
0,34,1,car
0,35,0,bicycle
0,35,1,car
0,36,0,bicycle
0,36,1,car
0,37,0,bicycle
0,37,1,car
0,38,0,bicycle
0,38,1,car
0,39,0,bicycle
0,39,1,car
0,40,0,bicycle
0,40,1,car
0,41,0,bicycle
0,41,1,car
0,42,0,bicycle
0,42,1,car
0,43,0,bicycle
0,43,1,car
0,44,0,bicycle
0,44,1,car
0,45,0,bicycle
0,45,1,car
0,46,0,bicycle
0,46,1,car
0,47,0,bicycle
0,47,1,car
0,48,0,bicycle
0,48,1,car
0,49,0,bicycle
0,49,1,car
0,50,0,bicycle
0,50,1,car
0,51,0,bicycle
0,51,1,car
0,52,0,bicycle
0,52,1,car
0,53,0,bicycle
0,53,1,car
0,54,0,bicycle
0,54,1,car
0,55,0,bicycle
0,55,1,car
0,56,0,bicycle
0,56,1,car
0,57,0,bicycle
0,57,1,car
0,58,0,bicycle
0,58,1,car
0,59,0,bicycle
0,59,1,car
0,60,0,bicycle
0,60,1,car
0,61,0,bicycle
0,61,1,car
0,62,0,bicycle
0,62,1,car
0,63,0,bicycle
0,63,1,car
0,64,0,bicycle
0,64,1,car
0,65,0,bicycle
0,65,1,car
0,66,0,bicycle
0,66,1,car
0,67,0,bicycle
0,67,1,car
0,68,0,bicycle
0,68,1,car
0,69,0,bicycle
0,69,1,car
0,70,0,bicycle
0,70,1,car
0,71,0,bicycle
0,71,1,car
0,72,0,bicycle
0,72,1,car
0,73,0,bicycle
0,73,1,car
0,74,0,bicycle
0,74,1,car
0,75,0,bicycle
0,75,1,car
0,76,0,bicycle
0,76,1,car
0,77,0,bicycle
0,77,1,car
0,78,0,bicycle
0,78,1,car
0,79,0,bicycle
0,79,1,car
0,80,0,bicycle
0,80,1,car
0,81,0,bicycle
0,81,1,car
0,82,0,bicycle
0,82,1,car
0,83,0,bicycle
0,83,1,car
0,84,0,bicycle
0,84,1,car
0,85,0,bicycle
0,85,1,car
0,86,0,bicycle
0,86,1,car
0,87,0,bicycle
0,87,1,car
0,88,0,bicycle
0,88,1,car
0,89,0,bicycle
0,89,1,car
0,90,0,bicycle
0,90,1,car
0,91,0,bicycle
0,91,1,car
0,92,0,bicycle
0,92,1,car
0,93,0,bicycle
0,93,1,car
0,94,0,bicycle
0,94,1,car
0,95,0,bicycle
0,95,1,car
0,96,0,bicycle
0,96,1,car
0,97,0,bicycle
0,97,1,car
0,98,0,bicycle
0,98,1,car
0,99,0,bicycle
0,99,1,car
1,0,0,car
1,0,1,bicycle
1,1,0,car
1,1,1,bicycle
1,2,0,car
1,2,1,bicycle
1,3,0,car
1,3,1,bicycle
1,4,0,car
1,4,1,bicycle
1,5,0,car
1,5,1,bicycle
1,6,0,car
1,6,1,bicycle
1,7,0,car
1,7,1,bicycle
1,8,0,car
1,8,1,bicycle
1,9,0,car
1,9,1,bicycle
1,10,0,car
1,10,1,bicycle
1,11,0,car
1,11,1,bicycle
1,12,0,car
1,12,1,bicycle
1,13,0,car
1,13,1,bicycle
1,14,0,car
1,14,1,bicycle
1,15,0,car
1,15,1,bicycle
1,16,0,car
1,16,1,bicycle
1,17,0,car
1,17,1,bicycle
1,18,0,car
1,18,1,bicycle
1,19,0,car
1,19,1,bicycle
1,20,0,car
1,20,1,bicycle
1,21,0,car
1,21,1,bicycle
1,22,0,car
1,22,1,bicycle
1,23,0,car
1,23,1,bicycle
1,24,0,car
1,24,1,bicycle
1,25,0,car
1,25,1,bicycle
1,26,0,car
1,26,1,bicycle
1,27,0,car
1,27,1,bicycle
1,28,0,car
1,28,1,bicycle
1,29,0,car
1,29,1,bicycle
1,30,0,car
1,30,1,bicycle
1,31,0,car
1,31,1,bicycle
1,32,0,car
1,32,1,bicycle
1,33,0,car
1,33,1,bicycle
1,34,0,car
1,34,1,bicycle
1,35,0,car
1,35,1,bicycle
1,36,0,car
1,36,1,bicycle
1,37,0,car
1,37,1,bicycle
1,38,0,car
1,38,1,bicycle
1,39,0,car
1,39,1,bicycle
1,40,0,car
1,40,1,bicycle
1,41,0,car
1,41,1,bicycle
1,42,0,car
1,42,1,bicycle
1,43,0,car
1,43,1,bicycle
1,44,0,car
1,44,1,bicycle
1,45,0,car
1,45,1,bicycle
1,46,0,car
1,46,1,bicycle
1,47,0,car
1,47,1,bicycle
1,48,0,car
1,48,1,bicycle
1,49,0,car
1,49,1,bicycle
1,50,0,car
1,50,1,bicycle
1,51,0,car
1,51,1,bicycle
1,52,0,car
1,52,1,bicycle
1,53,0,car
1,53,1,bicycle
1,54,0,car
1,54,1,bicycle
1,55,0,car
1,55,1,bicycle
1,56,0,car
1,56,1,bicycle
1,57,0,car
1,57,1,bicycle
1,58,0,car
1,58,1,bicycle
1,59,0,car
1,59,1,bicycle
1,60,0,car
1,60,1,bicycle
1,61,0,car
1,61,1,bicycle
1,62,0,car
1,62,1,bicycle
1,63,0,car
1,63,1,bicycle
1,64,0,car
1,64,1,bicycle
1,65,0,car
1,65,1,bicycle
1,66,0,car
1,66,1,bicycle
1,67,0,car
1,67,1,bicycle
1,68,0,car
1,68,1,bicycle
1,69,0,car
1,69,1,bicycle
1,70,0,car
1,70,1,bicycle
1,71,0,car
1,71,1,bicycle
1,72,0,car
1,72,1,bicycle
1,73,0,car
1,73,1,bicycle
1,74,0,car
1,74,1,bicycle
1,75,0,car
1,75,1,bicycle
1,76,0,car
1,76,1,bicycle
1,77,0,car
1,77,1,bicycle
1,78,0,car
1,78,1,bicycle
1,79,0,car
1,79,1,bicycle
1,80,0,car
1,80,1,bicycle
1,81,0,car
1,81,1,bicycle
1,82,0,car
1,82,1,bicycle
1,83,0,car
1,83,1,bicycle
1,84,0,car
1,84,1,bicycle
1,85,0,car
1,85,1,bicycle
1,86,0,car
1,86,1,bicycle
1,87,0,car
1,87,1,bicycle
1,88,0,car
1,88,1,bicycle
1,89,0,car
1,89,1,bicycle
1,90,0,car
1,90,1,bicycle
1,91,0,car
1,91,1,bicycle
1,92,0,car
1,92,1,bicycle
1,93,0,car
1,93,1,bicycle
1,94,0,car
1,94,1,bicycle
1,95,0,car
1,95,1,bicycle
1,96,0,car
1,96,1,bicycle
1,97,0,car
1,97,1,bicycle
1,98,0,car
1,98,1,bicycle
1,99,0,car
1,99,1,bicycle
2,0,0,car
2,0,1,bicycle
2,1,0,car
2,1,1,bicycle
2,2,0,car
2,2,1,bicycle
2,3,0,car
2,3,1,bicycle
2,4,0,car
2,4,1,bicycle
2,5,0,car
2,5,1,bicycle
2,6,0,car
2,6,1,bicycle
2,7,0,car
2,7,1,bicycle
2,8,0,car
2,8,1,bicycle
2,9,0,car
2,9,1,bicycle
2,10,0,car
2,10,1,bicycle
2,11,0,car
2,11,1,bicycle
2,12,0,car
2,12,1,bicycle
2,13,0,car
2,13,1,bicycle
2,14,0,car
2,14,1,bicycle
2,15,0,car
2,15,1,bicycle
2,16,0,car
2,16,1,bicycle
2,17,0,car
2,17,1,bicycle
2,18,0,car
2,18,1,bicycle
2,19,0,car
2,19,1,bicycle
2,20,0,car
2,20,1,bicycle
2,21,0,car
2,21,1,bicycle
2,22,0,car
2,22,1,bicycle
2,23,0,car
2,23,1,bicycle
2,24,0,car
2,24,1,bicycle
2,25,0,car
2,25,1,bicycle
2,26,0,car
2,26,1,bicycle
2,27,0,car
2,27,1,bicycle
2,28,0,car
2,28,1,bicycle
2,29,0,car
2,29,1,bicycle
2,30,0,car
2,30,1,bicycle
2,31,0,car
2,31,1,bicycle
2,32,0,car
2,32,1,bicycle
2,33,0,car
2,33,1,bicycle
2,34,0,car
2,34,1,bicycle
2,35,0,car
2,35,1,bicycle
2,36,0,car
2,36,1,bicycle
2,37,0,car
2,37,1,bicycle
2,38,0,car
2,38,1,bicycle
2,39,0,car
2,39,1,bicycle
2,40,0,car
2,40,1,bicycle
2,41,0,car
2,41,1,bicycle
2,42,0,car
2,42,1,bicycle
2,43,0,car
2,43,1,bicycle
2,44,0,car
2,44,1,bicycle
2,45,0,car
2,45,1,bicycle
2,46,0,car
2,46,1,bicycle
2,47,0,car
2,47,1,bicycle
2,48,0,car
2,48,1,bicycle
2,49,0,car
2,49,1,bicycle
2,50,0,car
2,50,1,bicycle
2,51,0,car
2,51,1,bicycle
2,52,0,car
2,52,1,bicycle
2,53,0,car
2,53,1,bicycle
2,54,0,car
2,54,1,bicycle
2,55,0,car
2,55,1,bicycle
2,56,0,car
2,56,1,bicycle
2,57,0,car
2,57,1,bicycle
2,58,0,car
2,58,1,bicycle
2,59,0,car
2,59,1,bicycle
2,60,0,car
2,60,1,bicycle
2,61,0,car
2,61,1,bicycle
2,62,0,car
2,62,1,bicycle
2,63,0,car
2,63,1,bicycle
2,64,0,car
2,64,1,bicycle
2,65,0,car
2,65,1,bicycle
2,66,0,car
2,66,1,bicycle
2,67,0,car
2,67,1,bicycle
2,68,0,car
2,68,1,bicycle
2,69,0,car
2,69,1,bicycle
2,70,0,car
2,70,1,bicycle
2,71,0,car
2,71,1,bicycle
2,72,0,car
2,72,1,bicycle
2,73,0,car
2,73,1,bicycle
2,74,0,car
2,74,1,bicycle
2,75,0,car
2,75,1,bicycle
2,76,0,car
2,76,1,bicycle
2,77,0,car
2,77,1,bicycle
2,78,0,car
2,78,1,bicycle
2,79,0,car
2,79,1,bicycle
2,80,0,car
2,80,1,bicycle
2,81,0,car
2,81,1,bicycle
2,82,0,car
2,82,1,bicycle
2,83,0,car
2,83,1,bicycle
2,84,0,car
2,84,1,bicycle
2,85,0,car
2,85,1,bicycle
2,86,0,car
2,86,1,bicycle
2,87,0,car
2,87,1,bicycle
2,88,0,car
2,88,1,bicycle
2,89,0,car
2,89,1,bicycle
2,90,0,car
2,90,1,bicycle
2,91,0,car
2,91,1,bicycle
2,92,0,car
2,92,1,bicycle
2,93,0,car
2,93,1,bicycle
2,94,0,car
2,94,1,bicycle
2,95,0,car
2,95,1,bicycle
2,96,0,car
2,96,1,bicycle
2,97,0,car
2,97,1,bicycle
2,98,0,car
2,98,1,bicycle
2,99,0,car
2,99,1,bicycle
3,0,0,bicycle
3,0,1,car
3,1,0,bicycle
3,1,1,car
3,2,0,bicycle
3,2,1,car
3,3,0,bicycle
3,3,1,car
3,4,0,bicycle
3,4,1,car
3,5,0,bicycle
3,5,1,car
3,6,0,bicycle
3,6,1,car
3,7,0,bicycle
3,7,1,car
3,8,0,bicycle
3,8,1,car
3,9,0,bicycle
3,9,1,car
3,10,0,bicycle
3,10,1,car
3,11,0,bicycle
3,11,1,car
3,12,0,bicycle
3,12,1,car
3,13,0,bicycle
3,13,1,car
3,14,0,bicycle
3,14,1,car
3,15,0,bicycle
3,15,1,car
3,16,0,bicycle
3,16,1,car
3,17,0,bicycle
3,17,1,car
3,18,0,bicycle
3,18,1,car
3,19,0,bicycle
3,19,1,car
3,20,0,bicycle
3,20,1,car
3,21,0,bicycle
3,21,1,car
3,22,0,bicycle
3,22,1,car
3,23,0,bicycle
3,23,1,car
3,24,0,bicycle
3,24,1,car
3,25,0,bicycle
3,25,1,car
3,26,0,bicycle
3,26,1,car
3,27,0,bicycle
3,27,1,car
3,28,0,bicycle
3,28,1,car
3,29,0,bicycle
3,29,1,car
3,30,0,bicycle
3,30,1,car
3,31,0,bicycle
3,31,1,car
3,32,0,bicycle
3,32,1,car
3,33,0,bicycle
3,33,1,car
3,34,0,bicycle
3,34,1,car
3,35,0,bicycle
3,35,1,car
3,36,0,bicycle
3,36,1,car
3,37,0,bicycle
3,37,1,car
3,38,0,bicycle
3,38,1,car
3,39,0,bicycle
3,39,1,car
3,40,0,bicycle
3,40,1,car
3,41,0,bicycle
3,41,1,car
3,42,0,bicycle
3,42,1,car
3,43,0,bicycle
3,43,1,car
3,44,0,bicycle
3,44,1,car
3,45,0,bicycle
3,45,1,car
3,46,0,bicycle
3,46,1,car
3,47,0,bicycle
3,47,1,car
3,48,0,bicycle
3,48,1,car
3,49,0,bicycle
3,49,1,car
3,50,0,bicycle
3,50,1,car
3,51,0,bicycle
3,51,1,car
3,52,0,bicycle
3,52,1,car
3,53,0,bicycle
3,53,1,car
3,54,0,bicycle
3,54,1,car
3,55,0,bicycle
3,55,1,car
3,56,0,bicycle
3,56,1,car
3,57,0,bicycle
3,57,1,car
3,58,0,bicycle
3,58,1,car
3,59,0,bicycle
3,59,1,car
3,60,0,bicycle
3,60,1,car
3,61,0,bicycle
3,61,1,car
3,62,0,bicycle
3,62,1,car
3,63,0,bicycle
3,63,1,car
3,64,0,bicycle
3,64,1,car
3,65,0,bicycle
3,65,1,car
3,66,0,bicycle
3,66,1,car
3,67,0,bicycle
3,67,1,car
3,68,0,bicycle
3,68,1,car
3,69,0,bicycle
3,69,1,car
3,70,0,bicycle
3,70,1,car
3,71,0,bicycle
3,71,1,car
3,72,0,bicycle
3,72,1,car
3,73,0,bicycle
3,73,1,car
3,74,0,bicycle
3,74,1,car
3,75,0,bicycle
3,75,1,car
3,76,0,bicycle
3,76,1,car
3,77,0,bicycle
3,77,1,car
3,78,0,bicycle
3,78,1,car
3,79,0,bicycle
3,79,1,car
3,80,0,bicycle
3,80,1,car
3,81,0,bicycle
3,81,1,car
3,82,0,bicycle
3,82,1,car
3,83,0,bicycle
3,83,1,car
3,84,0,bicycle
3,84,1,car
3,85,0,bicycle
3,85,1,car
3,86,0,bicycle
3,86,1,car
3,87,0,bicycle
3,87,1,car
3,88,0,bicycle
3,88,1,car
3,89,0,bicycle
3,89,1,car
3,90,0,bicycle
3,90,1,car
3,91,0,bicycle
3,91,1,car
3,92,0,bicycle
3,92,1,car
3,93,0,bicycle
3,93,1,car
3,94,0,bicycle
3,94,1,car
3,95,0,bicycle
3,95,1,car
3,96,0,bicycle
3,96,1,car
3,97,0,bicycle
3,97,1,car
3,98,0,bicycle
3,98,1,car
3,99,0,bicycle
3,99,1,car
4,0,0,bicycle
4,0,1,car
4,1,0,bicycle
4,1,1,car
4,2,0,bicycle
4,2,1,car
4,3,0,bicycle
4,3,1,car
4,4,0,bicycle
4,4,1,car
4,5,0,bicycle
4,5,1,car
4,6,0,bicycle
4,6,1,car
4,7,0,bicycle
4,7,1,car
4,8,0,bicycle
4,8,1,car
4,9,0,bicycle
4,9,1,car
4,10,0,bicycle
4,10,1,car
4,11,0,bicycle
4,11,1,car
4,12,0,bicycle
4,12,1,car
4,13,0,bicycle
4,13,1,car
4,14,0,bicycle
4,14,1,car
4,15,0,bicycle
4,15,1,car
4,16,0,bicycle
4,16,1,car
4,17,0,bicycle
4,17,1,car
4,18,0,bicycle
4,18,1,car
4,19,0,bicycle
4,19,1,car
4,20,0,bicycle
4,20,1,car
4,21,0,bicycle
4,21,1,car
4,22,0,bicycle
4,22,1,car
4,23,0,bicycle
4,23,1,car
4,24,0,bicycle
4,24,1,car
4,25,0,bicycle
4,25,1,car
4,26,0,bicycle
4,26,1,car
4,27,0,bicycle
4,27,1,car
4,28,0,bicycle
4,28,1,car
4,29,0,bicycle
4,29,1,car
4,30,0,bicycle
4,30,1,car
4,31,0,bicycle
4,31,1,car
4,32,0,bicycle
4,32,1,car
4,33,0,bicycle
4,33,1,car
4,34,0,bicycle
4,34,1,car
4,35,0,bicycle
4,35,1,car
4,36,0,bicycle
4,36,1,car
4,37,0,bicycle
4,37,1,car
4,38,0,bicycle
4,38,1,car
4,39,0,bicycle
4,39,1,car
4,40,0,bicycle
4,40,1,car
4,41,0,bicycle
4,41,1,car
4,42,0,bicycle
4,42,1,car
4,43,0,bicycle
4,43,1,car
4,44,0,bicycle
4,44,1,car
4,45,0,bicycle
4,45,1,car
4,46,0,bicycle
4,46,1,car
4,47,0,bicycle
4,47,1,car
4,48,0,bicycle
4,48,1,car
4,49,0,bicycle
4,49,1,car
4,50,0,bicycle
4,50,1,car
4,51,0,bicycle
4,51,1,car
4,52,0,bicycle
4,52,1,car
4,53,0,bicycle
4,53,1,car
4,54,0,bicycle
4,54,1,car
4,55,0,bicycle
4,55,1,car
4,56,0,bicycle
4,56,1,car
4,57,0,bicycle
4,57,1,car
4,58,0,bicycle
4,58,1,car
4,59,0,bicycle
4,59,1,car
4,60,0,bicycle
4,60,1,car
4,61,0,bicycle
4,61,1,car
4,62,0,bicycle
4,62,1,car
4,63,0,bicycle
4,63,1,car
4,64,0,bicycle
4,64,1,car
4,65,0,bicycle
4,65,1,car
4,66,0,bicycle
4,66,1,car
4,67,0,bicycle
4,67,1,car
4,68,0,bicycle
4,68,1,car
4,69,0,bicycle
4,69,1,car
4,70,0,bicycle
4,70,1,car
4,71,0,bicycle
4,71,1,car
4,72,0,bicycle
4,72,1,car
4,73,0,bicycle
4,73,1,car
4,74,0,bicycle
4,74,1,car
4,75,0,bicycle
4,75,1,car
4,76,0,bicycle
4,76,1,car
4,77,0,bicycle
4,77,1,car
4,78,0,bicycle
4,78,1,car
4,79,0,bicycle
4,79,1,car
4,80,0,bicycle
4,80,1,car
4,81,0,bicycle
4,81,1,car
4,82,0,bicycle
4,82,1,car
4,83,0,bicycle
4,83,1,car
4,84,0,bicycle
4,84,1,car
4,85,0,bicycle
4,85,1,car
4,86,0,bicycle
4,86,1,car
4,87,0,bicycle
4,87,1,car
4,88,0,bicycle
4,88,1,car
4,89,0,bicycle
4,89,1,car
4,90,0,bicycle
4,90,1,car
4,91,0,bicycle
4,91,1,car
4,92,0,bicycle
4,92,1,car
4,93,0,bicycle
4,93,1,car
4,94,0,bicycle
4,94,1,car
4,95,0,bicycle
4,95,1,car
4,96,0,bicycle
4,96,1,car
4,97,0,bicycle
4,97,1,car
4,98,0,bicycle
4,98,1,car
4,99,0,bicycle
4,99,1,car
5,0,0,bicycle
5,0,1,car
5,1,0,bicycle
5,1,1,car
5,2,0,bicycle
5,2,1,car
5,3,0,bicycle
5,3,1,car
5,4,0,bicycle
5,4,1,car
5,5,0,bicycle
5,5,1,car
5,6,0,bicycle
5,6,1,car
5,7,0,bicycle
5,7,1,car
5,8,0,bicycle
5,8,1,car
5,9,0,bicycle
5,9,1,car
5,10,0,bicycle
5,10,1,car
5,11,0,bicycle
5,11,1,car
5,12,0,bicycle
5,12,1,car
5,13,0,bicycle
5,13,1,car
5,14,0,bicycle
5,14,1,car
5,15,0,bicycle
5,15,1,car
5,16,0,bicycle
5,16,1,car
5,17,0,bicycle
5,17,1,car
5,18,0,bicycle
5,18,1,car
5,19,0,bicycle
5,19,1,car
5,20,0,bicycle
5,20,1,car
5,21,0,bicycle
5,21,1,car
5,22,0,bicycle
5,22,1,car
5,23,0,bicycle
5,23,1,car
5,24,0,bicycle
5,24,1,car
5,25,0,bicycle
5,25,1,car
5,26,0,bicycle
5,26,1,car
5,27,0,bicycle
5,27,1,car
5,28,0,bicycle
5,28,1,car
5,29,0,bicycle
5,29,1,car
5,30,0,bicycle
5,30,1,car
5,31,0,bicycle
5,31,1,car
5,32,0,bicycle
5,32,1,car
5,33,0,bicycle
5,33,1,car
5,34,0,bicycle
5,34,1,car
5,35,0,bicycle
5,35,1,car
5,36,0,bicycle
5,36,1,car
5,37,0,bicycle
5,37,1,car
5,38,0,bicycle
5,38,1,car
5,39,0,bicycle
5,39,1,car
5,40,0,bicycle
5,40,1,car
5,41,0,bicycle
5,41,1,car
5,42,0,bicycle
5,42,1,car
5,43,0,bicycle
5,43,1,car
5,44,0,bicycle
5,44,1,car
5,45,0,bicycle
5,45,1,car
5,46,0,bicycle
5,46,1,car
5,47,0,bicycle
5,47,1,car
5,48,0,bicycle
5,48,1,car
5,49,0,bicycle
5,49,1,car
5,50,0,bicycle
5,50,1,car
5,51,0,bicycle
5,51,1,car
5,52,0,bicycle
5,52,1,car
5,53,0,bicycle
5,53,1,car
5,54,0,bicycle
5,54,1,car
5,55,0,bicycle
5,55,1,car
5,56,0,bicycle
5,56,1,car
5,57,0,bicycle
5,57,1,car
5,58,0,bicycle
5,58,1,car
5,59,0,bicycle
5,59,1,car
5,60,0,bicycle
5,60,1,car
5,61,0,bicycle
5,61,1,car
5,62,0,bicycle
5,62,1,car
5,63,0,bicycle
5,63,1,car
5,64,0,bicycle
5,64,1,car
5,65,0,bicycle
5,65,1,car
5,66,0,bicycle
5,66,1,car
5,67,0,bicycle
5,67,1,car
5,68,0,bicycle
5,68,1,car
5,69,0,bicycle
5,69,1,car
5,70,0,bicycle
5,70,1,car
5,71,0,bicycle
5,71,1,car
5,72,0,bicycle
5,72,1,car
5,73,0,bicycle
5,73,1,car
5,74,0,bicycle
5,74,1,car
5,75,0,bicycle
5,75,1,car
5,76,0,bicycle
5,76,1,car
5,77,0,bicycle
5,77,1,car
5,78,0,bicycle
5,78,1,car
5,79,0,bicycle
5,79,1,car
5,80,0,bicycle
5,80,1,car
5,81,0,bicycle
5,81,1,car
5,82,0,bicycle
5,82,1,car
5,83,0,bicycle
5,83,1,car
5,84,0,bicycle
5,84,1,car
5,85,0,bicycle
5,85,1,car
5,86,0,bicycle
5,86,1,car
5,87,0,bicycle
5,87,1,car
5,88,0,bicycle
5,88,1,car
5,89,0,bicycle
5,89,1,car
5,90,0,bicycle
5,90,1,car
5,91,0,bicycle
5,91,1,car
5,92,0,bicycle
5,92,1,car
5,93,0,bicycle
5,93,1,car
5,94,0,bicycle
5,94,1,car
5,95,0,bicycle
5,95,1,car
5,96,0,bicycle
5,96,1,car
5,97,0,bicycle
5,97,1,car
5,98,0,bicycle
5,98,1,car
5,99,0,bicycle
5,99,1,car
6,0,0,bicycle
6,0,1,car
6,1,0,bicycle
6,1,1,car
6,2,0,bicycle
6,2,1,car
6,3,0,bicycle
6,3,1,car
6,4,0,bicycle
6,4,1,car
6,5,0,bicycle
6,5,1,car
6,6,0,bicycle
6,6,1,car
6,7,0,bicycle
6,7,1,car
6,8,0,bicycle
6,8,1,car
6,9,0,bicycle
6,9,1,car
6,10,0,bicycle
6,10,1,car
6,11,0,bicycle
6,11,1,car
6,12,0,bicycle
6,12,1,car
6,13,0,bicycle
6,13,1,car
6,14,0,bicycle
6,14,1,car
6,15,0,bicycle
6,15,1,car
6,16,0,bicycle
6,16,1,car
6,17,0,bicycle
6,17,1,car
6,18,0,bicycle
6,18,1,car
6,19,0,bicycle
6,19,1,car
6,20,0,bicycle
6,20,1,car
6,21,0,bicycle
6,21,1,car
6,22,0,bicycle
6,22,1,car
6,23,0,bicycle
6,23,1,car
6,24,0,bicycle
6,24,1,car
6,25,0,bicycle
6,25,1,car
6,26,0,bicycle
6,26,1,car
6,27,0,bicycle
6,27,1,car
6,28,0,bicycle
6,28,1,car
6,29,0,bicycle
6,29,1,car
6,30,0,bicycle
6,30,1,car
6,31,0,bicycle
6,31,1,car
6,32,0,bicycle
6,32,1,car
6,33,0,bicycle
6,33,1,car
6,34,0,bicycle
6,34,1,car
6,35,0,bicycle
6,35,1,car
6,36,0,bicycle
6,36,1,car
6,37,0,bicycle
6,37,1,car
6,38,0,bicycle
6,38,1,car
6,39,0,bicycle
6,39,1,car
6,40,0,bicycle
6,40,1,car
6,41,0,bicycle
6,41,1,car
6,42,0,bicycle
6,42,1,car
6,43,0,bicycle
6,43,1,car
6,44,0,bicycle
6,44,1,car
6,45,0,bicycle
6,45,1,car
6,46,0,bicycle
6,46,1,car
6,47,0,bicycle
6,47,1,car
6,48,0,bicycle
6,48,1,car
6,49,0,bicycle
6,49,1,car
6,50,0,bicycle
6,50,1,car
6,51,0,bicycle
6,51,1,car
6,52,0,bicycle
6,52,1,car
6,53,0,bicycle
6,53,1,car
6,54,0,bicycle
6,54,1,car
6,55,0,bicycle
6,55,1,car
6,56,0,bicycle
6,56,1,car
6,57,0,bicycle
6,57,1,car
6,58,0,bicycle
6,58,1,car
6,59,0,bicycle
6,59,1,car
6,60,0,bicycle
6,60,1,car
6,61,0,bicycle
6,61,1,car
6,62,0,bicycle
6,62,1,car
6,63,0,bicycle
6,63,1,car
6,64,0,bicycle
6,64,1,car
6,65,0,bicycle
6,65,1,car
6,66,0,bicycle
6,66,1,car
6,67,0,bicycle
6,67,1,car
6,68,0,bicycle
6,68,1,car
6,69,0,bicycle
6,69,1,car
6,70,0,bicycle
6,70,1,car
6,71,0,bicycle
6,71,1,car
6,72,0,bicycle
6,72,1,car
6,73,0,bicycle
6,73,1,car
6,74,0,bicycle
6,74,1,car
6,75,0,bicycle
6,75,1,car
6,76,0,bicycle
6,76,1,car
6,77,0,bicycle
6,77,1,car
6,78,0,bicycle
6,78,1,car
6,79,0,bicycle
6,79,1,car
6,80,0,bicycle
6,80,1,car
6,81,0,bicycle
6,81,1,car
6,82,0,bicycle
6,82,1,car
6,83,0,bicycle
6,83,1,car
6,84,0,bicycle
6,84,1,car
6,85,0,bicycle
6,85,1,car
6,86,0,bicycle
6,86,1,car
6,87,0,bicycle
6,87,1,car
6,88,0,bicycle
6,88,1,car
6,89,0,bicycle
6,89,1,car
6,90,0,bicycle
6,90,1,car
6,91,0,bicycle
6,91,1,car
6,92,0,bicycle
6,92,1,car
6,93,0,bicycle
6,93,1,car
6,94,0,bicycle
6,94,1,car
6,95,0,bicycle
6,95,1,car
6,96,0,bicycle
6,96,1,car
6,97,0,bicycle
6,97,1,car
6,98,0,bicycle
6,98,1,car
6,99,0,bicycle
6,99,1,car
7,0,0,bicycle
7,0,1,car
7,1,0,bicycle
7,1,1,car
7,2,0,bicycle
7,2,1,car
7,3,0,bicycle
7,3,1,car
7,4,0,bicycle
7,4,1,car
7,5,0,bicycle
7,5,1,car
7,6,0,bicycle
7,6,1,car
7,7,0,bicycle
7,7,1,car
7,8,0,bicycle
7,8,1,car
7,9,0,bicycle
7,9,1,car
7,10,0,bicycle
7,10,1,car
7,11,0,bicycle
7,11,1,car
7,12,0,bicycle
7,12,1,car
7,13,0,bicycle
7,13,1,car
7,14,0,bicycle
7,14,1,car
7,15,0,bicycle
7,15,1,car
7,16,0,bicycle
7,16,1,car
7,17,0,bicycle
7,17,1,car
7,18,0,bicycle
7,18,1,car
7,19,0,bicycle
7,19,1,car
7,20,0,bicycle
7,20,1,car
7,21,0,bicycle
7,21,1,car
7,22,0,bicycle
7,22,1,car
7,23,0,bicycle
7,23,1,car
7,24,0,bicycle
7,24,1,car
7,25,0,bicycle
7,25,1,car
7,26,0,bicycle
7,26,1,car
7,27,0,bicycle
7,27,1,car
7,28,0,bicycle
7,28,1,car
7,29,0,bicycle
7,29,1,car
7,30,0,bicycle
7,30,1,car
7,31,0,bicycle
7,31,1,car
7,32,0,bicycle
7,32,1,car
7,33,0,bicycle
7,33,1,car
7,34,0,bicycle
7,34,1,car
7,35,0,bicycle
7,35,1,car
7,36,0,bicycle
7,36,1,car
7,37,0,bicycle
7,37,1,car
7,38,0,bicycle
7,38,1,car
7,39,0,bicycle
7,39,1,car
7,40,0,bicycle
7,40,1,car
7,41,0,bicycle
7,41,1,car
7,42,0,bicycle
7,42,1,car
7,43,0,bicycle
7,43,1,car
7,44,0,bicycle
7,44,1,car
7,45,0,bicycle
7,45,1,car
7,46,0,bicycle
7,46,1,car
7,47,0,bicycle
7,47,1,car
7,48,0,bicycle
7,48,1,car
7,49,0,bicycle
7,49,1,car
7,50,0,bicycle
7,50,1,car
7,51,0,bicycle
7,51,1,car
7,52,0,bicycle
7,52,1,car
7,53,0,bicycle
7,53,1,car
7,54,0,bicycle
7,54,1,car
7,55,0,bicycle
7,55,1,car
7,56,0,bicycle
7,56,1,car
7,57,0,bicycle
7,57,1,car
7,58,0,bicycle
7,58,1,car
7,59,0,bicycle
7,59,1,car
7,60,0,bicycle
7,60,1,car
7,61,0,bicycle
7,61,1,car
7,62,0,bicycle
7,62,1,car
7,63,0,bicycle
7,63,1,car
7,64,0,bicycle
7,64,1,car
7,65,0,bicycle
7,65,1,car
7,66,0,bicycle
7,66,1,car
7,67,0,bicycle
7,67,1,car
7,68,0,bicycle
7,68,1,car
7,69,0,bicycle
7,69,1,car
7,70,0,bicycle
7,70,1,car
7,71,0,bicycle
7,71,1,car
7,72,0,bicycle
7,72,1,car
7,73,0,bicycle
7,73,1,car
7,74,0,bicycle
7,74,1,car
7,75,0,bicycle
7,75,1,car
7,76,0,bicycle
7,76,1,car
7,77,0,bicycle
7,77,1,car
7,78,0,bicycle
7,78,1,car
7,79,0,bicycle
7,79,1,car
7,80,0,bicycle
7,80,1,car
7,81,0,bicycle
7,81,1,car
7,82,0,bicycle
7,82,1,car
7,83,0,bicycle
7,83,1,car
7,84,0,bicycle
7,84,1,car
7,85,0,bicycle
7,85,1,car
7,86,0,bicycle
7,86,1,car
7,87,0,bicycle
7,87,1,car
7,88,0,bicycle
7,88,1,car
7,89,0,bicycle
7,89,1,car
7,90,0,bicycle
7,90,1,car
7,91,0,bicycle
7,91,1,car
7,92,0,bicycle
7,92,1,car
7,93,0,bicycle
7,93,1,car
7,94,0,bicycle
7,94,1,car
7,95,0,bicycle
7,95,1,car
7,96,0,bicycle
7,96,1,car
7,97,0,bicycle
7,97,1,car
7,98,0,bicycle
7,98,1,car
7,99,0,bicycle
7,99,1,car
8,0,0,bicycle
8,0,1,car
8,1,0,bicycle
8,1,1,car
8,2,0,bicycle
8,2,1,car
8,3,0,bicycle
8,3,1,car
8,4,0,bicycle
8,4,1,car
8,5,0,bicycle
8,5,1,car
8,6,0,bicycle
8,6,1,car
8,7,0,bicycle
8,7,1,car
8,8,0,bicycle
8,8,1,car
8,9,0,bicycle
8,9,1,car
8,10,0,bicycle
8,10,1,car
8,11,0,bicycle
8,11,1,car
8,12,0,bicycle
8,12,1,car
8,13,0,bicycle
8,13,1,car
8,14,0,bicycle
8,14,1,car
8,15,0,bicycle
8,15,1,car
8,16,0,bicycle
8,16,1,car
8,17,0,bicycle
8,17,1,car
8,18,0,bicycle
8,18,1,car
8,19,0,bicycle
8,19,1,car
8,20,0,bicycle
8,20,1,car
8,21,0,bicycle
8,21,1,car
8,22,0,bicycle
8,22,1,car
8,23,0,bicycle
8,23,1,car
8,24,0,bicycle
8,24,1,car
8,25,0,bicycle
8,25,1,car
8,26,0,bicycle
8,26,1,car
8,27,0,bicycle
8,27,1,car
8,28,0,bicycle
8,28,1,car
8,29,0,bicycle
8,29,1,car
8,30,0,bicycle
8,30,1,car
8,31,0,bicycle
8,31,1,car
8,32,0,bicycle
8,32,1,car
8,33,0,bicycle
8,33,1,car
8,34,0,bicycle
8,34,1,car
8,35,0,bicycle
8,35,1,car
8,36,0,bicycle
8,36,1,car
8,37,0,bicycle
8,37,1,car
8,38,0,bicycle
8,38,1,car
8,39,0,bicycle
8,39,1,car
8,40,0,bicycle
8,40,1,car
8,41,0,bicycle
8,41,1,car
8,42,0,bicycle
8,42,1,car
8,43,0,bicycle
8,43,1,car
8,44,0,bicycle
8,44,1,car
8,45,0,bicycle
8,45,1,car
8,46,0,bicycle
8,46,1,car
8,47,0,bicycle
8,47,1,car
8,48,0,bicycle
8,48,1,car
8,49,0,bicycle
8,49,1,car
8,50,0,bicycle
8,50,1,car
8,51,0,bicycle
8,51,1,car
8,52,0,bicycle
8,52,1,car
8,53,0,bicycle
8,53,1,car
8,54,0,bicycle
8,54,1,car
8,55,0,bicycle
8,55,1,car
8,56,0,bicycle
8,56,1,car
8,57,0,bicycle
8,57,1,car
8,58,0,bicycle
8,58,1,car
8,59,0,bicycle
8,59,1,car
8,60,0,bicycle
8,60,1,car
8,61,0,bicycle
8,61,1,car
8,62,0,bicycle
8,62,1,car
8,63,0,bicycle
8,63,1,car
8,64,0,bicycle
8,64,1,car
8,65,0,bicycle
8,65,1,car
8,66,0,bicycle
8,66,1,car
8,67,0,bicycle
8,67,1,car
8,68,0,bicycle
8,68,1,car
8,69,0,bicycle
8,69,1,car
8,70,0,bicycle
8,70,1,car
8,71,0,bicycle
8,71,1,car
8,72,0,bicycle
8,72,1,car
8,73,0,bicycle
8,73,1,car
8,74,0,bicycle
8,74,1,car
8,75,0,bicycle
8,75,1,car
8,76,0,bicycle
8,76,1,car
8,77,0,bicycle
8,77,1,car
8,78,0,bicycle
8,78,1,car
8,79,0,bicycle
8,79,1,car
8,80,0,bicycle
8,80,1,car
8,81,0,bicycle
8,81,1,car
8,82,0,bicycle
8,82,1,car
8,83,0,bicycle
8,83,1,car
8,84,0,bicycle
8,84,1,car
8,85,0,bicycle
8,85,1,car
8,86,0,bicycle
8,86,1,car
8,87,0,bicycle
8,87,1,car
8,88,0,bicycle
8,88,1,car
8,89,0,bicycle
8,89,1,car
8,90,0,bicycle
8,90,1,car
8,91,0,bicycle
8,91,1,car
8,92,0,bicycle
8,92,1,car
8,93,0,bicycle
8,93,1,car
8,94,0,bicycle
8,94,1,car
8,95,0,bicycle
8,95,1,car
8,96,0,bicycle
8,96,1,car
8,97,0,bicycle
8,97,1,car
8,98,0,bicycle
8,98,1,car
8,99,0,bicycle
8,99,1,car
9,0,0,car
9,0,1,bicycle
9,1,0,car
9,1,1,bicycle
9,2,0,car
9,2,1,bicycle
9,3,0,car
9,3,1,bicycle
9,4,0,car
9,4,1,bicycle
9,5,0,car
9,5,1,bicycle
9,6,0,car
9,6,1,bicycle
9,7,0,car
9,7,1,bicycle
9,8,0,car
9,8,1,bicycle
9,9,0,car
9,9,1,bicycle
9,10,0,car
9,10,1,bicycle
9,11,0,car
9,11,1,bicycle
9,12,0,car
9,12,1,bicycle
9,13,0,car
9,13,1,bicycle
9,14,0,car
9,14,1,bicycle
9,15,0,car
9,15,1,bicycle
9,16,0,car
9,16,1,bicycle
9,17,0,car
9,17,1,bicycle
9,18,0,car
9,18,1,bicycle
9,19,0,car
9,19,1,bicycle
9,20,0,car
9,20,1,bicycle
9,21,0,car
9,21,1,bicycle
9,22,0,car
9,22,1,bicycle
9,23,0,car
9,23,1,bicycle
9,24,0,car
9,24,1,bicycle
9,25,0,car
9,25,1,bicycle
9,26,0,car
9,26,1,bicycle
9,27,0,car
9,27,1,bicycle
9,28,0,car
9,28,1,bicycle
9,29,0,car
9,29,1,bicycle
9,30,0,car
9,30,1,bicycle
9,31,0,car
9,31,1,bicycle
9,32,0,car
9,32,1,bicycle
9,33,0,car
9,33,1,bicycle
9,34,0,car
9,34,1,bicycle
9,35,0,car
9,35,1,bicycle
9,36,0,car
9,36,1,bicycle
9,37,0,car
9,37,1,bicycle
9,38,0,car
9,38,1,bicycle
9,39,0,car
9,39,1,bicycle
9,40,0,car
9,40,1,bicycle
9,41,0,car
9,41,1,bicycle
9,42,0,car
9,42,1,bicycle
9,43,0,car
9,43,1,bicycle
9,44,0,car
9,44,1,bicycle
9,45,0,car
9,45,1,bicycle
9,46,0,car
9,46,1,bicycle
9,47,0,car
9,47,1,bicycle
9,48,0,car
9,48,1,bicycle
9,49,0,car
9,49,1,bicycle
9,50,0,car
9,50,1,bicycle
9,51,0,car
9,51,1,bicycle
9,52,0,car
9,52,1,bicycle
9,53,0,car
9,53,1,bicycle
9,54,0,car
9,54,1,bicycle
9,55,0,car
9,55,1,bicycle
9,56,0,car
9,56,1,bicycle
9,57,0,car
9,57,1,bicycle
9,58,0,car
9,58,1,bicycle
9,59,0,car
9,59,1,bicycle
9,60,0,car
9,60,1,bicycle
9,61,0,car
9,61,1,bicycle
9,62,0,car
9,62,1,bicycle
9,63,0,car
9,63,1,bicycle
9,64,0,car
9,64,1,bicycle
9,65,0,car
9,65,1,bicycle
9,66,0,car
9,66,1,bicycle
9,67,0,car
9,67,1,bicycle
9,68,0,car
9,68,1,bicycle
9,69,0,car
9,69,1,bicycle
9,70,0,car
9,70,1,bicycle
9,71,0,car
9,71,1,bicycle
9,72,0,car
9,72,1,bicycle
9,73,0,car
9,73,1,bicycle
9,74,0,car
9,74,1,bicycle
9,75,0,car
9,75,1,bicycle
9,76,0,car
9,76,1,bicycle
9,77,0,car
9,77,1,bicycle
9,78,0,car
9,78,1,bicycle
9,79,0,car
9,79,1,bicycle
9,80,0,car
9,80,1,bicycle
9,81,0,car
9,81,1,bicycle
9,82,0,car
9,82,1,bicycle
9,83,0,car
9,83,1,bicycle
9,84,0,car
9,84,1,bicycle
9,85,0,car
9,85,1,bicycle
9,86,0,car
9,86,1,bicycle
9,87,0,car
9,87,1,bicycle
9,88,0,car
9,88,1,bicycle
9,89,0,car
9,89,1,bicycle
9,90,0,car
9,90,1,bicycle
9,91,0,car
9,91,1,bicycle
9,92,0,car
9,92,1,bicycle
9,93,0,car
9,93,1,bicycle
9,94,0,car
9,94,1,bicycle
9,95,0,car
9,95,1,bicycle
9,96,0,car
9,96,1,bicycle
9,97,0,car
9,97,1,bicycle
9,98,0,car
9,98,1,bicycle
9,99,0,car
9,99,1,bicycle
10,0,0,bicycle
10,0,1,car
10,1,0,bicycle
10,1,1,car
10,2,0,bicycle
10,2,1,car
10,3,0,bicycle
10,3,1,car
10,4,0,bicycle
10,4,1,car
10,5,0,bicycle
10,5,1,car
10,6,0,bicycle
10,6,1,car
10,7,0,bicycle
10,7,1,car
10,8,0,bicycle
10,8,1,car
10,9,0,bicycle
10,9,1,car
10,10,0,bicycle
10,10,1,car
10,11,0,bicycle
10,11,1,car
10,12,0,bicycle
10,12,1,car
10,13,0,bicycle
10,13,1,car
10,14,0,bicycle
10,14,1,car
10,15,0,bicycle
10,15,1,car
10,16,0,bicycle
10,16,1,car
10,17,0,bicycle
10,17,1,car
10,18,0,bicycle
10,18,1,car
10,19,0,bicycle
10,19,1,car
10,20,0,bicycle
10,20,1,car
10,21,0,bicycle
10,21,1,car
10,22,0,bicycle
10,22,1,car
10,23,0,bicycle
10,23,1,car
10,24,0,bicycle
10,24,1,car
10,25,0,bicycle
10,25,1,car
10,26,0,bicycle
10,26,1,car
10,27,0,bicycle
10,27,1,car
10,28,0,bicycle
10,28,1,car
10,29,0,bicycle
10,29,1,car
10,30,0,bicycle
10,30,1,car
10,31,0,bicycle
10,31,1,car
10,32,0,bicycle
10,32,1,car
10,33,0,bicycle
10,33,1,car
10,34,0,bicycle
10,34,1,car
10,35,0,bicycle
10,35,1,car
10,36,0,bicycle
10,36,1,car
10,37,0,bicycle
10,37,1,car
10,38,0,bicycle
10,38,1,car
10,39,0,bicycle
10,39,1,car
10,40,0,bicycle
10,40,1,car
10,41,0,bicycle
10,41,1,car
10,42,0,bicycle
10,42,1,car
10,43,0,bicycle
10,43,1,car
10,44,0,bicycle
10,44,1,car
10,45,0,bicycle
10,45,1,car
10,46,0,bicycle
10,46,1,car
10,47,0,bicycle
10,47,1,car
10,48,0,bicycle
10,48,1,car
10,49,0,bicycle
10,49,1,car
10,50,0,bicycle
10,50,1,car
10,51,0,bicycle
10,51,1,car
10,52,0,bicycle
10,52,1,car
10,53,0,bicycle
10,53,1,car
10,54,0,bicycle
10,54,1,car
10,55,0,bicycle
10,55,1,car
10,56,0,bicycle
10,56,1,car
10,57,0,bicycle
10,57,1,car
10,58,0,bicycle
10,58,1,car
10,59,0,bicycle
10,59,1,car
10,60,0,bicycle
10,60,1,car
10,61,0,bicycle
10,61,1,car
10,62,0,bicycle
10,62,1,car
10,63,0,bicycle
10,63,1,car
10,64,0,bicycle
10,64,1,car
10,65,0,bicycle
10,65,1,car
10,66,0,bicycle
10,66,1,car
10,67,0,bicycle
10,67,1,car
10,68,0,bicycle
10,68,1,car
10,69,0,bicycle
10,69,1,car
10,70,0,bicycle
10,70,1,car
10,71,0,bicycle
10,71,1,car
10,72,0,bicycle
10,72,1,car
10,73,0,bicycle
10,73,1,car
10,74,0,bicycle
10,74,1,car
10,75,0,bicycle
10,75,1,car
10,76,0,bicycle
10,76,1,car
10,77,0,bicycle
10,77,1,car
10,78,0,bicycle
10,78,1,car
10,79,0,bicycle
10,79,1,car
10,80,0,bicycle
10,80,1,car
10,81,0,bicycle
10,81,1,car
10,82,0,bicycle
10,82,1,car
10,83,0,bicycle
10,83,1,car
10,84,0,bicycle
10,84,1,car
10,85,0,bicycle
10,85,1,car
10,86,0,bicycle
10,86,1,car
10,87,0,bicycle
10,87,1,car
10,88,0,bicycle
10,88,1,car
10,89,0,bicycle
10,89,1,car
10,90,0,bicycle
10,90,1,car
10,91,0,bicycle
10,91,1,car
10,92,0,bicycle
10,92,1,car
10,93,0,bicycle
10,93,1,car
10,94,0,bicycle
10,94,1,car
10,95,0,bicycle
10,95,1,car
10,96,0,bicycle
10,96,1,car
10,97,0,bicycle
10,97,1,car
10,98,0,bicycle
10,98,1,car
10,99,0,bicycle
10,99,1,car
11,0,0,bicycle
11,0,1,car
11,1,0,bicycle
11,1,1,car
11,2,0,bicycle
11,2,1,car
11,3,0,bicycle
11,3,1,car
11,4,0,bicycle
11,4,1,car
11,5,0,bicycle
11,5,1,car
11,6,0,bicycle
11,6,1,car
11,7,0,bicycle
11,7,1,car
11,8,0,bicycle
11,8,1,car
11,9,0,bicycle
11,9,1,car
11,10,0,bicycle
11,10,1,car
11,11,0,bicycle
11,11,1,car
11,12,0,bicycle
11,12,1,car
11,13,0,bicycle
11,13,1,car
11,14,0,bicycle
11,14,1,car
11,15,0,bicycle
11,15,1,car
11,16,0,bicycle
11,16,1,car
11,17,0,bicycle
11,17,1,car
11,18,0,bicycle
11,18,1,car
11,19,0,bicycle
11,19,1,car
11,20,0,bicycle
11,20,1,car
11,21,0,bicycle
11,21,1,car
11,22,0,bicycle
11,22,1,car
11,23,0,bicycle
11,23,1,car
11,24,0,bicycle
11,24,1,car
11,25,0,bicycle
11,25,1,car
11,26,0,bicycle
11,26,1,car
11,27,0,bicycle
11,27,1,car
11,28,0,bicycle
11,28,1,car
11,29,0,bicycle
11,29,1,car
11,30,0,bicycle
11,30,1,car
11,31,0,bicycle
11,31,1,car
11,32,0,bicycle
11,32,1,car
11,33,0,bicycle
11,33,1,car
11,34,0,bicycle
11,34,1,car
11,35,0,bicycle
11,35,1,car
11,36,0,bicycle
11,36,1,car
11,37,0,bicycle
11,37,1,car
11,38,0,bicycle
11,38,1,car
11,39,0,bicycle
11,39,1,car
11,40,0,bicycle
11,40,1,car
11,41,0,bicycle
11,41,1,car
11,42,0,bicycle
11,42,1,car
11,43,0,bicycle
11,43,1,car
11,44,0,bicycle
11,44,1,car
11,45,0,bicycle
11,45,1,car
11,46,0,bicycle
11,46,1,car
11,47,0,bicycle
11,47,1,car
11,48,0,bicycle
11,48,1,car
11,49,0,bicycle
11,49,1,car
11,50,0,bicycle
11,50,1,car
11,51,0,bicycle
11,51,1,car
11,52,0,bicycle
11,52,1,car
11,53,0,bicycle
11,53,1,car
11,54,0,bicycle
11,54,1,car
11,55,0,bicycle
11,55,1,car
11,56,0,bicycle
11,56,1,car
11,57,0,bicycle
11,57,1,car
11,58,0,bicycle
11,58,1,car
11,59,0,bicycle
11,59,1,car
11,60,0,bicycle
11,60,1,car
11,61,0,bicycle
11,61,1,car
11,62,0,bicycle
11,62,1,car
11,63,0,bicycle
11,63,1,car
11,64,0,bicycle
11,64,1,car
11,65,0,bicycle
11,65,1,car
11,66,0,bicycle
11,66,1,car
11,67,0,bicycle
11,67,1,car
11,68,0,bicycle
11,68,1,car
11,69,0,bicycle
11,69,1,car
11,70,0,bicycle
11,70,1,car
11,71,0,bicycle
11,71,1,car
11,72,0,bicycle
11,72,1,car
11,73,0,bicycle
11,73,1,car
11,74,0,bicycle
11,74,1,car
11,75,0,bicycle
11,75,1,car
11,76,0,bicycle
11,76,1,car
11,77,0,bicycle
11,77,1,car
11,78,0,bicycle
11,78,1,car
11,79,0,bicycle
11,79,1,car
11,80,0,bicycle
11,80,1,car
11,81,0,bicycle
11,81,1,car
11,82,0,bicycle
11,82,1,car
11,83,0,bicycle
11,83,1,car
11,84,0,bicycle
11,84,1,car
11,85,0,bicycle
11,85,1,car
11,86,0,bicycle
11,86,1,car
11,87,0,bicycle
11,87,1,car
11,88,0,bicycle
11,88,1,car
11,89,0,bicycle
11,89,1,car
11,90,0,bicycle
11,90,1,car
11,91,0,bicycle
11,91,1,car
11,92,0,bicycle
11,92,1,car
11,93,0,bicycle
11,93,1,car
11,94,0,bicycle
11,94,1,car
11,95,0,bicycle
11,95,1,car
11,96,0,bicycle
11,96,1,car
11,97,0,bicycle
11,97,1,car
11,98,0,bicycle
11,98,1,car
11,99,0,bicycle
11,99,1,car
12,0,0,bicycle
12,0,1,car
12,1,0,bicycle
12,1,1,car
12,2,0,bicycle
12,2,1,car
12,3,0,bicycle
12,3,1,car
12,4,0,bicycle
12,4,1,car
12,5,0,bicycle
12,5,1,car
12,6,0,bicycle
12,6,1,car
12,7,0,bicycle
12,7,1,car
12,8,0,bicycle
12,8,1,car
12,9,0,bicycle
12,9,1,car
12,10,0,bicycle
12,10,1,car
12,11,0,bicycle
12,11,1,car
12,12,0,bicycle
12,12,1,car
12,13,0,bicycle
12,13,1,car
12,14,0,bicycle
12,14,1,car
12,15,0,bicycle
12,15,1,car
12,16,0,bicycle
12,16,1,car
12,17,0,bicycle
12,17,1,car
12,18,0,bicycle
12,18,1,car
12,19,0,bicycle
12,19,1,car
12,20,0,bicycle
12,20,1,car
12,21,0,bicycle
12,21,1,car
12,22,0,bicycle
12,22,1,car
12,23,0,bicycle
12,23,1,car
12,24,0,bicycle
12,24,1,car
12,25,0,bicycle
12,25,1,car
12,26,0,bicycle
12,26,1,car
12,27,0,bicycle
12,27,1,car
12,28,0,bicycle
12,28,1,car
12,29,0,bicycle
12,29,1,car
12,30,0,bicycle
12,30,1,car
12,31,0,bicycle
12,31,1,car
12,32,0,bicycle
12,32,1,car
12,33,0,bicycle
12,33,1,car
12,34,0,bicycle
12,34,1,car
12,35,0,bicycle
12,35,1,car
12,36,0,bicycle
12,36,1,car
12,37,0,bicycle
12,37,1,car
12,38,0,bicycle
12,38,1,car
12,39,0,bicycle
12,39,1,car
12,40,0,bicycle
12,40,1,car
12,41,0,bicycle
12,41,1,car
12,42,0,bicycle
12,42,1,car
12,43,0,bicycle
12,43,1,car
12,44,0,bicycle
12,44,1,car
12,45,0,bicycle
12,45,1,car
12,46,0,bicycle
12,46,1,car
12,47,0,bicycle
12,47,1,car
12,48,0,bicycle
12,48,1,car
12,49,0,bicycle
12,49,1,car
12,50,0,bicycle
12,50,1,car
12,51,0,bicycle
12,51,1,car
12,52,0,bicycle
12,52,1,car
12,53,0,bicycle
12,53,1,car
12,54,0,bicycle
12,54,1,car
12,55,0,bicycle
12,55,1,car
12,56,0,bicycle
12,56,1,car
12,57,0,bicycle
12,57,1,car
12,58,0,bicycle
12,58,1,car
12,59,0,bicycle
12,59,1,car
12,60,0,bicycle
12,60,1,car
12,61,0,bicycle
12,61,1,car
12,62,0,bicycle
12,62,1,car
12,63,0,bicycle
12,63,1,car
12,64,0,bicycle
12,64,1,car
12,65,0,bicycle
12,65,1,car
12,66,0,bicycle
12,66,1,car
12,67,0,bicycle
12,67,1,car
12,68,0,bicycle
12,68,1,car
12,69,0,bicycle
12,69,1,car
12,70,0,bicycle
12,70,1,car
12,71,0,bicycle
12,71,1,car
12,72,0,bicycle
12,72,1,car
12,73,0,bicycle
12,73,1,car
12,74,0,bicycle
12,74,1,car
12,75,0,bicycle
12,75,1,car
12,76,0,bicycle
12,76,1,car
12,77,0,bicycle
12,77,1,car
12,78,0,bicycle
12,78,1,car
12,79,0,bicycle
12,79,1,car
12,80,0,bicycle
12,80,1,car
12,81,0,bicycle
12,81,1,car
12,82,0,bicycle
12,82,1,car
12,83,0,bicycle
12,83,1,car
12,84,0,bicycle
12,84,1,car
12,85,0,bicycle
12,85,1,car
12,86,0,bicycle
12,86,1,car
12,87,0,bicycle
12,87,1,car
12,88,0,bicycle
12,88,1,car
12,89,0,bicycle
12,89,1,car
12,90,0,bicycle
12,90,1,car
12,91,0,bicycle
12,91,1,car
12,92,0,bicycle
12,92,1,car
12,93,0,bicycle
12,93,1,car
12,94,0,bicycle
12,94,1,car
12,95,0,bicycle
12,95,1,car
12,96,0,bicycle
12,96,1,car
12,97,0,bicycle
12,97,1,car
12,98,0,bicycle
12,98,1,car
12,99,0,bicycle
12,99,1,car
13,0,0,car
13,0,1,bicycle
13,1,0,car
13,1,1,bicycle
13,2,0,car
13,2,1,bicycle
13,3,0,car
13,3,1,bicycle
13,4,0,car
13,4,1,bicycle
13,5,0,car
13,5,1,bicycle
13,6,0,car
13,6,1,bicycle
13,7,0,car
13,7,1,bicycle
13,8,0,car
13,8,1,bicycle
13,9,0,car
13,9,1,bicycle
13,10,0,car
13,10,1,bicycle
13,11,0,car
13,11,1,bicycle
13,12,0,car
13,12,1,bicycle
13,13,0,car
13,13,1,bicycle
13,14,0,car
13,14,1,bicycle
13,15,0,car
13,15,1,bicycle
13,16,0,car
13,16,1,bicycle
13,17,0,car
13,17,1,bicycle
13,18,0,car
13,18,1,bicycle
13,19,0,car
13,19,1,bicycle
13,20,0,car
13,20,1,bicycle
13,21,0,car
13,21,1,bicycle
13,22,0,car
13,22,1,bicycle
13,23,0,car
13,23,1,bicycle
13,24,0,car
13,24,1,bicycle
13,25,0,car
13,25,1,bicycle
13,26,0,car
13,26,1,bicycle
13,27,0,car
13,27,1,bicycle
13,28,0,car
13,28,1,bicycle
13,29,0,car
13,29,1,bicycle
13,30,0,car
13,30,1,bicycle
13,31,0,car
13,31,1,bicycle
13,32,0,car
13,32,1,bicycle
13,33,0,car
13,33,1,bicycle
13,34,0,car
13,34,1,bicycle
13,35,0,car
13,35,1,bicycle
13,36,0,car
13,36,1,bicycle
13,37,0,car
13,37,1,bicycle
13,38,0,car
13,38,1,bicycle
13,39,0,car
13,39,1,bicycle
13,40,0,car
13,40,1,bicycle
13,41,0,car
13,41,1,bicycle
13,42,0,car
13,42,1,bicycle
13,43,0,car
13,43,1,bicycle
13,44,0,car
13,44,1,bicycle
13,45,0,car
13,45,1,bicycle
13,46,0,car
13,46,1,bicycle
13,47,0,car
13,47,1,bicycle
13,48,0,car
13,48,1,bicycle
13,49,0,car
13,49,1,bicycle
13,50,0,car
13,50,1,bicycle
13,51,0,car
13,51,1,bicycle
13,52,0,car
13,52,1,bicycle
13,53,0,car
13,53,1,bicycle
13,54,0,car
13,54,1,bicycle
13,55,0,car
13,55,1,bicycle
13,56,0,car
13,56,1,bicycle
13,57,0,car
13,57,1,bicycle
13,58,0,car
13,58,1,bicycle
13,59,0,car
13,59,1,bicycle
13,60,0,car
13,60,1,bicycle
13,61,0,car
13,61,1,bicycle
13,62,0,car
13,62,1,bicycle
13,63,0,car
13,63,1,bicycle
13,64,0,car
13,64,1,bicycle
13,65,0,car
13,65,1,bicycle
13,66,0,car
13,66,1,bicycle
13,67,0,car
13,67,1,bicycle
13,68,0,car
13,68,1,bicycle
13,69,0,car
13,69,1,bicycle
13,70,0,car
13,70,1,bicycle
13,71,0,car
13,71,1,bicycle
13,72,0,car
13,72,1,bicycle
13,73,0,car
13,73,1,bicycle
13,74,0,car
13,74,1,bicycle
13,75,0,car
13,75,1,bicycle
13,76,0,car
13,76,1,bicycle
13,77,0,car
13,77,1,bicycle
13,78,0,car
13,78,1,bicycle
13,79,0,car
13,79,1,bicycle
13,80,0,car
13,80,1,bicycle
13,81,0,car
13,81,1,bicycle
13,82,0,car
13,82,1,bicycle
13,83,0,car
13,83,1,bicycle
13,84,0,car
13,84,1,bicycle
13,85,0,car
13,85,1,bicycle
13,86,0,car
13,86,1,bicycle
13,87,0,car
13,87,1,bicycle
13,88,0,car
13,88,1,bicycle
13,89,0,car
13,89,1,bicycle
13,90,0,car
13,90,1,bicycle
13,91,0,car
13,91,1,bicycle
13,92,0,car
13,92,1,bicycle
13,93,0,car
13,93,1,bicycle
13,94,0,car
13,94,1,bicycle
13,95,0,car
13,95,1,bicycle
13,96,0,car
13,96,1,bicycle
13,97,0,car
13,97,1,bicycle
13,98,0,car
13,98,1,bicycle
13,99,0,car
13,99,1,bicycle
14,0,0,car
14,0,1,bicycle
14,1,0,car
14,1,1,bicycle
14,2,0,car
14,2,1,bicycle
14,3,0,car
14,3,1,bicycle
14,4,0,car
14,4,1,bicycle
14,5,0,car
14,5,1,bicycle
14,6,0,car
14,6,1,bicycle
14,7,0,car
14,7,1,bicycle
14,8,0,car
14,8,1,bicycle
14,9,0,car
14,9,1,bicycle
14,10,0,car
14,10,1,bicycle
14,11,0,car
14,11,1,bicycle
14,12,0,car
14,12,1,bicycle
14,13,0,car
14,13,1,bicycle
14,14,0,car
14,14,1,bicycle
14,15,0,car
14,15,1,bicycle
14,16,0,car
14,16,1,bicycle
14,17,0,car
14,17,1,bicycle
14,18,0,car
14,18,1,bicycle
14,19,0,car
14,19,1,bicycle
14,20,0,car
14,20,1,bicycle
14,21,0,car
14,21,1,bicycle
14,22,0,car
14,22,1,bicycle
14,23,0,car
14,23,1,bicycle
14,24,0,car
14,24,1,bicycle
14,25,0,car
14,25,1,bicycle
14,26,0,car
14,26,1,bicycle
14,27,0,car
14,27,1,bicycle
14,28,0,car
14,28,1,bicycle
14,29,0,car
14,29,1,bicycle
14,30,0,car
14,30,1,bicycle
14,31,0,car
14,31,1,bicycle
14,32,0,car
14,32,1,bicycle
14,33,0,car
14,33,1,bicycle
14,34,0,car
14,34,1,bicycle
14,35,0,car
14,35,1,bicycle
14,36,0,car
14,36,1,bicycle
14,37,0,car
14,37,1,bicycle
14,38,0,car
14,38,1,bicycle
14,39,0,car
14,39,1,bicycle
14,40,0,car
14,40,1,bicycle
14,41,0,car
14,41,1,bicycle
14,42,0,car
14,42,1,bicycle
14,43,0,car
14,43,1,bicycle
14,44,0,car
14,44,1,bicycle
14,45,0,car
14,45,1,bicycle
14,46,0,car
14,46,1,bicycle
14,47,0,car
14,47,1,bicycle
14,48,0,car
14,48,1,bicycle
14,49,0,car
14,49,1,bicycle
14,50,0,car
14,50,1,bicycle
14,51,0,car
14,51,1,bicycle
14,52,0,car
14,52,1,bicycle
14,53,0,car
14,53,1,bicycle
14,54,0,car
14,54,1,bicycle
14,55,0,car
14,55,1,bicycle
14,56,0,car
14,56,1,bicycle
14,57,0,car
14,57,1,bicycle
14,58,0,car
14,58,1,bicycle
14,59,0,car
14,59,1,bicycle
14,60,0,car
14,60,1,bicycle
14,61,0,car
14,61,1,bicycle
14,62,0,car
14,62,1,bicycle
14,63,0,car
14,63,1,bicycle
14,64,0,car
14,64,1,bicycle
14,65,0,car
14,65,1,bicycle
14,66,0,car
14,66,1,bicycle
14,67,0,car
14,67,1,bicycle
14,68,0,car
14,68,1,bicycle
14,69,0,car
14,69,1,bicycle
14,70,0,car
14,70,1,bicycle
14,71,0,car
14,71,1,bicycle
14,72,0,car
14,72,1,bicycle
14,73,0,car
14,73,1,bicycle
14,74,0,car
14,74,1,bicycle
14,75,0,car
14,75,1,bicycle
14,76,0,car
14,76,1,bicycle
14,77,0,car
14,77,1,bicycle
14,78,0,car
14,78,1,bicycle
14,79,0,car
14,79,1,bicycle
14,80,0,car
14,80,1,bicycle
14,81,0,car
14,81,1,bicycle
14,82,0,car
14,82,1,bicycle
14,83,0,car
14,83,1,bicycle
14,84,0,car
14,84,1,bicycle
14,85,0,car
14,85,1,bicycle
14,86,0,car
14,86,1,bicycle
14,87,0,car
14,87,1,bicycle
14,88,0,car
14,88,1,bicycle
14,89,0,car
14,89,1,bicycle
14,90,0,car
14,90,1,bicycle
14,91,0,car
14,91,1,bicycle
14,92,0,car
14,92,1,bicycle
14,93,0,car
14,93,1,bicycle
14,94,0,car
14,94,1,bicycle
14,95,0,car
14,95,1,bicycle
14,96,0,car
14,96,1,bicycle
14,97,0,car
14,97,1,bicycle
14,98,0,car
14,98,1,bicycle
14,99,0,car
14,99,1,bicycle
15,0,0,car
15,0,1,bicycle
15,1,0,car
15,1,1,bicycle
15,2,0,car
15,2,1,bicycle
15,3,0,car
15,3,1,bicycle
15,4,0,car
15,4,1,bicycle
15,5,0,car
15,5,1,bicycle
15,6,0,car
15,6,1,bicycle
15,7,0,car
15,7,1,bicycle
15,8,0,car
15,8,1,bicycle
15,9,0,car
15,9,1,bicycle
15,10,0,car
15,10,1,bicycle
15,11,0,car
15,11,1,bicycle
15,12,0,car
15,12,1,bicycle
15,13,0,car
15,13,1,bicycle
15,14,0,car
15,14,1,bicycle
15,15,0,car
15,15,1,bicycle
15,16,0,car
15,16,1,bicycle
15,17,0,car
15,17,1,bicycle
15,18,0,car
15,18,1,bicycle
15,19,0,car
15,19,1,bicycle
15,20,0,car
15,20,1,bicycle
15,21,0,car
15,21,1,bicycle
15,22,0,car
15,22,1,bicycle
15,23,0,car
15,23,1,bicycle
15,24,0,car
15,24,1,bicycle
15,25,0,car
15,25,1,bicycle
15,26,0,car
15,26,1,bicycle
15,27,0,car
15,27,1,bicycle
15,28,0,car
15,28,1,bicycle
15,29,0,car
15,29,1,bicycle
15,30,0,car
15,30,1,bicycle
15,31,0,car
15,31,1,bicycle
15,32,0,car
15,32,1,bicycle
15,33,0,car
15,33,1,bicycle
15,34,0,car
15,34,1,bicycle
15,35,0,car
15,35,1,bicycle
15,36,0,car
15,36,1,bicycle
15,37,0,car
15,37,1,bicycle
15,38,0,car
15,38,1,bicycle
15,39,0,car
15,39,1,bicycle
15,40,0,car
15,40,1,bicycle
15,41,0,car
15,41,1,bicycle
15,42,0,car
15,42,1,bicycle
15,43,0,car
15,43,1,bicycle
15,44,0,car
15,44,1,bicycle
15,45,0,car
15,45,1,bicycle
15,46,0,car
15,46,1,bicycle
15,47,0,car
15,47,1,bicycle
15,48,0,car
15,48,1,bicycle
15,49,0,car
15,49,1,bicycle
15,50,0,car
15,50,1,bicycle
15,51,0,car
15,51,1,bicycle
15,52,0,car
15,52,1,bicycle
15,53,0,car
15,53,1,bicycle
15,54,0,car
15,54,1,bicycle
15,55,0,car
15,55,1,bicycle
15,56,0,car
15,56,1,bicycle
15,57,0,car
15,57,1,bicycle
15,58,0,car
15,58,1,bicycle
15,59,0,car
15,59,1,bicycle
15,60,0,car
15,60,1,bicycle
15,61,0,car
15,61,1,bicycle
15,62,0,car
15,62,1,bicycle
15,63,0,car
15,63,1,bicycle
15,64,0,car
15,64,1,bicycle
15,65,0,car
15,65,1,bicycle
15,66,0,car
15,66,1,bicycle
15,67,0,car
15,67,1,bicycle
15,68,0,car
15,68,1,bicycle
15,69,0,car
15,69,1,bicycle
15,70,0,car
15,70,1,bicycle
15,71,0,car
15,71,1,bicycle
15,72,0,car
15,72,1,bicycle
15,73,0,car
15,73,1,bicycle
15,74,0,car
15,74,1,bicycle
15,75,0,car
15,75,1,bicycle
15,76,0,car
15,76,1,bicycle
15,77,0,car
15,77,1,bicycle
15,78,0,car
15,78,1,bicycle
15,79,0,car
15,79,1,bicycle
15,80,0,car
15,80,1,bicycle
15,81,0,car
15,81,1,bicycle
15,82,0,car
15,82,1,bicycle
15,83,0,car
15,83,1,bicycle
15,84,0,car
15,84,1,bicycle
15,85,0,car
15,85,1,bicycle
15,86,0,car
15,86,1,bicycle
15,87,0,car
15,87,1,bicycle
15,88,0,car
15,88,1,bicycle
15,89,0,car
15,89,1,bicycle
15,90,0,car
15,90,1,bicycle
15,91,0,car
15,91,1,bicycle
15,92,0,car
15,92,1,bicycle
15,93,0,car
15,93,1,bicycle
15,94,0,car
15,94,1,bicycle
15,95,0,car
15,95,1,bicycle
15,96,0,car
15,96,1,bicycle
15,97,0,car
15,97,1,bicycle
15,98,0,car
15,98,1,bicycle
15,99,0,car
15,99,1,bicycle
16,0,0,car
16,0,1,bicycle
16,1,0,car
16,1,1,bicycle
16,2,0,car
16,2,1,bicycle
16,3,0,car
16,3,1,bicycle
16,4,0,car
16,4,1,bicycle
16,5,0,car
16,5,1,bicycle
16,6,0,car
16,6,1,bicycle
16,7,0,car
16,7,1,bicycle
16,8,0,car
16,8,1,bicycle
16,9,0,car
16,9,1,bicycle
16,10,0,car
16,10,1,bicycle
16,11,0,car
16,11,1,bicycle
16,12,0,car
16,12,1,bicycle
16,13,0,car
16,13,1,bicycle
16,14,0,car
16,14,1,bicycle
16,15,0,car
16,15,1,bicycle
16,16,0,car
16,16,1,bicycle
16,17,0,car
16,17,1,bicycle
16,18,0,car
16,18,1,bicycle
16,19,0,car
16,19,1,bicycle
16,20,0,car
16,20,1,bicycle
16,21,0,car
16,21,1,bicycle
16,22,0,car
16,22,1,bicycle
16,23,0,car
16,23,1,bicycle
16,24,0,car
16,24,1,bicycle
16,25,0,car
16,25,1,bicycle
16,26,0,car
16,26,1,bicycle
16,27,0,car
16,27,1,bicycle
16,28,0,car
16,28,1,bicycle
16,29,0,car
16,29,1,bicycle
16,30,0,car
16,30,1,bicycle
16,31,0,car
16,31,1,bicycle
16,32,0,car
16,32,1,bicycle
16,33,0,car
16,33,1,bicycle
16,34,0,car
16,34,1,bicycle
16,35,0,car
16,35,1,bicycle
16,36,0,car
16,36,1,bicycle
16,37,0,car
16,37,1,bicycle
16,38,0,car
16,38,1,bicycle
16,39,0,car
16,39,1,bicycle
16,40,0,car
16,40,1,bicycle
16,41,0,car
16,41,1,bicycle
16,42,0,car
16,42,1,bicycle
16,43,0,car
16,43,1,bicycle
16,44,0,car
16,44,1,bicycle
16,45,0,car
16,45,1,bicycle
16,46,0,car
16,46,1,bicycle
16,47,0,car
16,47,1,bicycle
16,48,0,car
16,48,1,bicycle
16,49,0,car
16,49,1,bicycle
16,50,0,car
16,50,1,bicycle
16,51,0,car
16,51,1,bicycle
16,52,0,car
16,52,1,bicycle
16,53,0,car
16,53,1,bicycle
16,54,0,car
16,54,1,bicycle
16,55,0,car
16,55,1,bicycle
16,56,0,car
16,56,1,bicycle
16,57,0,car
16,57,1,bicycle
16,58,0,car
16,58,1,bicycle
16,59,0,car
16,59,1,bicycle
16,60,0,car
16,60,1,bicycle
16,61,0,car
16,61,1,bicycle
16,62,0,car
16,62,1,bicycle
16,63,0,car
16,63,1,bicycle
16,64,0,car
16,64,1,bicycle
16,65,0,car
16,65,1,bicycle
16,66,0,car
16,66,1,bicycle
16,67,0,car
16,67,1,bicycle
16,68,0,car
16,68,1,bicycle
16,69,0,car
16,69,1,bicycle
16,70,0,car
16,70,1,bicycle
16,71,0,car
16,71,1,bicycle
16,72,0,car
16,72,1,bicycle
16,73,0,car
16,73,1,bicycle
16,74,0,car
16,74,1,bicycle
16,75,0,car
16,75,1,bicycle
16,76,0,car
16,76,1,bicycle
16,77,0,car
16,77,1,bicycle
16,78,0,car
16,78,1,bicycle
16,79,0,car
16,79,1,bicycle
16,80,0,car
16,80,1,bicycle
16,81,0,car
16,81,1,bicycle
16,82,0,car
16,82,1,bicycle
16,83,0,car
16,83,1,bicycle
16,84,0,car
16,84,1,bicycle
16,85,0,car
16,85,1,bicycle
16,86,0,car
16,86,1,bicycle
16,87,0,car
16,87,1,bicycle
16,88,0,car
16,88,1,bicycle
16,89,0,car
16,89,1,bicycle
16,90,0,car
16,90,1,bicycle
16,91,0,car
16,91,1,bicycle
16,92,0,car
16,92,1,bicycle
16,93,0,car
16,93,1,bicycle
16,94,0,car
16,94,1,bicycle
16,95,0,car
16,95,1,bicycle
16,96,0,car
16,96,1,bicycle
16,97,0,car
16,97,1,bicycle
16,98,0,car
16,98,1,bicycle
16,99,0,car
16,99,1,bicycle
17,0,0,car
17,0,1,bicycle
17,1,0,car
17,1,1,bicycle
17,2,0,car
17,2,1,bicycle
17,3,0,car
17,3,1,bicycle
17,4,0,car
17,4,1,bicycle
17,5,0,car
17,5,1,bicycle
17,6,0,car
17,6,1,bicycle
17,7,0,car
17,7,1,bicycle
17,8,0,car
17,8,1,bicycle
17,9,0,car
17,9,1,bicycle
17,10,0,car
17,10,1,bicycle
17,11,0,car
17,11,1,bicycle
17,12,0,car
17,12,1,bicycle
17,13,0,car
17,13,1,bicycle
17,14,0,car
17,14,1,bicycle
17,15,0,car
17,15,1,bicycle
17,16,0,car
17,16,1,bicycle
17,17,0,car
17,17,1,bicycle
17,18,0,car
17,18,1,bicycle
17,19,0,car
17,19,1,bicycle
17,20,0,car
17,20,1,bicycle
17,21,0,car
17,21,1,bicycle
17,22,0,car
17,22,1,bicycle
17,23,0,car
17,23,1,bicycle
17,24,0,car
17,24,1,bicycle
17,25,0,car
17,25,1,bicycle
17,26,0,car
17,26,1,bicycle
17,27,0,car
17,27,1,bicycle
17,28,0,car
17,28,1,bicycle
17,29,0,car
17,29,1,bicycle
17,30,0,car
17,30,1,bicycle
17,31,0,car
17,31,1,bicycle
17,32,0,car
17,32,1,bicycle
17,33,0,car
17,33,1,bicycle
17,34,0,car
17,34,1,bicycle
17,35,0,car
17,35,1,bicycle
17,36,0,car
17,36,1,bicycle
17,37,0,car
17,37,1,bicycle
17,38,0,car
17,38,1,bicycle
17,39,0,car
17,39,1,bicycle
17,40,0,car
17,40,1,bicycle
17,41,0,car
17,41,1,bicycle
17,42,0,car
17,42,1,bicycle
17,43,0,car
17,43,1,bicycle
17,44,0,car
17,44,1,bicycle
17,45,0,car
17,45,1,bicycle
17,46,0,car
17,46,1,bicycle
17,47,0,car
17,47,1,bicycle
17,48,0,car
17,48,1,bicycle
17,49,0,car
17,49,1,bicycle
17,50,0,car
17,50,1,bicycle
17,51,0,car
17,51,1,bicycle
17,52,0,car
17,52,1,bicycle
17,53,0,car
17,53,1,bicycle
17,54,0,car
17,54,1,bicycle
17,55,0,car
17,55,1,bicycle
17,56,0,car
17,56,1,bicycle
17,57,0,car
17,57,1,bicycle
17,58,0,car
17,58,1,bicycle
17,59,0,car
17,59,1,bicycle
17,60,0,car
17,60,1,bicycle
17,61,0,car
17,61,1,bicycle
17,62,0,car
17,62,1,bicycle
17,63,0,car
17,63,1,bicycle
17,64,0,car
17,64,1,bicycle
17,65,0,car
17,65,1,bicycle
17,66,0,car
17,66,1,bicycle
17,67,0,car
17,67,1,bicycle
17,68,0,car
17,68,1,bicycle
17,69,0,car
17,69,1,bicycle
17,70,0,car
17,70,1,bicycle
17,71,0,car
17,71,1,bicycle
17,72,0,car
17,72,1,bicycle
17,73,0,car
17,73,1,bicycle
17,74,0,car
17,74,1,bicycle
17,75,0,car
17,75,1,bicycle
17,76,0,car
17,76,1,bicycle
17,77,0,car
17,77,1,bicycle
17,78,0,car
17,78,1,bicycle
17,79,0,car
17,79,1,bicycle
17,80,0,car
17,80,1,bicycle
17,81,0,car
17,81,1,bicycle
17,82,0,car
17,82,1,bicycle
17,83,0,car
17,83,1,bicycle
17,84,0,car
17,84,1,bicycle
17,85,0,car
17,85,1,bicycle
17,86,0,car
17,86,1,bicycle
17,87,0,car
17,87,1,bicycle
17,88,0,car
17,88,1,bicycle
17,89,0,car
17,89,1,bicycle
17,90,0,car
17,90,1,bicycle
17,91,0,car
17,91,1,bicycle
17,92,0,car
17,92,1,bicycle
17,93,0,car
17,93,1,bicycle
17,94,0,car
17,94,1,bicycle
17,95,0,car
17,95,1,bicycle
17,96,0,car
17,96,1,bicycle
17,97,0,car
17,97,1,bicycle
17,98,0,car
17,98,1,bicycle
17,99,0,car
17,99,1,bicycle
18,0,0,car
18,0,1,bicycle
18,1,0,car
18,1,1,bicycle
18,2,0,car
18,2,1,bicycle
18,3,0,car
18,3,1,bicycle
18,4,0,car
18,4,1,bicycle
18,5,0,car
18,5,1,bicycle
18,6,0,car
18,6,1,bicycle
18,7,0,car
18,7,1,bicycle
18,8,0,car
18,8,1,bicycle
18,9,0,car
18,9,1,bicycle
18,10,0,car
18,10,1,bicycle
18,11,0,car
18,11,1,bicycle
18,12,0,car
18,12,1,bicycle
18,13,0,car
18,13,1,bicycle
18,14,0,car
18,14,1,bicycle
18,15,0,car
18,15,1,bicycle
18,16,0,car
18,16,1,bicycle
18,17,0,car
18,17,1,bicycle
18,18,0,car
18,18,1,bicycle
18,19,0,car
18,19,1,bicycle
18,20,0,car
18,20,1,bicycle
18,21,0,car
18,21,1,bicycle
18,22,0,car
18,22,1,bicycle
18,23,0,car
18,23,1,bicycle
18,24,0,car
18,24,1,bicycle
18,25,0,car
18,25,1,bicycle
18,26,0,car
18,26,1,bicycle
18,27,0,car
18,27,1,bicycle
18,28,0,car
18,28,1,bicycle
18,29,0,car
18,29,1,bicycle
18,30,0,car
18,30,1,bicycle
18,31,0,car
18,31,1,bicycle
18,32,0,car
18,32,1,bicycle
18,33,0,car
18,33,1,bicycle
18,34,0,car
18,34,1,bicycle
18,35,0,car
18,35,1,bicycle
18,36,0,car
18,36,1,bicycle
18,37,0,car
18,37,1,bicycle
18,38,0,car
18,38,1,bicycle
18,39,0,car
18,39,1,bicycle
18,40,0,car
18,40,1,bicycle
18,41,0,car
18,41,1,bicycle
18,42,0,car
18,42,1,bicycle
18,43,0,car
18,43,1,bicycle
18,44,0,car
18,44,1,bicycle
18,45,0,car
18,45,1,bicycle
18,46,0,car
18,46,1,bicycle
18,47,0,car
18,47,1,bicycle
18,48,0,car
18,48,1,bicycle
18,49,0,car
18,49,1,bicycle
18,50,0,car
18,50,1,bicycle
18,51,0,car
18,51,1,bicycle
18,52,0,car
18,52,1,bicycle
18,53,0,car
18,53,1,bicycle
18,54,0,car
18,54,1,bicycle
18,55,0,car
18,55,1,bicycle
18,56,0,car
18,56,1,bicycle
18,57,0,car
18,57,1,bicycle
18,58,0,car
18,58,1,bicycle
18,59,0,car
18,59,1,bicycle
18,60,0,car
18,60,1,bicycle
18,61,0,car
18,61,1,bicycle
18,62,0,car
18,62,1,bicycle
18,63,0,car
18,63,1,bicycle
18,64,0,car
18,64,1,bicycle
18,65,0,car
18,65,1,bicycle
18,66,0,car
18,66,1,bicycle
18,67,0,car
18,67,1,bicycle
18,68,0,car
18,68,1,bicycle
18,69,0,car
18,69,1,bicycle
18,70,0,car
18,70,1,bicycle
18,71,0,car
18,71,1,bicycle
18,72,0,car
18,72,1,bicycle
18,73,0,car
18,73,1,bicycle
18,74,0,car
18,74,1,bicycle
18,75,0,car
18,75,1,bicycle
18,76,0,car
18,76,1,bicycle
18,77,0,car
18,77,1,bicycle
18,78,0,car
18,78,1,bicycle
18,79,0,car
18,79,1,bicycle
18,80,0,car
18,80,1,bicycle
18,81,0,car
18,81,1,bicycle
18,82,0,car
18,82,1,bicycle
18,83,0,car
18,83,1,bicycle
18,84,0,car
18,84,1,bicycle
18,85,0,car
18,85,1,bicycle
18,86,0,car
18,86,1,bicycle
18,87,0,car
18,87,1,bicycle
18,88,0,car
18,88,1,bicycle
18,89,0,car
18,89,1,bicycle
18,90,0,car
18,90,1,bicycle
18,91,0,car
18,91,1,bicycle
18,92,0,car
18,92,1,bicycle
18,93,0,car
18,93,1,bicycle
18,94,0,car
18,94,1,bicycle
18,95,0,car
18,95,1,bicycle
18,96,0,car
18,96,1,bicycle
18,97,0,car
18,97,1,bicycle
18,98,0,car
18,98,1,bicycle
18,99,0,car
18,99,1,bicycle
19,0,0,bicycle
19,0,1,car
19,1,0,bicycle
19,1,1,car
19,2,0,bicycle
19,2,1,car
19,3,0,bicycle
19,3,1,car
19,4,0,bicycle
19,4,1,car
19,5,0,bicycle
19,5,1,car
19,6,0,bicycle
19,6,1,car
19,7,0,bicycle
19,7,1,car
19,8,0,bicycle
19,8,1,car
19,9,0,bicycle
19,9,1,car
19,10,0,bicycle
19,10,1,car
19,11,0,bicycle
19,11,1,car
19,12,0,bicycle
19,12,1,car
19,13,0,bicycle
19,13,1,car
19,14,0,bicycle
19,14,1,car
19,15,0,bicycle
19,15,1,car
19,16,0,bicycle
19,16,1,car
19,17,0,bicycle
19,17,1,car
19,18,0,bicycle
19,18,1,car
19,19,0,bicycle
19,19,1,car
19,20,0,bicycle
19,20,1,car
19,21,0,bicycle
19,21,1,car
19,22,0,bicycle
19,22,1,car
19,23,0,bicycle
19,23,1,car
19,24,0,bicycle
19,24,1,car
19,25,0,bicycle
19,25,1,car
19,26,0,bicycle
19,26,1,car
19,27,0,bicycle
19,27,1,car
19,28,0,bicycle
19,28,1,car
19,29,0,bicycle
19,29,1,car
19,30,0,bicycle
19,30,1,car
19,31,0,bicycle
19,31,1,car
19,32,0,bicycle
19,32,1,car
19,33,0,bicycle
19,33,1,car
19,34,0,bicycle
19,34,1,car
19,35,0,bicycle
19,35,1,car
19,36,0,bicycle
19,36,1,car
19,37,0,bicycle
19,37,1,car
19,38,0,bicycle
19,38,1,car
19,39,0,bicycle
19,39,1,car
19,40,0,bicycle
19,40,1,car
19,41,0,bicycle
19,41,1,car
19,42,0,bicycle
19,42,1,car
19,43,0,bicycle
19,43,1,car
19,44,0,bicycle
19,44,1,car
19,45,0,bicycle
19,45,1,car
19,46,0,bicycle
19,46,1,car
19,47,0,bicycle
19,47,1,car
19,48,0,bicycle
19,48,1,car
19,49,0,bicycle
19,49,1,car
19,50,0,bicycle
19,50,1,car
19,51,0,bicycle
19,51,1,car
19,52,0,bicycle
19,52,1,car
19,53,0,bicycle
19,53,1,car
19,54,0,bicycle
19,54,1,car
19,55,0,bicycle
19,55,1,car
19,56,0,bicycle
19,56,1,car
19,57,0,bicycle
19,57,1,car
19,58,0,bicycle
19,58,1,car
19,59,0,bicycle
19,59,1,car
19,60,0,bicycle
19,60,1,car
19,61,0,bicycle
19,61,1,car
19,62,0,bicycle
19,62,1,car
19,63,0,bicycle
19,63,1,car
19,64,0,bicycle
19,64,1,car
19,65,0,bicycle
19,65,1,car
19,66,0,bicycle
19,66,1,car
19,67,0,bicycle
19,67,1,car
19,68,0,bicycle
19,68,1,car
19,69,0,bicycle
19,69,1,car
19,70,0,bicycle
19,70,1,car
19,71,0,bicycle
19,71,1,car
19,72,0,bicycle
19,72,1,car
19,73,0,bicycle
19,73,1,car
19,74,0,bicycle
19,74,1,car
19,75,0,bicycle
19,75,1,car
19,76,0,bicycle
19,76,1,car
19,77,0,bicycle
19,77,1,car
19,78,0,bicycle
19,78,1,car
19,79,0,bicycle
19,79,1,car
19,80,0,bicycle
19,80,1,car
19,81,0,bicycle
19,81,1,car
19,82,0,bicycle
19,82,1,car
19,83,0,bicycle
19,83,1,car
19,84,0,bicycle
19,84,1,car
19,85,0,bicycle
19,85,1,car
19,86,0,bicycle
19,86,1,car
19,87,0,bicycle
19,87,1,car
19,88,0,bicycle
19,88,1,car
19,89,0,bicycle
19,89,1,car
19,90,0,bicycle
19,90,1,car
19,91,0,bicycle
19,91,1,car
19,92,0,bicycle
19,92,1,car
19,93,0,bicycle
19,93,1,car
19,94,0,bicycle
19,94,1,car
19,95,0,bicycle
19,95,1,car
19,96,0,bicycle
19,96,1,car
19,97,0,bicycle
19,97,1,car
19,98,0,bicycle
19,98,1,car
19,99,0,bicycle
19,99,1,car
