timestamp,x,y,z,length,width,height,rotation,class,occluded,track_id,tstID,poiID
1726,18.228409,4.661658,-1.179141,0.51675,0.479399,1.93879,0.032247,Cyclist,False,1,0,0
1726,26.232013,-3.194376,-1.30013,1.800665,0.488511,1.89498,-1.182454,Cyclist,False,2,0,1
1726,30.646464,-6.065858,-1.241454,1.597852,0.654697,1.901483,2.310847,Cyclist,False,3,0,2
1726,33.3539,-7.916413,-1.092913,0.53672,0.672505,1.788965,2.109225,Pedestrian,False,4,0,3
1726,30.188339,-8.416483,-1.152939,0.870689,0.575038,1.702988,-0.964078,Cyclist,False,5,0,4
1726,39.444524,-16.192983,-1.047509,1.095668,0.277512,1.736811,2.105438,Cyclist,False,6,0,5
1726,34.950083,-11.401585,-1.205042,1.538206,0.597052,1.909916,2.577774,Cyclist,False,7,0,6
1727,18.71689,4.372833,-1.197781,0.51675,0.498914,1.931334,-0.029947,Cyclist,False,1,1,0
1727,26.385211,-3.374624,-1.278093,1.800665,0.488511,1.89498,-1.182454,Cyclist,False,2,1,1
1727,30.479456,-5.876506,-1.243258,1.597852,0.663211,1.901483,2.324919,Cyclist,False,3,1,2
1727,33.194755,-7.740883,-1.150073,0.7904,0.689716,1.753415,2.073789,Pedestrian,False,4,1,3
1727,30.330527,-8.696639,-1.136029,0.870689,0.575038,1.669169,-0.964078,Cyclist,False,5,1,4
1727,39.323514,-16.041191,-1.050012,1.095668,0.282622,1.736811,2.105438,Cyclist,False,6,1,5
1727,34.8497,-11.202417,-1.196178,1.531634,0.597052,1.892188,2.455835,Cyclist,False,7,1,6
1729,19.205371,4.084008,-1.216421,0.51675,0.518428,1.923878,-0.092141,Cyclist,True,1,2,0
1729,26.538409,-3.554872,-1.256057,1.800665,0.488511,1.89498,-1.182454,Cyclist,False,2,2,1
1729,30.312447,-5.687155,-1.245063,1.597852,0.671725,1.901483,2.338991,Cyclist,False,3,2,2
1729,33.120217,-7.606187,-1.15842,0.767102,0.675113,1.770109,2.074609,Pedestrian,False,4,2,3
1729,30.521499,-8.945953,-1.138284,0.870689,0.575038,1.673678,-0.947043,Cyclist,False,5,2,4
1729,39.202505,-15.8894,-1.052516,1.095668,0.287732,1.736811,2.105438,Cyclist,False,6,2,5
1729,34.749317,-11.003248,-1.187314,1.525061,0.597052,1.87446,2.333895,Cyclist,False,7,2,6
1730,19.693853,3.795184,-1.235061,0.51675,0.537943,1.916422,-0.154335,Cyclist,True,1,3,0
1730,26.691606,-3.73512,-1.23402,1.800665,0.488511,1.89498,-1.182454,Cyclist,False,2,3,1
1730,30.145438,-5.497803,-1.246867,1.597852,0.680239,1.901483,2.353064,Cyclist,False,3,3,2
1730,33.045678,-7.471491,-1.166767,0.743805,0.660509,1.786803,2.075429,Pedestrian,False,4,3,3
1730,30.712471,-9.195267,-1.140538,0.870689,0.575038,1.678187,-0.930009,Cyclist,False,5,3,4
1730,39.081495,-15.737608,-1.055019,1.095668,0.292841,1.736811,2.105438,Cyclist,False,6,3,5
1730,34.648934,-10.80408,-1.17845,1.518489,0.597052,1.856732,2.211956,Cyclist,False,7,3,6
1732,20.182334,3.506359,-1.253701,0.51675,0.557458,1.908966,-0.216529,Cyclist,True,1,4,0
1732,26.844804,-3.915368,-1.211984,1.800665,0.488511,1.89498,-1.182454,Cyclist,False,2,4,1
1732,29.97843,-5.308451,-1.248671,1.597852,0.688753,1.901483,2.367136,Cyclist,False,3,4,2
1732,32.97114,-7.336794,-1.175114,0.720507,0.645906,1.803498,2.076249,Pedestrian,False,4,4,3
1732,30.903443,-9.444581,-1.142793,0.870689,0.575038,1.682697,-0.912975,Cyclist,False,5,4,4
1732,38.960486,-15.585816,-1.057523,1.095668,0.297951,1.736811,2.105438,Cyclist,False,6,4,5
1732,34.548551,-10.604911,-1.169587,1.511916,0.597052,1.839004,2.090016,Cyclist,False,7,4,6
1733,20.670815,3.217534,-1.272341,0.51675,0.576973,1.90151,-0.278723,Cyclist,True,1,5,0
1733,26.971138,-4.075556,-1.217852,1.800665,0.488511,1.89498,-1.154972,Cyclist,False,2,5,1
1733,29.811422,-5.1191,-1.250475,1.597852,0.697267,1.901483,2.381208,Cyclist,False,3,5,2
1733,32.896601,-7.202098,-1.183461,0.69721,0.631302,1.820192,2.077069,Pedestrian,False,4,5,3
1733,31.094415,-9.693896,-1.145048,0.870689,0.575038,1.687206,-0.89594,Cyclist,False,5,5,4
1733,38.839476,-15.434024,-1.060026,1.095668,0.303061,1.736811,2.105438,Cyclist,False,6,5,5
1733,34.448168,-10.405743,-1.160723,1.505344,0.597052,1.821276,1.968077,Cyclist,False,7,5,6
1735,21.159296,2.928709,-1.290981,0.51675,0.596487,1.894054,-0.340918,Cyclist,True,1,6,0
1735,27.097471,-4.235744,-1.22372,1.800665,0.488511,1.89498,-1.12749,Cyclist,False,2,6,1
1735,29.644413,-4.929748,-1.25228,1.597852,0.705782,1.901483,2.39528,Cyclist,False,3,6,2
1735,32.822063,-7.067402,-1.191809,0.673912,0.616699,1.836886,2.077889,Pedestrian,False,4,6,3
1735,31.285387,-9.94321,-1.147302,0.870689,0.575038,1.691715,-0.878906,Cyclist,False,5,6,4
1735,38.718466,-15.282233,-1.062529,1.095668,0.308171,1.736811,2.105438,Cyclist,False,6,6,5
1735,34.347785,-10.206574,-1.151859,1.498771,0.597052,1.803548,1.846138,Cyclist,False,7,6,6
1736,21.647777,2.639884,-1.309621,0.51675,0.616002,1.886598,-0.403112,Cyclist,False,1,7,0
1736,27.223805,-4.395932,-1.229588,1.800665,0.488511,1.89498,-1.100007,Cyclist,False,2,7,1
1736,29.477405,-4.740396,-1.254084,1.597852,0.714296,1.901483,2.409352,Cyclist,False,3,7,2
1736,32.747524,-6.932706,-1.200156,0.650615,0.602095,1.85358,2.078709,Pedestrian,False,4,7,3
1736,31.476359,-10.192524,-1.149557,0.870689,0.575038,1.696224,-0.861871,Cyclist,False,5,7,4
1736,38.597457,-15.130441,-1.065033,1.095668,0.313281,1.736811,2.105438,Cyclist,False,6,7,5
1736,34.247402,-10.007406,-1.142995,1.492199,0.597052,1.78582,1.724198,Cyclist,False,7,7,6
1738,22.167576,2.426043,-1.307796,0.615335,0.662829,1.882948,-0.347616,Cyclist,False,1,8,0
1738,27.350138,-4.556121,-1.235455,1.800665,0.488511,1.89498,-1.072525,Cyclist,False,2,8,1
1738,29.310396,-4.551044,-1.255888,1.597852,0.72281,1.901483,2.423424,Cyclist,False,3,8,2
1738,32.672986,-6.798009,-1.208503,0.627317,0.587492,1.870275,2.079529,Pedestrian,False,4,8,3
1738,31.724103,-10.473141,-1.158415,0.823201,0.575038,1.692035,-0.861871,Cyclist,False,5,8,4
1738,38.476447,-14.978649,-1.067536,1.095668,0.31839,1.736811,2.105438,Cyclist,False,6,8,5
1738,34.229268,-9.744491,-1.149889,1.46664,0.597052,1.799608,1.712079,Cyclist,False,7,8,6
1739,22.687375,2.212203,-1.305971,0.71392,0.709657,1.879299,-0.292121,Cyclist,False,1,9,0
1739,27.476472,-4.716309,-1.241323,1.800665,0.488511,1.89498,-1.045043,Cyclist,False,2,9,1
1739,29.143388,-4.361693,-1.257693,1.597852,0.731324,1.901483,2.437496,Cyclist,False,3,9,2
1739,32.598447,-6.663313,-1.21685,0.60402,0.572888,1.886969,2.080349,Pedestrian,False,4,9,3
1739,31.971846,-10.753758,-1.167273,0.775712,0.575038,1.687847,-0.861871,Cyclist,False,5,9,4
1739,38.355438,-14.826858,-1.07004,1.095668,0.3235,1.736811,2.105438,Cyclist,False,6,9,5
1739,34.211134,-9.481575,-1.156783,1.441081,0.597052,1.813397,1.699959,Cyclist,False,7,9,6
1741,23.207174,1.998362,-1.304146,0.812505,0.756484,1.875649,-0.236625,Cyclist,False,1,10,0
1741,27.602805,-4.876497,-1.247191,1.800665,0.488511,1.89498,-1.017561,Cyclist,False,2,10,1
1741,28.976379,-4.172341,-1.259497,1.597852,0.739838,1.901483,2.451568,Cyclist,False,3,10,2
1741,32.523909,-6.528617,-1.225197,0.580722,0.558285,1.903663,2.081169,Pedestrian,False,4,10,3
1741,32.21959,-11.034375,-1.176132,0.728224,0.575038,1.683658,-0.861871,Cyclist,False,5,10,4
1741,38.234428,-14.675066,-1.072543,1.095668,0.32861,1.736811,2.105438,Cyclist,False,6,10,5
1741,34.193,-9.21866,-1.163677,1.415522,0.597052,1.827185,1.68784,Cyclist,False,7,10,6
1742,23.726973,1.784522,-1.302321,0.91109,0.803311,1.871999,-0.181129,Cyclist,False,1,11,0
1742,27.729139,-5.036685,-1.253059,1.800665,0.488511,1.89498,-0.990078,Cyclist,False,2,11,1
1742,28.793112,-4.002688,-1.261301,1.597852,0.697267,1.901483,2.46564,Cyclist,False,3,11,2
1742,32.414604,-6.398534,-1.154185,0.590608,0.548175,1.745192,2.098683,Pedestrian,False,4,11,3
1742,32.467333,-11.314992,-1.18499,0.680735,0.575038,1.679469,-0.861871,Cyclist,False,5,11,4
1742,38.102827,-14.522736,-1.089178,1.001777,0.337995,1.736811,2.124883,Cyclist,False,6,11,5
1742,34.174866,-8.955744,-1.170571,1.389963,0.597052,1.840974,1.67572,Cyclist,False,7,11,6
1744,24.248949,1.704937,-1.293025,0.863869,0.790884,1.870436,-0.150647,Cyclist,False,1,12,0
1744,27.897262,-5.217928,-1.252804,1.800665,0.488511,1.89498,-0.990078,Cyclist,False,2,12,1
1744,28.609844,-3.833036,-1.263106,1.597852,0.654697,1.901483,2.479711,Cyclist,False,3,12,2
1744,32.305299,-6.26845,-1.164557,0.600494,0.538065,1.749489,2.116197,Pedestrian,False,4,12,3
1744,32.703894,-11.605764,-1.181044,0.680735,0.575038,1.671578,-0.861871,Cyclist,False,5,12,4
1744,37.971227,-14.370406,-1.105812,0.907887,0.347381,1.736811,2.144329,Cyclist,False,6,12,5
1744,34.156733,-8.692829,-1.177466,1.364403,0.597052,1.854762,1.663601,Cyclist,False,7,12,6
1745,24.770924,1.625352,-1.28373,0.816647,0.778458,1.868872,-0.120165,Cyclist,False,1,13,0
1745,28.065386,-5.399171,-1.252549,1.800665,0.488511,1.89498,-0.990078,Cyclist,False,2,13,1
1745,28.323408,-3.637672,-1.258056,1.513189,0.666049,1.86145,2.53541,Cyclist,False,3,13,2
1745,32.195995,-6.138367,-1.174929,0.610379,0.527955,1.753787,2.133712,Pedestrian,False,4,13,3
1745,32.940455,-11.896535,-1.177099,0.680735,0.575038,1.663687,-0.861871,Cyclist,False,5,13,4
1745,37.839626,-14.218076,-1.122447,0.813996,0.356766,1.736811,2.163775,Cyclist,False,6,13,5
1745,34.138599,-8.429913,-1.18436,1.338844,0.597052,1.868551,1.651481,Cyclist,False,7,13,6
1747,25.2929,1.545767,-1.274434,0.769426,0.766031,1.867309,-0.089682,Cyclist,False,1,14,0
1747,28.233509,-5.580414,-1.252294,1.800665,0.488511,1.89498,-0.990078,Cyclist,False,2,14,1
1747,28.036971,-3.442308,-1.253006,1.428526,0.677401,1.821416,2.59111,Cyclist,False,3,14,2
1747,32.08669,-6.008283,-1.185301,0.620265,0.517845,1.758084,2.151227,Pedestrian,False,4,14,3
1747,33.177016,-12.187306,-1.173153,0.680735,0.575038,1.655796,-0.861871,Cyclist,False,5,14,4
1747,37.708026,-14.065745,-1.139081,0.720105,0.366152,1.736811,2.183221,Cyclist,False,6,14,5
1747,34.120465,-8.166998,-1.191254,1.313285,0.597052,1.882339,1.639362,Cyclist,False,7,14,6
1748,25.814876,1.466183,-1.265138,0.722205,0.753605,1.865746,-0.0592,Cyclist,False,1,15,0
1748,28.401632,-5.761657,-1.252039,1.800665,0.488511,1.89498,-0.990078,Cyclist,False,2,15,1
1748,27.750535,-3.246944,-1.247956,1.343862,0.688753,1.781383,2.64681,Cyclist,False,3,15,2
1748,31.977386,-5.878199,-1.195673,0.63015,0.507735,1.762382,2.168741,Pedestrian,False,4,15,3
1748,33.413577,-12.478078,-1.169207,0.680735,0.575038,1.647904,-0.861871,Cyclist,False,5,15,4
1748,37.576425,-13.913415,-1.155716,0.626214,0.375537,1.736811,2.202667,Cyclist,False,6,15,5
1748,34.102331,-7.904082,-1.198148,1.287726,0.597052,1.896128,1.627242,Cyclist,False,7,15,6
1750,26.336852,1.386598,-1.255842,0.674984,0.741178,1.864183,-0.028717,Cyclist,False,1,16,0
1750,28.569755,-5.9429,-1.251784,1.800665,0.488511,1.89498,-0.990078,Cyclist,False,2,16,1
1750,27.464098,-3.05158,-1.242906,1.259199,0.700105,1.741349,2.702509,Cyclist,False,3,16,2
1750,31.868081,-5.748116,-1.206045,0.640036,0.497625,1.766679,2.186256,Pedestrian,False,4,16,3
1750,33.650138,-12.768849,-1.165262,0.680735,0.575038,1.640013,-0.861871,Cyclist,False,5,16,4
1750,37.444825,-13.761085,-1.17235,0.532324,0.384923,1.736811,2.222113,Cyclist,False,6,16,5
1750,34.084197,-7.641167,-1.205042,1.262167,0.597052,1.909916,1.615123,Cyclist,False,7,16,6
1751,26.858827,1.307013,-1.246547,0.627762,0.728752,1.862619,0.001765,Cyclist,False,1,17,0
1751,28.737879,-6.124143,-1.251529,1.800665,0.488511,1.89498,-0.990078,Cyclist,False,2,17,1
1751,27.177662,-2.856216,-1.237856,1.174536,0.711457,1.701316,2.758209,Cyclist,False,3,17,2
1751,31.758776,-5.618032,-1.216416,0.649921,0.487514,1.770977,2.20377,Pedestrian,False,4,17,3
1751,33.886699,-13.059621,-1.161316,0.680735,0.575038,1.632122,-0.861871,Cyclist,False,5,17,4
1751,37.313224,-13.608755,-1.188985,0.438433,0.394308,1.736811,2.241559,Cyclist,False,6,17,5
1751,34.15635,-7.303066,-1.198148,1.284659,0.597052,1.896128,1.566931,Cyclist,False,7,17,6
1753,27.380803,1.227428,-1.237251,0.580541,0.716325,1.861056,0.032247,Cyclist,False,1,18,0
1753,28.906002,-6.305386,-1.251274,1.800665,0.488511,1.89498,-0.990078,Cyclist,False,2,18,1
1753,26.853135,-2.755291,-1.259085,1.089873,0.722809,1.700701,2.813909,Cyclist,False,3,18,2
1753,31.649472,-5.487948,-1.226788,0.659807,0.477404,1.775274,2.221285,Pedestrian,False,4,18,3
1753,34.125034,-13.33141,-1.159287,0.680735,0.575038,1.628064,-0.861871,Cyclist,False,5,18,4
1753,37.125191,-13.408967,-1.185616,0.485514,0.404415,1.743549,2.247383,Cyclist,False,6,18,5
1753,34.228504,-6.964966,-1.191254,1.307151,0.597052,1.882339,1.518739,Cyclist,False,7,18,6
1754,27.895943,1.274142,-1.230872,0.580541,0.716325,1.873814,0.032247,Cyclist,False,1,19,0
1754,29.083192,-6.511853,-1.237989,1.800665,0.488511,1.89498,-0.990078,Cyclist,False,2,19,1
1754,26.528608,-2.654365,-1.280314,1.00521,0.734162,1.700086,2.869609,Cyclist,False,3,19,2
1754,31.540167,-5.357865,-1.23716,0.669692,0.467294,1.779571,2.238799,Pedestrian,False,4,19,3
1754,34.36337,-13.603198,-1.157258,0.680735,0.575038,1.624006,-0.861871,Cyclist,False,5,19,4
1754,36.937158,-13.20918,-1.182247,0.532595,0.414523,1.750287,2.253207,Cyclist,False,6,19,5
1754,34.300657,-6.626865,-1.18436,1.329643,0.597052,1.868551,1.470546,Cyclist,False,7,19,6
1756,28.411083,1.320856,-1.224493,0.580541,0.716325,1.886572,0.032247,Cyclist,False,1,20,0
1756,29.260381,-6.718321,-1.224704,1.800665,0.488511,1.89498,-0.990078,Cyclist,False,2,20,1
1756,26.20408,-2.55344,-1.301543,0.920547,0.745514,1.699471,2.925308,Cyclist,False,3,20,2
1756,31.430863,-5.227781,-1.247532,0.679578,0.457184,1.783869,2.256314,Pedestrian,False,4,20,3
1756,34.601705,-13.874987,-1.155229,0.680735,0.575038,1.619947,-0.861871,Cyclist,False,5,20,4
1756,36.749126,-13.009392,-1.178878,0.579675,0.42463,1.757026,2.259031,Cyclist,False,6,20,5
1756,34.37281,-6.288764,-1.177466,1.352135,0.597052,1.854762,1.422354,Cyclist,False,7,20,6
1757,28.926224,1.367569,-1.218114,0.580541,0.716325,1.89933,0.032247,Cyclist,False,1,21,0
1757,29.437571,-6.924788,-1.211419,1.800665,0.488511,1.89498,-0.990078,Cyclist,False,2,21,1
1757,25.879553,-2.452515,-1.322772,0.835884,0.756866,1.698856,2.981008,Cyclist,False,3,21,2
1757,31.321558,-5.097697,-1.257904,0.689463,0.447074,1.788166,2.273828,Pedestrian,False,4,21,3
1757,34.840041,-14.146775,-1.1532,0.680735,0.575038,1.615889,-0.861871,Cyclist,False,5,21,4
1757,36.561093,-12.809605,-1.175508,0.626756,0.434737,1.763764,2.264855,Cyclist,False,6,21,5
1757,34.444964,-5.950664,-1.170571,1.374627,0.597052,1.840974,1.374162,Cyclist,False,7,21,6
1759,29.441364,1.414283,-1.211735,0.580541,0.716325,1.912088,0.032247,Cyclist,False,1,22,0
1759,29.614761,-7.131256,-1.198133,1.800665,0.488511,1.89498,-0.990078,Cyclist,False,2,22,1
1759,25.578955,-2.454057,-1.323687,0.888011,0.739838,1.709375,3.035122,Cyclist,False,3,22,2
1759,31.212254,-4.967614,-1.268276,0.699349,0.436964,1.792464,2.291343,Pedestrian,False,4,22,3
1759,35.078376,-14.418564,-1.151171,0.680735,0.575038,1.611831,-0.861871,Cyclist,False,5,22,4
1759,36.37306,-12.609817,-1.172139,0.673837,0.444845,1.770502,2.270679,Cyclist,False,6,22,5
1759,34.517117,-5.612563,-1.163677,1.397119,0.597052,1.827185,1.32597,Cyclist,False,7,22,6
1759,6.662863,4.044561,-1.434629,2.528214,1.548579,1.450741,-1.73991,Vehicle,False,9,22,8
1760,29.956504,1.460997,-1.205356,0.580541,0.716325,1.924846,0.032247,Cyclist,False,1,23,0
1760,29.791951,-7.337723,-1.184848,1.800665,0.488511,1.89498,-0.990078,Cyclist,False,2,23,1
1760,25.278358,-2.4556,-1.324602,0.940137,0.72281,1.719893,3.089236,Cyclist,False,3,23,2
1760,31.102949,-4.83753,-1.278648,0.709234,0.426854,1.796761,2.308858,Pedestrian,False,4,23,3
1760,35.294144,-14.681581,-1.152016,0.680735,0.575038,1.613522,-0.861871,Cyclist,False,5,23,4
1760,36.185027,-12.41003,-1.16877,0.720918,0.454952,1.77724,2.276503,Cyclist,False,6,23,5
1760,34.58927,-5.274462,-1.156783,1.419611,0.597052,1.813397,1.277778,Cyclist,False,7,23,6
1760,6.538157,3.687417,-1.438452,2.722343,1.582351,1.44154,-1.766315,Vehicle,False,9,23,8
1762,30.486131,1.567477,-1.205356,0.580541,0.716325,1.924846,0.068609,Cyclist,False,1,24,0
1762,29.96914,-7.544191,-1.171563,1.800665,0.488511,1.89498,-0.990078,Cyclist,False,2,24,1
1762,24.97776,-2.457142,-1.325516,0.992264,0.705782,1.730412,-3.139835,Cyclist,False,3,24,2
1762,30.993041,-4.722114,-1.273575,0.709234,0.426854,1.806907,2.308858,Pedestrian,False,4,24,3
1762,35.509911,-14.944598,-1.152862,0.680735,0.575038,1.615213,-0.861871,Cyclist,False,5,24,4
1762,35.996995,-12.210242,-1.165401,0.767998,0.465059,1.783979,2.282327,Cyclist,False,6,24,5
1762,34.661424,-4.936362,-1.149889,1.442103,0.597052,1.799608,1.229586,Cyclist,False,7,24,6
1762,6.413452,3.330274,-1.442274,2.916473,1.616122,1.432338,-1.79272,Vehicle,False,9,24,8
1763,31.015759,1.673958,-1.205356,0.580541,0.716325,1.924846,0.10497,Cyclist,False,1,25,0
1763,30.14633,-7.750658,-1.158278,1.800665,0.488511,1.89498,-0.990078,Cyclist,False,2,25,1
1763,24.677162,-2.458684,-1.326431,1.04439,0.688753,1.740931,-3.085721,Cyclist,False,3,25,2
1763,30.883133,-4.606698,-1.268502,0.709234,0.426854,1.817052,2.308858,Pedestrian,False,4,25,3
1763,35.725679,-15.207615,-1.153707,0.680735,0.575038,1.616904,-0.861871,Cyclist,False,5,25,4
1763,35.808962,-12.010455,-1.162032,0.815079,0.475166,1.790717,2.288151,Cyclist,False,6,25,5
1763,34.733577,-4.598261,-1.142995,1.464595,0.597052,1.78582,1.181394,Cyclist,False,7,25,6
1763,6.288746,2.97313,-1.446097,3.110602,1.649894,1.423137,-1.819126,Vehicle,False,9,25,8
1765,31.545386,1.780438,-1.205356,0.580541,0.716325,1.924846,0.141332,Cyclist,False,1,26,0
1765,30.369597,-7.997727,-1.165846,1.800665,0.488511,1.89498,-0.990078,Cyclist,False,2,26,1
1765,24.376565,-2.460227,-1.327346,1.096517,0.671725,1.751449,-3.031607,Cyclist,False,3,26,2
1765,30.773225,-4.491281,-1.263429,0.709234,0.426854,1.827198,2.308858,Pedestrian,False,4,26,3
1765,35.941447,-15.470631,-1.154552,0.680735,0.575038,1.618595,-0.861871,Cyclist,False,5,26,4
1765,35.620929,-11.810667,-1.158663,0.86216,0.485274,1.797455,2.293975,Cyclist,False,6,26,5
1765,34.880775,-4.294507,-1.134478,1.44994,0.597052,1.768787,1.181394,Cyclist,False,7,26,6
1765,6.164041,2.615987,-1.44992,3.304732,1.683665,1.413936,-1.845531,Vehicle,False,9,26,8
1766,32.075013,1.886918,-1.205356,0.580541,0.716325,1.924846,0.177693,Cyclist,False,1,27,0
1766,30.592865,-8.244796,-1.173414,1.800665,0.488511,1.89498,-0.990078,Cyclist,False,2,27,1
1766,24.075967,-2.461769,-1.328261,1.148643,0.654697,1.761968,-2.977493,Cyclist,False,3,27,2
1766,30.663316,-4.375865,-1.258357,0.709234,0.426854,1.837344,2.308858,Pedestrian,False,4,27,3
1766,36.157214,-15.733648,-1.155398,0.680735,0.575038,1.620286,-0.861871,Cyclist,False,5,27,4
1766,35.432896,-11.61088,-1.155293,0.909241,0.495381,1.804193,2.2998,Cyclist,False,6,27,5
1766,35.027973,-3.990752,-1.125962,1.435285,0.597052,1.751755,1.181394,Cyclist,False,7,27,6
1766,6.039335,2.258843,-1.453743,3.498861,1.717437,1.404735,-1.871936,Vehicle,False,9,27,8
1768,32.60464,1.993398,-1.205356,0.580541,0.716325,1.924846,0.214055,Cyclist,False,1,28,0
1768,30.816132,-8.491865,-1.180982,1.800665,0.488511,1.89498,-0.990078,Cyclist,False,2,28,1
1768,23.774008,-2.471716,-1.323917,1.20077,0.654697,1.761968,-2.778699,Cyclist,False,3,28,2
1768,30.553408,-4.260449,-1.253284,0.709234,0.426854,1.84749,2.308858,Pedestrian,False,4,28,3
1768,36.372982,-15.996665,-1.156243,0.680735,0.575038,1.621977,-0.861871,Cyclist,False,5,28,4
1768,35.244864,-11.411092,-1.151924,0.956321,0.505488,1.810932,2.305624,Cyclist,False,6,28,5
1768,35.175171,-3.686998,-1.117445,1.420631,0.597052,1.734722,1.181394,Cyclist,False,7,28,6
1768,5.91463,1.9017,-1.457565,3.692991,1.751208,1.395533,-1.898341,Vehicle,False,9,28,8
1769,33.134268,2.099879,-1.205356,0.580541,0.716325,1.924846,0.250416,Cyclist,False,1,29,0
1769,31.039399,-8.738934,-1.18855,1.800665,0.488511,1.89498,-0.990078,Cyclist,False,2,29,1
1769,23.444765,-2.615635,-1.324937,1.26978,0.654697,1.774236,-2.818179,Cyclist,False,3,29,2
1769,30.4435,-4.145033,-1.248211,0.709234,0.426854,1.857635,2.308858,Pedestrian,False,4,29,3
1769,36.588749,-16.259682,-1.157089,0.680735,0.575038,1.623668,-0.861871,Cyclist,False,5,29,4
1769,35.056831,-11.211305,-1.148555,1.003402,0.515596,1.81767,2.311448,Cyclist,False,6,29,5
1769,35.322369,-3.383244,-1.108929,1.405976,0.597052,1.717689,1.181394,Cyclist,False,7,29,6
1769,5.789924,1.544556,-1.461388,3.88712,1.78498,1.386332,-1.924746,Vehicle,False,9,29,8
1771,33.663895,2.206359,-1.205356,0.580541,0.716325,1.924846,0.286778,Cyclist,False,1,30,0
1771,31.262667,-8.986004,-1.196118,1.800665,0.488511,1.89498,-0.990078,Cyclist,False,2,30,1
1771,23.115522,-2.759554,-1.325957,1.33879,0.654697,1.786504,-2.763939,Cyclist,False,3,30,2
1771,30.333592,-4.029616,-1.243138,0.709234,0.426854,1.867781,2.308858,Pedestrian,False,4,30,3
1771,36.804517,-16.522699,-1.157934,0.680735,0.575038,1.625359,-0.861871,Cyclist,False,5,30,4
1771,34.868798,-11.011517,-1.145186,1.050483,0.525703,1.824408,2.317272,Cyclist,False,6,30,5
1771,35.469567,-3.079489,-1.100412,1.391321,0.597052,1.700657,1.181394,Cyclist,False,7,30,6
1771,5.598196,1.074449,-1.468483,3.816577,1.858768,1.372142,-1.964409,Vehicle,False,9,30,8
1772,34.276551,2.389292,-1.205356,0.625967,0.716325,1.924846,0.2858,Cyclist,False,1,31,0
1772,31.485934,-9.233073,-1.203686,1.800665,0.488511,1.89498,-0.990078,Cyclist,False,2,31,1
1772,22.786278,-2.903472,-1.326978,1.407799,0.654697,1.798773,-2.709698,Cyclist,False,3,31,2
1772,30.223684,-3.9142,-1.238065,0.709234,0.426854,1.877927,2.308858,Pedestrian,False,4,31,3
1772,34.679494,-10.7699,-1.146098,1.089375,0.524791,1.824408,2.305453,Cyclist,False,6,31,5
1772,35.616765,-2.775735,-1.091896,1.376666,0.597052,1.683624,1.181394,Cyclist,False,7,31,6
1772,5.406469,0.604342,-1.475578,3.746033,1.932557,1.357952,-2.004072,Vehicle,False,9,31,8
1774,34.889206,2.572226,-1.205356,0.671394,0.716325,1.924846,0.284823,Cyclist,False,1,32,0
1774,31.709201,-9.480142,-1.211254,1.800665,0.488511,1.89498,-0.990078,Cyclist,False,2,32,1
1774,22.457035,-3.047391,-1.327998,1.476809,0.654697,1.811041,-2.655458,Cyclist,False,3,32,2
1774,30.113776,-3.798784,-1.232992,0.709234,0.426854,1.888072,2.308858,Pedestrian,False,4,32,3
1774,34.490189,-10.528282,-1.147011,1.128267,0.523878,1.824408,2.293634,Cyclist,False,6,32,5
1774,35.841623,-2.465209,-1.100544,1.391458,0.597052,1.68401,1.152084,Cyclist,False,7,32,6
1774,5.214741,0.134235,-1.482673,3.67549,2.006345,1.343762,-2.043735,Vehicle,False,9,32,8
1775,35.501862,2.755159,-1.205356,0.71682,0.716325,1.924846,0.283845,Cyclist,False,1,33,0
1775,31.932469,-9.727211,-1.218822,1.800665,0.488511,1.89498,-0.990078,Cyclist,False,2,33,1
1775,22.127791,-3.191309,-1.329019,1.545818,0.654697,1.82331,-2.601218,Cyclist,False,3,33,2
1775,30.003868,-3.683368,-1.227919,0.709234,0.426854,1.898218,2.308858,Pedestrian,False,4,33,3
1775,34.300884,-10.286665,-1.147923,1.167159,0.522966,1.824408,2.281816,Cyclist,False,6,33,5
1775,36.066481,-2.154683,-1.109191,1.40625,0.597052,1.684396,1.122774,Cyclist,False,7,33,6
1775,5.059593,-0.253096,-1.472456,3.67549,2.011453,1.364196,-2.043735,Vehicle,False,9,33,8
1777,36.114517,2.938092,-1.205356,0.762246,0.716325,1.924846,0.282868,Cyclist,False,1,34,0
1777,32.155736,-9.97428,-1.22639,1.800665,0.488511,1.89498,-0.990078,Cyclist,False,2,34,1
1777,21.798548,-3.335228,-1.330039,1.614828,0.654697,1.835578,-2.546978,Cyclist,False,3,34,2
1777,29.893959,-3.567952,-1.222847,0.709234,0.426854,1.908364,2.308858,Pedestrian,False,4,34,3
1777,34.11158,-10.045047,-1.148836,1.206051,0.522053,1.824408,2.269997,Cyclist,False,6,34,5
1777,36.291339,-1.844158,-1.117839,1.421041,0.597052,1.684781,1.093465,Cyclist,False,7,34,6
1777,4.904446,-0.640427,-1.462239,3.67549,2.016562,1.38463,-2.043735,Vehicle,False,9,34,8
1778,36.727172,3.121026,-1.205356,0.807673,0.716325,1.924846,0.28189,Cyclist,False,1,35,0
1778,32.383289,-10.244652,-1.230174,1.800665,0.488511,1.89498,-0.990078,Cyclist,False,2,35,1
1778,21.493251,-3.546094,-1.319611,1.616143,0.647397,1.814722,-2.546978,Cyclist,False,3,35,2
1778,29.784051,-3.452535,-1.217774,0.709234,0.426854,1.91851,2.308858,Pedestrian,False,4,35,3
1778,33.922276,-9.80343,-1.149748,1.244942,0.521141,1.824408,2.258178,Cyclist,False,6,35,5
1778,36.516197,-1.533632,-1.126487,1.435833,0.597052,1.685167,1.064155,Cyclist,False,7,35,6
1778,39.679699,-16.740487,-1.102219,1.61994,0.523134,1.793603,2.231431,Cyclist,False,8,35,7
1778,4.749298,-1.027757,-1.452023,3.67549,2.02167,1.405063,-2.043735,Vehicle,False,9,35,8
1780,37.339828,3.303959,-1.205356,0.853099,0.716325,1.924846,0.280913,Cyclist,False,1,36,0
1780,32.610843,-10.515025,-1.233958,1.800665,0.488511,1.89498,-0.990078,Cyclist,False,2,36,1
1780,21.187955,-3.75696,-1.309183,1.617457,0.640098,1.793865,-2.546978,Cyclist,False,3,36,2
1780,29.674143,-3.337119,-1.212701,0.709234,0.426854,1.928655,2.308858,Pedestrian,False,4,36,3
1780,33.732971,-9.561813,-1.150661,1.283834,0.520228,1.824408,2.24636,Cyclist,False,6,36,5
1780,36.741055,-1.223106,-1.135135,1.450625,0.597052,1.685553,1.034845,Cyclist,False,7,36,6
1780,39.437931,-16.471183,-1.107755,1.55379,0.532851,1.78178,2.23597,Cyclist,False,8,36,7
1780,4.594151,-1.415088,-1.441806,3.67549,2.026779,1.425497,-2.043735,Vehicle,False,9,36,8
1781,37.956855,3.455197,-1.205356,0.853099,0.716325,1.924846,0.288601,Cyclist,False,1,37,0
1781,32.838396,-10.785397,-1.237742,1.800665,0.488511,1.89498,-0.990078,Cyclist,False,2,37,1
1781,20.882658,-3.967826,-1.298755,1.618772,0.632798,1.773009,-2.546978,Cyclist,False,3,37,2
1781,29.564235,-3.221703,-1.207628,0.709234,0.426854,1.938801,2.308858,Pedestrian,False,4,37,3
1781,33.543667,-9.320195,-1.151573,1.322726,0.519315,1.824408,2.234541,Cyclist,False,6,37,5
1781,36.965913,-0.91258,-1.143782,1.465417,0.597052,1.685939,1.005536,Cyclist,False,7,37,6
1781,39.196164,-16.20188,-1.113292,1.48764,0.542567,1.769956,2.240508,Cyclist,False,8,37,7
1781,4.439003,-1.802419,-1.431589,3.67549,2.031887,1.445931,-2.043735,Vehicle,False,9,37,8
1783,38.573882,3.606435,-1.205356,0.853099,0.716325,1.924846,0.296289,Cyclist,False,1,38,0
1783,33.06595,-11.055769,-1.241526,1.800665,0.488511,1.89498,-0.990078,Cyclist,False,2,38,1
1783,20.577361,-4.178692,-1.288326,1.620086,0.625498,1.752152,-2.546978,Cyclist,False,3,38,2
1783,29.440415,-3.117728,-1.21223,0.709234,0.426854,1.929597,2.31808,Pedestrian,False,4,38,3
1783,33.354362,-9.078578,-1.152486,1.361618,0.518403,1.824408,2.222722,Cyclist,False,6,38,5
1783,37.190771,-0.602055,-1.15243,1.480208,0.597052,1.686324,0.976226,Cyclist,False,7,38,6
1783,38.954396,-15.932576,-1.118828,1.421491,0.552283,1.758133,2.245046,Cyclist,False,8,38,7
1783,4.227346,-2.21608,-1.433889,3.67549,2.031887,1.445931,-2.043735,Vehicle,False,9,38,8
1784,39.190909,3.757674,-1.205356,0.853099,0.716325,1.924846,0.303977,Cyclist,False,1,39,0
1784,33.293503,-11.326142,-1.24531,1.800665,0.488511,1.89498,-0.990078,Cyclist,False,2,39,1
1784,20.272064,-4.389558,-1.277898,1.621401,0.618198,1.731296,-2.546978,Cyclist,False,3,39,2
1784,29.316595,-3.013754,-1.216832,0.709234,0.426854,1.920393,2.327302,Pedestrian,False,4,39,3
1784,33.123391,-8.857194,-1.151067,1.361618,0.502587,1.824408,2.231838,Cyclist,False,6,39,5
1784,37.415629,-0.291529,-1.161078,1.495,0.597052,1.68671,0.946917,Cyclist,False,7,39,6
1784,38.712628,-15.663272,-1.124365,1.355341,0.562,1.746309,2.249584,Cyclist,False,8,39,7
1784,4.015689,-2.62974,-1.436189,3.67549,2.031887,1.445931,-2.043735,Vehicle,False,9,39,8
1786,39.807936,3.908912,-1.205356,0.853099,0.716325,1.924846,0.311665,Cyclist,False,1,40,0
1786,33.521057,-11.596514,-1.249094,1.800665,0.488511,1.89498,-0.990078,Cyclist,False,2,40,1
1786,19.966768,-4.600424,-1.26747,1.622715,0.610899,1.710439,-2.546978,Cyclist,False,3,40,2
1786,29.192774,-2.909779,-1.221434,0.709234,0.426854,1.91119,2.336523,Pedestrian,False,4,40,3
1786,32.892421,-8.635809,-1.149648,1.361618,0.486771,1.824408,2.240955,Cyclist,False,6,40,5
1786,37.683069,0.004214,-1.174947,1.435396,0.57619,1.675506,0.930213,Cyclist,False,7,40,6
1786,38.470861,-15.393969,-1.129901,1.289191,0.571717,1.734486,2.254123,Cyclist,False,8,40,7
1786,3.804032,-3.043401,-1.43849,3.67549,2.031887,1.445931,-2.043735,Vehicle,False,9,40,8
1788,40.424963,4.06015,-1.205356,0.853099,0.716325,1.924846,0.319353,Cyclist,False,1,41,0
1788,33.74861,-11.866886,-1.252878,1.800665,0.488511,1.89498,-0.990078,Cyclist,False,2,41,1
1788,19.661471,-4.81129,-1.257042,1.62403,0.603599,1.689583,-2.546978,Cyclist,False,3,41,2
1788,29.068954,-2.805805,-1.226036,0.709234,0.426854,1.901986,2.345745,Pedestrian,False,4,41,3
1788,32.66145,-8.414425,-1.148229,1.361618,0.470955,1.824408,2.250071,Cyclist,False,6,41,5
1788,37.950508,0.299958,-1.188816,1.375792,0.555328,1.664301,0.913509,Cyclist,False,7,41,6
1788,38.229093,-15.124665,-1.135438,1.223041,0.581433,1.722662,2.258661,Cyclist,False,8,41,7
1788,3.592375,-3.457062,-1.44079,3.67549,2.031887,1.445931,-2.043735,Vehicle,False,9,41,8
1789,41.04199,4.211388,-1.205356,0.853099,0.716325,1.924846,0.327042,Cyclist,False,1,42,0
1789,33.976164,-12.137259,-1.256662,1.800665,0.488511,1.89498,-0.990078,Cyclist,False,2,42,1
1789,19.325907,-4.948184,-1.258017,1.62403,0.610899,1.691533,-2.600386,Cyclist,False,3,42,2
1789,28.945134,-2.70183,-1.230637,0.709234,0.426854,1.892782,2.354967,Pedestrian,False,4,42,3
1789,32.430479,-8.19304,-1.14681,1.361618,0.455139,1.824408,2.259188,Cyclist,False,6,42,5
1789,38.217948,0.595701,-1.202685,1.316189,0.534466,1.653097,0.896805,Cyclist,False,7,42,6
1789,38.006764,-14.856428,-1.129097,1.223041,0.593973,1.737035,2.253064,Cyclist,False,8,42,7
1791,41.612547,4.413602,-1.220913,0.782755,0.670349,1.893733,0.303837,Cyclist,False,1,43,0
1791,34.203717,-12.407631,-1.260446,1.800665,0.488511,1.89498,-0.990078,Cyclist,False,2,43,1
1791,18.990344,-5.085078,-1.258992,1.62403,0.618198,1.693483,-2.653795,Cyclist,False,3,43,2
1791,28.821314,-2.597856,-1.235239,0.709234,0.426854,1.883578,2.364189,Pedestrian,False,4,43,3
1791,32.199508,-7.971656,-1.145391,1.361618,0.439323,1.824408,2.268304,Cyclist,False,6,43,5
1791,38.485387,0.891444,-1.216554,1.256585,0.513604,1.641893,0.880101,Cyclist,False,7,43,6
1791,37.784435,-14.588191,-1.122756,1.223041,0.606514,1.751408,2.247468,Cyclist,False,8,43,7
1792,42.183103,4.615816,-1.23647,0.712412,0.624373,1.862619,0.280633,Cyclist,False,1,44,0
1792,34.488649,-12.841849,-1.183819,1.800665,0.488511,1.89498,-0.990078,Cyclist,False,2,44,1
1792,18.65478,-5.221972,-1.259967,1.62403,0.625498,1.695433,-2.707203,Cyclist,False,3,44,2
1792,28.697493,-2.493881,-1.239841,0.709234,0.426854,1.874375,2.373411,Pedestrian,False,4,44,3
1792,31.968538,-7.750271,-1.143972,1.361618,0.423507,1.824408,2.27742,Cyclist,False,6,44,5
1792,38.752827,1.187188,-1.230423,1.196981,0.492742,1.630688,0.863397,Cyclist,False,7,44,6
1792,37.562107,-14.319954,-1.116415,1.223041,0.619054,1.765781,2.241871,Cyclist,False,8,44,7
1794,42.75366,4.81803,-1.252026,0.642068,0.578398,1.831506,0.257428,Cyclist,False,1,45,0
1794,34.773581,-13.276066,-1.107193,1.800665,0.488511,1.89498,-0.990078,Cyclist,False,2,45,1
1794,18.319217,-5.358867,-1.260942,1.62403,0.632798,1.697383,-2.760611,Cyclist,False,3,45,2
1794,28.573673,-2.389907,-1.244443,0.709234,0.426854,1.865171,2.382633,Pedestrian,False,4,45,3
1794,31.737567,-7.528887,-1.142553,1.361618,0.40769,1.824408,2.286537,Cyclist,False,6,45,5
1794,39.020266,1.482931,-1.244292,1.137377,0.47188,1.619484,0.846693,Cyclist,False,7,45,6
1794,37.339778,-14.051717,-1.110074,1.223041,0.631594,1.780154,2.236274,Cyclist,False,8,45,7
1795,43.324216,5.020244,-1.267583,0.571725,0.532422,1.800392,0.234224,Cyclist,False,1,46,0
1795,34.988965,-13.515648,-1.107193,1.800665,0.488511,1.89498,-0.990078,Cyclist,False,2,46,1
1795,17.983653,-5.495761,-1.261917,1.62403,0.640098,1.699333,-2.81402,Cyclist,False,3,46,2
1795,28.449853,-2.285932,-1.249045,0.709234,0.426854,1.855967,2.391855,Pedestrian,False,4,46,3
1795,31.506596,-7.307503,-1.141134,1.361618,0.391874,1.824408,2.295653,Cyclist,False,6,46,5
1795,39.287706,1.778674,-1.258161,1.077774,0.451018,1.60828,0.829989,Cyclist,False,7,46,6
1795,37.117449,-13.783481,-1.103733,1.223041,0.644135,1.794527,2.230677,Cyclist,False,8,46,7
1797,43.894773,5.222458,-1.28314,0.501381,0.486446,1.769279,0.211019,Cyclist,False,1,47,0
1797,35.20435,-13.755229,-1.107193,1.800665,0.488511,1.89498,-0.990078,Cyclist,False,2,47,1
1797,17.64809,-5.632655,-1.262892,1.62403,0.647397,1.701283,-2.867428,Cyclist,False,3,47,2
1797,28.326033,-2.181957,-1.253647,0.709234,0.426854,1.846763,2.401077,Pedestrian,False,4,47,3
1797,31.275625,-7.086118,-1.139715,1.361618,0.376058,1.824408,2.30477,Cyclist,False,6,47,5
1797,39.555145,2.074418,-1.27203,1.01817,0.430156,1.597075,0.813285,Cyclist,False,7,47,6
1797,36.89512,-13.515244,-1.097392,1.223041,0.656675,1.8089,2.22508,Cyclist,False,8,47,7
1798,44.476943,5.403474,-1.299373,0.464857,0.486446,1.736813,0.20156,Cyclist,False,1,48,0
1798,35.419734,-13.994811,-1.107193,1.800665,0.488511,1.89498,-0.990078,Cyclist,False,2,48,1
1798,17.312526,-5.769549,-1.263867,1.62403,0.654697,1.703233,-2.920837,Cyclist,False,3,48,2
1798,28.202213,-2.077983,-1.258249,0.709234,0.426854,1.837559,2.410299,Pedestrian,False,4,48,3
1798,31.044654,-6.864734,-1.138296,1.361618,0.360242,1.824408,2.313886,Cyclist,False,6,48,5
1798,39.822585,2.370161,-1.285899,0.958566,0.409294,1.585871,0.796581,Cyclist,False,7,48,6
1798,36.672791,-13.247007,-1.091051,1.223041,0.669215,1.823273,2.219484,Cyclist,False,8,48,7
1800,45.059113,5.58449,-1.315606,0.428332,0.486446,1.704347,0.1921,Cyclist,False,1,49,0
1800,35.635119,-14.234393,-1.107193,1.800665,0.488511,1.89498,-0.990078,Cyclist,False,2,49,1
1800,17.001556,-5.871875,-1.261539,1.566377,0.682851,1.723121,-2.920837,Cyclist,False,3,49,2
1800,28.078392,-1.974008,-1.262851,0.709234,0.426854,1.828356,2.419521,Pedestrian,False,4,49,3
1800,30.813684,-6.643349,-1.136877,1.361618,0.344426,1.824408,2.323002,Cyclist,False,6,49,5
1800,40.14384,2.670709,-1.291792,0.993456,0.44841,1.597657,0.796581,Cyclist,False,7,49,6
1800,36.450463,-12.97877,-1.084709,1.223041,0.681756,1.837647,2.213887,Cyclist,False,8,49,7
1801,45.641283,5.765505,-1.331839,0.391808,0.486446,1.67188,0.18264,Cyclist,False,1,50,0
1801,35.850503,-14.473975,-1.107193,1.800665,0.488511,1.89498,-0.990078,Cyclist,False,2,50,1
1801,16.690587,-5.974201,-1.259212,1.508723,0.711005,1.74301,-2.920837,Cyclist,False,3,50,2
1801,27.954572,-1.870034,-1.267453,0.709234,0.426854,1.819152,2.428743,Pedestrian,False,4,50,3
1801,30.582713,-6.421965,-1.135458,1.361618,0.32861,1.824408,2.332119,Cyclist,False,6,50,5
1801,40.465095,2.971258,-1.297685,1.028347,0.487527,1.609443,0.796581,Cyclist,False,7,50,6
1801,36.228134,-12.710533,-1.078368,1.223041,0.694296,1.85202,2.20829,Cyclist,False,8,50,7
1803,46.223453,5.946521,-1.348072,0.355283,0.486446,1.639414,0.173181,Cyclist,False,1,51,0
1803,36.065888,-14.713556,-1.107193,1.800665,0.488511,1.89498,-0.990078,Cyclist,False,2,51,1
1803,16.379617,-6.076527,-1.256884,1.45107,0.739159,1.762898,-2.920837,Cyclist,False,3,51,2
1803,27.830752,-1.766059,-1.272054,0.709234,0.426854,1.809948,2.437965,Pedestrian,False,4,51,3
1803,30.356812,-6.189332,-1.145313,1.348767,0.346129,1.825138,2.332119,Cyclist,False,6,51,5
1803,40.78635,3.271806,-1.303578,1.063237,0.526643,1.621228,0.796581,Cyclist,False,7,51,6
1803,36.005805,-12.442296,-1.072027,1.223041,0.706836,1.866393,2.202693,Cyclist,False,8,51,7
1804,46.805623,6.127537,-1.364305,0.318759,0.486446,1.606948,0.163721,Cyclist,False,1,52,0
1804,36.281272,-14.953138,-1.107193,1.800665,0.488511,1.89498,-0.990078,Cyclist,False,2,52,1
1804,16.007683,-6.137573,-1.27508,1.49431,0.704242,1.730155,-2.920837,Cyclist,False,3,52,2
1804,27.706932,-1.662085,-1.276656,0.709234,0.426854,1.800744,2.447187,Pedestrian,False,4,52,3
1804,30.130911,-5.956699,-1.155167,1.335916,0.363649,1.825868,2.332119,Cyclist,False,6,52,5
1804,41.107605,3.572354,-1.309471,1.098127,0.565759,1.633014,0.796581,Cyclist,False,7,52,6
1804,35.783476,-12.174059,-1.065686,1.223041,0.719376,1.880766,2.197096,Cyclist,False,8,52,7
1806,47.363172,6.264749,-1.362952,0.318759,0.486446,1.606948,0.213262,Cyclist,False,1,53,0
1806,36.548426,-15.290781,-1.097463,1.800665,0.488511,1.89498,-0.990078,Cyclist,False,2,53,1
1806,15.635748,-6.198618,-1.293277,1.53755,0.669324,1.697412,-2.920837,Cyclist,False,3,53,2
1806,27.583111,-1.55811,-1.281258,0.709234,0.426854,1.791541,2.456409,Pedestrian,False,4,53,3
1806,29.905011,-5.724066,-1.165022,1.323064,0.381168,1.826598,2.332119,Cyclist,False,6,53,5
1806,41.414779,3.839012,-1.302411,1.026212,0.538697,1.661733,0.793377,Cyclist,False,7,53,6
1806,35.561147,-11.905822,-1.059345,1.223041,0.731917,1.895139,2.1915,Cyclist,False,8,53,7
1807,47.920722,6.401961,-1.3616,0.318759,0.486446,1.606948,0.262803,Cyclist,False,1,54,0
1807,36.815581,-15.628424,-1.087732,1.800665,0.488511,1.89498,-0.990078,Cyclist,False,2,54,1
1807,15.263813,-6.259664,-1.311473,1.58079,0.634407,1.664668,-2.920837,Cyclist,False,3,54,2
1807,27.459291,-1.454136,-1.28586,0.709234,0.426854,1.782337,2.465631,Pedestrian,False,4,54,3
1807,29.67911,-5.491433,-1.174876,1.310213,0.398687,1.827328,2.332119,Cyclist,False,6,54,5
1807,41.721953,4.10567,-1.295352,0.954297,0.511634,1.690451,0.790173,Cyclist,False,7,54,6
1807,35.338818,-11.637586,-1.053004,1.223041,0.744457,1.909512,2.185903,Cyclist,False,8,54,7
1809,48.478271,6.539172,-1.360247,0.318759,0.486446,1.606948,0.312344,Cyclist,False,1,55,0
1809,37.082735,-15.966067,-1.078002,1.800665,0.488511,1.89498,-0.990078,Cyclist,False,2,55,1
1809,14.891879,-6.32071,-1.32967,1.62403,0.599489,1.631925,-2.920837,Cyclist,False,3,55,2
1809,27.335471,-1.350161,-1.290462,0.709234,0.426854,1.773133,2.474853,Pedestrian,False,4,55,3
1809,29.453209,-5.2588,-1.184731,1.297362,0.416207,1.828058,2.332119,Cyclist,False,6,55,5
1809,42.029128,4.372328,-1.288292,0.882382,0.484572,1.71917,0.786969,Cyclist,False,7,55,6
1809,35.11649,-11.369349,-1.046663,1.223041,0.756997,1.923885,2.180306,Cyclist,False,8,55,7
1809,2.698441,1.438531,-1.379942,1.400247,0.812988,1.560116,-1.967796,Cyclist,False,10,55,9
1810,49.035821,6.676384,-1.358895,0.318759,0.486446,1.606948,0.361885,Cyclist,False,1,56,0
1810,37.349889,-16.303709,-1.068272,1.800665,0.488511,1.89498,-0.990078,Cyclist,False,2,56,1
1810,14.505015,-6.39837,-1.284279,1.490011,0.627093,1.648989,-2.920837,Cyclist,False,3,56,2
1810,27.217158,-1.241347,-1.302295,0.724523,0.437095,1.765244,2.474853,Pedestrian,False,4,56,3
1810,29.227308,-5.026168,-1.194586,1.284511,0.433726,1.828788,2.332119,Cyclist,False,6,56,5
1810,42.336302,4.638986,-1.281233,0.810467,0.457509,1.747888,0.783765,Cyclist,False,7,56,6
1810,34.894161,-11.101112,-1.040322,1.223041,0.769538,1.938258,2.174709,Cyclist,False,8,56,7
1810,2.345684,0.776711,-1.397573,1.253726,0.675875,1.524855,-2.025349,Cyclist,False,10,56,9
1812,49.59337,6.813596,-1.357542,0.318759,0.486446,1.606948,0.411425,Cyclist,False,1,57,0
1812,37.617043,-16.641352,-1.058542,1.800665,0.488511,1.89498,-0.990078,Cyclist,False,2,57,1
1812,14.11815,-6.47603,-1.238889,1.355991,0.654697,1.666052,-2.920837,Cyclist,False,3,57,2
1812,27.098845,-1.132533,-1.314129,0.739811,0.447337,1.757355,2.474853,Pedestrian,False,4,57,3
1812,29.001407,-4.793535,-1.20444,1.27166,0.451245,1.829518,2.332119,Cyclist,False,6,57,5
1812,42.643476,4.905644,-1.274173,0.738552,0.430447,1.776607,0.780561,Cyclist,False,7,57,6
1812,34.671832,-10.832875,-1.033981,1.223041,0.782078,1.952631,2.169112,Cyclist,False,8,57,7
1812,1.939145,0.088543,-1.363517,1.253726,0.675875,1.592967,-2.115586,Cyclist,False,10,57,9
1813,50.196614,7.119149,-1.357542,0.382532,0.530232,1.606948,0.406318,Cyclist,False,1,58,0
1813,37.884198,-16.978995,-1.048811,1.800665,0.488511,1.89498,-0.990078,Cyclist,False,2,58,1
1813,13.605614,-6.596037,-1.232497,1.485761,0.654697,1.761112,-2.920837,Cyclist,False,3,58,2
1813,26.980532,-1.023718,-1.325962,0.7551,0.457578,1.749466,2.474853,Pedestrian,False,4,58,3
1813,28.775507,-4.560902,-1.214295,1.258808,0.468764,1.830248,2.332119,Cyclist,False,6,58,5
1813,42.95065,5.172302,-1.267114,0.666637,0.403384,1.805325,0.777357,Cyclist,False,7,58,6
1813,34.439999,-10.55996,-1.050203,1.254605,0.782078,1.933165,2.169112,Cyclist,False,8,58,7
1813,1.605732,-0.355124,-1.363517,1.253726,0.675875,1.592967,-2.115586,Cyclist,False,10,58,9
1815,50.799857,7.424702,-1.357542,0.446305,0.574019,1.606948,0.40121,Cyclist,False,1,59,0
1815,38.151352,-17.316638,-1.039081,1.800665,0.488511,1.89498,-0.990078,Cyclist,False,2,59,1
1815,13.130439,-6.702672,-1.266822,1.485761,0.654697,1.870346,-2.920837,Cyclist,False,3,59,2
1815,26.862219,-0.914904,-1.337796,0.770389,0.467819,1.741577,2.474853,Pedestrian,False,4,59,3
1815,28.549606,-4.328269,-1.224149,1.245957,0.486284,1.830978,2.332119,Cyclist,False,6,59,5
1815,43.291923,5.395174,-1.270308,0.682701,0.403384,1.811712,0.756349,Cyclist,False,7,59,6
1815,34.208165,-10.287044,-1.066424,1.28617,0.782078,1.913699,2.169112,Cyclist,False,8,59,7
1816,51.403101,7.730255,-1.357542,0.510078,0.617805,1.606948,0.396102,Cyclist,False,1,60,0
1816,38.549195,-17.763258,-1.063337,1.800665,0.488511,1.89498,-0.990078,Cyclist,False,2,60,1
1816,12.957245,-6.741539,-1.237031,1.130757,0.654697,1.810764,-2.920837,Cyclist,False,3,60,2
1816,26.743906,-0.80609,-1.349629,0.785677,0.478061,1.733688,2.474853,Pedestrian,False,4,60,3
1816,28.323705,-4.095636,-1.234004,1.233106,0.503803,1.831708,2.332119,Cyclist,False,6,60,5
1816,43.633197,5.618045,-1.273501,0.698765,0.403384,1.8181,0.73534,Cyclist,False,7,60,6
1816,33.976332,-10.014129,-1.082646,1.317734,0.782078,1.894233,2.169112,Cyclist,False,8,60,7
1818,52.006344,8.035807,-1.357542,0.573851,0.661592,1.606948,0.390994,Cyclist,False,1,61,0
1818,38.765599,-18.093043,-1.079115,1.800665,0.488511,1.89498,-0.990078,Cyclist,False,2,61,1
1818,26.625593,-0.697276,-1.361463,0.800966,0.488302,1.725799,2.474853,Pedestrian,False,4,61,3
1818,28.047582,-3.902153,-1.243129,1.233106,0.513536,1.840224,2.383166,Cyclist,False,6,61,5
1818,43.97447,5.840917,-1.276695,0.714829,0.403384,1.824487,0.714331,Cyclist,False,7,61,6
1818,33.744498,-9.741213,-1.098867,1.349299,0.782078,1.874767,2.169112,Cyclist,False,8,61,7
1819,52.609588,8.34136,-1.357542,0.637624,0.705378,1.606948,0.385887,Cyclist,False,1,62,0
1819,26.50728,-0.588462,-1.373296,0.816254,0.498544,1.71791,2.474853,Pedestrian,False,4,62,3
1819,27.77146,-3.708671,-1.252253,1.233106,0.523269,1.848741,2.434213,Cyclist,False,6,62,5
1819,44.315743,6.063788,-1.279888,0.730893,0.403384,1.830874,0.693323,Cyclist,False,7,62,6
1819,33.512665,-9.468298,-1.115089,1.380863,0.782078,1.855301,2.169112,Cyclist,False,8,62,7
1821,53.212831,8.646913,-1.357542,0.701397,0.749165,1.606948,0.380779,Cyclist,False,1,63,0
1821,26.388967,-0.479648,-1.38513,0.831543,0.508785,1.710021,2.474853,Pedestrian,False,4,63,3
1821,27.495337,-3.515188,-1.261378,1.233106,0.533002,1.857257,2.485261,Cyclist,False,6,63,5
1821,44.657017,6.28666,-1.283082,0.746957,0.403384,1.837261,0.672314,Cyclist,False,7,63,6
1821,33.280831,-9.195382,-1.13131,1.412428,0.782078,1.835835,2.169112,Cyclist,False,8,63,7
1822,53.816075,8.952466,-1.357542,0.76517,0.792951,1.606948,0.375671,Cyclist,False,1,64,0
1822,26.270654,-0.370833,-1.396963,0.846832,0.519026,1.702132,2.474853,Pedestrian,False,4,64,3
1822,27.219214,-3.321705,-1.270503,1.233106,0.542735,1.865773,2.536308,Cyclist,False,6,64,5
1822,44.99829,6.509531,-1.286276,0.763021,0.403384,1.843649,0.651306,Cyclist,False,7,64,6
1822,33.048998,-8.922467,-1.147532,1.443992,0.782078,1.816369,2.169112,Cyclist,False,8,64,7
1824,54.491688,9.201941,-1.357542,0.318759,0.486446,1.606948,0.43879,Cyclist,False,1,65,0
1824,26.152341,-0.262019,-1.408797,0.86212,0.529268,1.694243,2.474853,Pedestrian,False,4,65,3
1824,26.943092,-3.128223,-1.279627,1.233106,0.552468,1.87429,2.587355,Cyclist,False,6,65,5
1824,45.339564,6.732403,-1.289469,0.779085,0.403384,1.850036,0.630297,Cyclist,False,7,65,6
1824,32.817164,-8.649551,-1.163753,1.475557,0.782078,1.796903,2.169112,Cyclist,False,8,65,7
1825,54.806846,9.455863,-1.357542,0.318759,0.486446,1.606948,0.459026,Cyclist,False,1,66,0
1825,26.034028,-0.153205,-1.42063,0.877409,0.539509,1.686354,2.474853,Pedestrian,False,4,66,3
1825,26.666969,-2.93474,-1.288752,1.233106,0.562201,1.882806,2.638402,Cyclist,False,6,66,5
1825,45.680837,6.955274,-1.292663,0.795149,0.403384,1.856423,0.609289,Cyclist,False,7,66,6
1825,32.585331,-8.376636,-1.179975,1.507121,0.782078,1.777437,2.169112,Cyclist,False,8,66,7
