0,0,0,25.39,1.93
0,1,0,25.454,1.979
0,2,0,25.474,2.029
0,3,0,25.572,2.125
0,4,0,25.705,2.23
0,5,0,25.781,2.298
0,6,0,25.872,2.356
0,7,0,25.955,2.414
0,8,0,26.041,2.449
0,9,0,26.113,2.499
0,10,0,26.197,2.537
0,11,0,26.221,2.59
0,12,0,26.269,2.642
0,13,0,26.323,2.737
0,14,0,26.388,2.784
0,15,0,26.467,2.861
0,16,0,26.534,2.924
0,17,0,26.582,3.012
0,18,0,26.673,3.106
0,19,0,26.737,3.203
0,20,0,26.804,3.253
0,21,0,26.849,3.276
0,22,0,26.91,3.339
0,23,0,26.987,3.346
0,24,0,27.067,3.435
0,25,0,27.137,3.492
0,26,0,27.206,3.55
0,27,0,27.274,3.606
0,28,0,27.343,3.662
0,29,0,27.412,3.718
0,30,0,27.479,3.773
0,31,0,27.547,3.827
0,32,0,27.614,3.88
0,33,0,27.682,3.932
0,34,0,27.748,3.984
0,35,0,27.816,4.035
0,36,0,27.883,4.086
0,37,0,27.951,4.139
0,38,0,28.019,4.191
0,39,0,28.086,4.242
0,40,0,28.153,4.294
0,41,0,28.221,4.343
0,42,0,28.289,4.393
0,43,0,28.354,4.441
0,44,0,28.421,4.489
0,45,0,28.487,4.538
0,46,0,28.554,4.587
0,47,0,28.621,4.636
0,48,0,28.688,4.685
0,49,0,28.755,4.735
0,50,0,28.823,4.785
0,51,0,28.889,4.834
0,52,0,28.955,4.883
0,53,0,29.02,4.932
0,54,0,29.086,4.981
0,55,0,29.152,5.031
0,56,0,29.217,5.081
0,57,0,29.281,5.129
0,58,0,29.346,5.177
0,59,0,29.413,5.224
0,60,0,29.479,5.27
0,61,0,29.545,5.316
0,62,0,29.61,5.363
0,63,0,29.676,5.411
0,64,0,29.742,5.457
0,65,0,29.809,5.502
0,66,0,29.875,5.549
0,67,0,29.94,5.594
0,68,0,30.006,5.64
0,69,0,30.071,5.685
0,70,0,30.134,5.729
0,71,0,30.198,5.775
0,72,0,30.262,5.821
0,73,0,30.326,5.866
0,74,0,30.39,5.914
0,75,0,30.454,5.961
0,76,0,30.519,6.008
0,77,0,30.583,6.055
0,78,0,30.647,6.103
0,79,0,30.712,6.15
0,80,0,30.776,6.198
0,80,1,28.66,3.0
0,81,0,30.842,6.245
0,81,1,28.59,3.023
0,82,0,30.907,6.292
0,82,1,28.575,3.024
0,83,0,30.972,6.34
0,83,1,28.487,2.94
0,84,0,31.035,6.389
0,84,1,28.382,2.918
0,85,0,31.099,6.437
0,85,1,28.315,2.926
0,86,0,31.162,6.483
0,86,1,28.204,2.899
0,87,0,31.227,6.529
0,87,1,28.131,2.883
0,88,0,31.292,6.576
0,88,1,28.051,2.919
0,89,0,31.356,6.623
0,89,1,27.954,2.874
0,90,0,31.419,6.671
0,90,1,27.869,2.82
0,91,0,31.481,6.718
0,91,1,27.803,2.793
0,92,0,31.544,6.765
0,92,1,27.727,2.745
0,93,0,31.606,6.811
0,93,1,27.621,2.689
0,94,0,31.67,6.857
0,94,1,27.527,2.68
0,95,0,25.016,-5.051
0,95,1,27.483,2.63
0,96,0,25.091,-5.247
0,96,1,27.4,2.605
0,97,0,25.166,-5.445
0,97,1,27.334,2.546
0,98,0,25.243,-5.644
0,98,1,27.288,2.5
0,99,0,25.396,-5.577
0,99,1,27.207,2.451
0,100,0,25.497,-5.684
0,100,1,27.148,2.463
0,101,0,25.597,-5.791
0,101,1,27.087,2.407
0,102,0,25.699,-5.898
0,102,1,27.017,2.402
0,103,0,25.799,-6.005
0,103,1,26.992,2.355
0,104,0,25.898,-6.113
0,104,1,26.916,2.307
0,105,0,25.996,-6.222
0,105,1,26.847,2.298
0,106,0,26.095,-6.33
0,106,1,26.769,2.239
0,107,0,26.195,-6.438
0,107,1,26.704,2.188
0,108,0,26.295,-6.545
0,108,1,26.632,2.153
0,109,0,26.395,-6.653
0,109,1,26.593,2.1
0,110,0,26.496,-6.761
0,110,1,26.535,2.04
0,111,0,26.597,-6.868
0,111,1,26.466,1.994
0,112,0,26.697,-6.977
0,112,1,26.436,1.929
0,113,0,26.798,-7.085
0,113,1,26.374,1.862
0,114,0,26.9,-7.192
0,114,1,26.312,1.833
0,115,0,27.002,-7.301
0,115,1,26.276,1.771
0,116,0,27.104,-7.409
0,116,1,26.239,1.712
0,117,0,27.206,-7.517
0,117,1,26.197,1.68
0,118,0,27.307,-7.625
0,118,1,26.164,1.625
0,119,0,27.408,-7.734
0,119,1,26.099,1.58
0,120,1,26.05,1.539
0,121,1,25.986,1.484
0,122,1,25.924,1.407
0,123,1,25.874,1.395
0,124,1,25.837,1.328
0,125,1,25.796,1.245
0,126,1,25.747,1.226
0,127,1,25.715,1.145
0,128,1,25.673,1.055
0,129,1,25.629,1.047
0,130,1,25.589,0.966
0,131,1,25.54,0.873
0,132,1,25.493,0.833
0,133,1,25.462,0.745
0,134,1,25.417,0.643
0,135,1,25.378,0.604
0,136,1,25.337,0.528
0,137,1,25.3,0.426
0,138,1,25.266,0.341
0,139,1,25.233,0.248
0,140,1,25.222,0.172
0,141,1,25.188,0.108
0,142,1,25.16,0.039
0,143,1,25.137,-0.052
0,144,1,25.111,-0.132
0,145,1,25.121,-0.204
0,146,1,25.116,-0.279
0,147,1,25.103,-0.369
0,148,1,25.108,-0.427
0,149,1,25.106,-0.481
0,150,1,25.1,-0.546
0,151,1,25.092,-0.627
0,152,1,25.093,-0.725
0,153,1,25.087,-0.825
0,154,1,25.035,-0.904
0,155,1,25.027,-0.978
0,156,1,25.02,-1.029
0,157,1,25.014,-1.101
0,158,1,25.004,-1.169
0,159,1,24.995,-1.214
0,160,1,24.973,-1.285
0,161,1,24.972,-1.376
0,162,1,24.961,-1.461
0,163,1,24.948,-1.549
0,164,1,24.949,-1.649
0,165,1,24.943,-1.727
0,166,1,24.955,-1.804
0,167,1,24.968,-1.891
0,168,1,24.967,-1.927
0,169,1,24.936,-1.991
0,170,1,24.94,-2.058
0,171,1,24.934,-2.125
0,172,1,24.959,-2.19
0,173,1,24.95,-2.26
0,174,1,24.947,-2.344
0,175,1,24.956,-2.408
0,176,1,24.998,-2.495
0,177,1,25.009,-2.541
0,178,1,25.013,-2.602
0,179,1,25.006,-2.728
0,180,1,25.029,-2.793
0,181,1,25.049,-2.879
0,182,1,25.061,-2.966
0,183,1,25.048,-3.022
0,184,1,25.035,-3.097
0,185,1,25.041,-3.151
0,186,1,25.053,-3.215
0,187,1,25.074,-3.277
0,188,1,25.078,-3.375
0,189,1,25.083,-3.425
0,190,1,25.099,-3.495
0,191,1,25.103,-3.592
0,192,1,25.113,-3.625
0,193,1,25.103,-3.677
0,194,1,25.11,-3.736
0,195,1,25.125,-3.787
0,196,1,25.108,-3.863
0,197,1,25.106,-3.964
0,198,1,25.103,-3.992
0,199,1,25.115,-4.041
0,200,1,25.114,-4.126
0,201,1,25.088,-4.182
0,202,1,25.114,-4.23
0,203,1,25.134,-4.245
0,204,1,25.155,-4.274
0,205,1,25.152,-4.308
0,206,1,25.145,-4.375
0,207,1,25.201,-4.425
0,207,2,35.26,2.84
0,208,1,25.212,-4.5
0,208,2,34.976,2.764
0,209,1,25.222,-4.562
0,209,2,34.904,2.75
0,210,1,25.282,-4.594
0,210,2,34.444,2.67
0,211,1,25.323,-4.635
0,211,2,34.071,2.546
0,212,1,25.353,-4.713
0,212,2,33.816,2.469
0,213,1,25.309,-4.704
0,213,2,33.495,2.439
0,214,1,25.331,-4.72
0,214,2,33.023,2.32
0,215,1,25.343,-4.777
0,215,2,32.716,2.207
0,216,1,25.601,-4.814
0,216,2,32.435,2.113
0,217,1,25.527,-4.834
0,217,2,32.077,1.978
0,218,1,25.566,-4.908
0,218,2,31.763,1.874
0,219,1,25.539,-4.933
0,219,2,31.449,1.77
0,220,1,25.607,-4.864
0,220,2,31.091,1.633
0,221,1,25.636,-4.874
0,221,2,30.772,1.522
0,222,1,25.53,-4.938
0,222,2,30.562,1.424
0,223,1,25.483,-4.985
0,223,2,30.231,1.394
0,224,1,25.454,-5.076
0,224,2,29.934,1.257
0,225,1,25.435,-5.12
0,225,2,29.712,1.154
0,226,1,25.483,-5.115
0,226,2,29.438,1.061
0,227,1,25.48,-5.148
0,227,2,29.168,0.922
0,228,1,25.43,-5.131
0,228,2,28.953,0.867
0,228,3,4.42,3.79
0,229,1,25.437,-5.109
0,229,2,28.559,0.748
0,229,3,4.631,3.746
0,230,1,25.426,-5.129
0,230,2,28.268,0.649
0,230,3,4.812,3.716
0,231,1,25.462,-5.112
0,231,2,27.952,0.506
0,231,3,4.75,3.742
0,232,1,25.42,-5.079
0,232,2,27.671,0.356
0,232,3,4.862,3.744
0,233,1,25.4,-5.096
0,233,2,27.371,0.14
0,233,3,4.962,3.74
0,234,1,25.411,-5.079
0,234,2,26.892,-0.051
0,234,3,5.073,3.72
0,235,1,25.404,-5.075
0,235,2,26.518,-0.219
0,235,3,5.161,3.729
0,236,1,25.381,-5.093
0,236,2,26.186,-0.43
0,236,3,5.261,3.725
0,237,1,25.414,-5.088
0,237,2,25.858,-0.589
0,237,3,5.309,3.729
0,238,1,25.413,-5.068
0,238,2,25.477,-0.774
0,238,3,5.435,3.716
0,239,1,25.398,-5.091
0,239,2,25.136,-0.929
0,239,3,5.535,3.71
0,240,1,25.429,-5.081
0,240,2,24.973,-1.068
0,240,3,5.651,3.681
0,241,1,25.467,-5.072
0,241,2,24.624,-1.298
0,241,3,5.706,3.663
0,242,1,25.474,-5.105
0,242,2,24.31,-1.51
0,242,3,5.79,3.649
0,243,1,25.458,-5.088
0,243,2,24.015,-1.725
0,243,3,5.881,3.634
0,244,1,25.464,-5.072
0,244,2,23.698,-1.962
0,244,3,6.02,3.599
0,245,1,25.475,-5.102
0,245,2,23.397,-2.131
0,245,3,6.118,3.577
0,246,1,25.492,-5.119
0,246,2,23.19,-2.288
0,246,3,6.202,3.576
0,247,1,25.447,-5.092
0,247,2,22.876,-2.508
0,247,3,6.349,3.56
0,248,1,25.448,-5.102
0,248,2,22.595,-2.64
0,248,3,6.464,3.542
0,249,1,25.402,-5.074
0,249,2,22.387,-2.848
0,249,3,6.557,3.541
0,250,1,25.429,-5.075
0,250,2,22.053,-3.064
0,250,3,6.701,3.514
0,251,1,25.427,-5.098
0,251,2,21.772,-3.24
0,251,3,6.821,3.492
0,252,1,25.426,-5.103
0,252,2,21.564,-3.4
0,252,3,6.87,3.476
0,253,1,25.439,-5.092
0,253,2,21.306,-3.656
0,253,3,7.003,3.459
0,254,1,25.444,-5.119
0,254,2,21.077,-3.646
0,254,3,7.176,3.284
0,255,1,25.408,-5.097
0,255,2,20.81,-3.796
0,255,3,7.231,3.278
0,256,1,25.401,-5.09
0,256,2,20.556,-3.936
0,256,3,7.289,3.287
0,257,1,25.388,-5.136
0,257,2,20.306,-4.101
0,257,3,7.397,3.263
0,258,1,25.424,-5.093
0,258,2,19.931,-4.329
0,258,3,7.426,3.329
0,259,1,25.43,-5.063
0,259,2,19.481,-4.612
0,259,3,7.521,3.349
0,260,1,25.423,-5.089
0,260,2,19.175,-4.799
0,260,3,7.619,3.337
0,261,1,25.439,-5.059
0,261,2,18.894,-4.916
0,261,3,7.706,3.341
0,262,1,25.467,-5.034
0,262,2,18.57,-5.083
0,262,3,7.798,3.314
0,263,1,25.466,-5.071
0,263,2,18.265,-5.261
0,263,3,7.895,3.294
0,264,1,25.48,-5.058
0,264,2,18.045,-5.323
0,264,3,7.95,3.31
0,265,1,25.479,-5.054
0,265,2,17.728,-5.416
0,265,3,8.055,3.306
0,266,1,25.48,-5.096
0,266,2,17.44,-5.534
0,266,3,8.149,3.287
0,267,1,25.501,-5.083
0,267,2,17.151,-5.554
0,267,3,8.199,3.277
0,268,1,25.486,-5.062
0,268,2,16.716,-5.696
0,268,3,8.311,3.249
0,269,1,25.484,-5.1
0,269,2,16.373,-5.823
0,269,3,8.407,3.208
0,270,1,25.474,-5.088
0,270,2,16.181,-5.878
0,270,3,8.509,3.211
0,271,1,25.432,-5.061
0,271,2,15.582,-6.055
0,271,3,8.609,3.192
0,272,1,25.423,-5.078
0,272,2,15.212,-6.161
0,272,3,8.712,3.152
0,273,1,25.442,-5.054
0,273,2,14.964,-6.28
0,273,3,8.718,3.141
0,274,1,25.436,-5.026
0,274,2,14.464,-6.372
0,274,3,8.846,3.099
0,275,1,25.438,-5.066
0,275,2,14.125,-6.395
0,275,3,8.934,3.081
0,276,1,25.448,-5.053
0,276,2,13.837,-6.442
0,276,3,9.039,3.063
0,277,1,25.426,-5.042
0,277,2,13.461,-6.519
0,277,3,9.17,3.026
0,278,1,25.42,-5.071
0,278,2,13.171,-6.499
0,278,3,9.283,2.986
0,279,1,25.461,-5.062
0,279,2,12.88,-6.578
0,279,3,9.33,2.953
0,280,1,25.413,-5.047
0,280,2,12.478,-6.657
0,280,3,9.416,2.94
0,281,1,25.402,-5.091
0,281,2,12.137,-6.722
0,281,3,9.507,2.911
0,282,1,25.437,-5.085
0,282,2,11.83,-6.776
0,282,3,9.534,2.91
0,283,1,25.439,-5.113
0,283,2,11.501,-6.839
0,283,3,9.608,2.876
0,284,1,25.428,-5.081
0,284,2,11.3,-6.88
0,284,3,9.648,2.869
0,285,1,25.448,-5.059
0,285,2,10.916,-6.951
0,285,3,9.745,2.844
0,286,1,25.449,-5.096
0,286,2,10.593,-7.009
0,286,3,9.823,2.788
0,287,1,25.45,-5.1
0,287,2,10.363,-7.075
0,287,3,9.896,2.758
0,288,1,25.438,-5.075
0,288,2,9.97,-7.16
0,288,3,10.02,2.709
0,289,1,25.431,-5.108
0,289,2,9.644,-7.228
0,289,3,10.106,2.668
0,290,1,25.422,-5.079
0,290,2,9.414,-7.262
0,290,3,10.193,2.629
0,291,1,25.47,-5.073
0,291,2,9.034,-7.345
0,291,3,10.291,2.619
0,292,1,25.472,-5.102
0,292,2,8.707,-7.403
0,292,3,10.383,2.585
0,293,1,25.472,-5.077
0,293,2,8.541,-7.32
0,293,3,10.463,2.551
0,294,1,25.462,-5.047
0,294,2,8.259,-7.346
0,294,3,10.569,2.506
0,295,1,25.458,-5.076
0,295,2,7.978,-7.372
0,295,3,10.662,2.474
0,296,1,25.478,-5.051
0,296,2,7.698,-7.399
0,296,3,10.733,2.458
0,297,1,25.497,-5.029
0,297,2,7.417,-7.425
0,297,3,10.836,2.443
0,298,1,25.491,-5.05
0,298,2,7.137,-7.451
0,298,3,10.929,2.413
0,299,1,25.522,-4.995
0,299,2,6.855,-7.476
0,299,3,10.96,2.393
0,300,1,25.496,-4.954
0,300,2,6.572,-7.503
0,300,3,11.064,2.345
0,301,1,25.49,-4.942
0,301,2,6.289,-7.529
0,301,3,11.149,2.307
0,302,1,25.505,-4.898
0,302,2,6.006,-7.554
0,302,3,11.239,2.279
0,303,1,25.556,-4.859
0,303,2,5.724,-7.579
0,303,3,11.329,2.237
0,304,1,25.56,-4.895
0,304,2,5.442,-7.604
0,304,3,11.417,2.203
0,305,1,25.601,-4.879
0,305,2,5.161,-7.628
0,305,3,11.48,2.167
0,306,1,25.683,-4.778
0,306,2,4.88,-7.651
0,306,3,11.575,2.138
0,307,1,25.702,-4.841
0,307,2,4.599,-7.676
0,307,3,11.659,2.101
0,308,1,25.644,-4.812
0,308,2,4.319,-7.701
0,308,3,11.737,2.062
0,309,1,25.656,-4.792
0,309,2,4.038,-7.728
0,309,3,11.845,2.025
0,310,1,25.651,-4.857
0,310,2,3.758,-7.755
0,310,3,11.935,1.985
0,311,1,25.599,-4.837
0,311,2,3.479,-7.781
0,311,3,12.013,1.983
0,312,1,25.602,-4.831
0,312,2,3.2,-7.807
0,312,3,12.14,1.967
0,313,1,25.592,-4.876
0,313,2,2.923,-7.833
0,313,3,12.239,1.95
0,314,1,25.661,-4.898
0,314,2,2.645,-7.858
0,314,3,12.329,1.936
0,315,1,25.672,-4.914
0,315,2,2.368,-7.883
0,315,3,12.423,1.907
0,316,1,25.683,-4.892
0,316,2,2.092,-7.908
0,316,3,12.495,1.885
0,317,1,25.681,-4.887
0,317,2,1.816,-7.933
0,317,3,12.6,1.857
0,318,1,25.697,-4.902
0,318,2,1.54,-7.958
0,318,3,12.692,1.822
0,319,1,25.674,-4.85
0,319,2,1.264,-7.984
0,319,3,12.746,1.796
0,320,1,25.648,-4.831
0,320,2,0.988,-8.01
0,320,3,12.853,1.764
0,321,1,25.64,-4.874
0,321,2,0.712,-8.037
0,321,3,12.943,1.726
0,322,1,25.69,-4.858
0,322,2,0.438,-8.065
0,322,3,13.019,1.691
0,323,1,25.677,-4.853
0,323,2,0.162,-8.091
0,323,3,13.103,1.664
0,324,1,25.679,-4.877
0,324,2,-0.115,-8.118
0,324,3,13.187,1.623
0,325,1,25.725,-4.853
0,325,2,-0.393,-8.145
0,325,3,13.292,1.6
0,326,1,25.72,-4.812
0,326,2,-0.673,-8.173
0,326,3,13.4,1.565
0,326,4,11.52,9.56
0,327,1,25.719,-4.859
0,327,2,-0.953,-8.201
0,327,3,13.491,1.525
0,327,4,11.52,9.553
0,328,1,25.683,-4.814
0,328,2,-1.232,-8.229
0,328,3,13.604,1.491
0,328,4,11.716,9.362
0,329,1,25.678,-4.805
0,329,3,13.715,1.462
0,329,4,12.158,8.957
0,330,1,25.66,-4.846
0,330,3,13.821,1.421
0,330,4,12.378,8.783
0,331,1,25.702,-4.807
0,331,3,13.905,1.382
0,331,4,12.647,8.606
0,332,1,25.702,-4.854
0,332,3,14.015,1.325
0,332,4,12.914,8.414
0,333,1,25.695,-4.881
0,333,3,14.116,1.28
0,333,4,13.158,8.235
0,334,1,25.709,-4.869
0,334,3,14.136,1.274
0,334,4,13.335,8.091
0,335,1,25.685,-4.836
0,335,3,14.23,1.217
0,335,4,13.582,7.908
0,336,1,25.672,-4.859
0,336,3,14.312,1.183
0,336,4,13.809,7.731
0,337,1,25.707,-4.812
0,337,3,14.366,1.158
0,337,4,13.942,7.598
0,338,1,25.69,-4.786
0,338,3,14.469,1.13
0,338,4,14.158,7.395
0,339,1,25.681,-4.83
0,339,3,14.553,1.103
0,339,4,14.364,7.219
0,340,1,25.657,-4.812
0,340,3,14.64,1.072
0,340,4,14.455,7.095
0,341,1,25.663,-4.743
0,341,3,14.744,1.045
0,341,4,14.626,6.932
0,342,1,25.653,-4.808
0,342,3,14.831,1.025
0,342,4,14.838,6.706
0,343,1,25.649,-4.852
0,343,3,14.879,1.008
0,343,4,15.017,6.527
0,344,1,25.654,-4.86
0,344,3,15.003,0.976
0,344,4,15.205,6.294
0,345,1,25.656,-4.879
0,345,3,15.099,0.952
0,345,4,15.386,6.103
0,346,1,25.762,-4.849
0,346,3,15.201,0.913
0,346,4,15.567,5.912
0,347,1,25.735,-4.815
0,347,3,15.372,0.868
0,347,4,15.822,5.426
0,348,1,25.727,-4.861
0,348,3,15.493,0.854
0,348,4,16.025,5.291
0,349,1,25.66,-4.85
0,349,3,15.607,0.826
0,349,4,16.228,5.073
0,350,1,25.715,-4.815
0,350,3,15.723,0.798
0,350,4,16.572,5.004
0,351,1,25.713,-4.855
0,351,3,15.838,0.768
0,351,4,16.782,4.824
0,352,1,25.723,-4.86
0,352,3,15.952,0.737
0,352,4,16.991,4.643
0,353,1,25.702,-4.857
0,353,3,15.88,0.642
0,353,4,17.201,4.462
0,354,1,25.696,-4.87
0,354,3,15.966,0.57
0,354,4,17.411,4.282
0,355,1,25.737,-4.81
0,355,3,16.054,0.519
0,355,4,17.622,4.103
0,356,1,25.665,-4.775
0,356,3,16.142,0.481
0,356,4,17.834,3.925
0,356,5,30.8,12.45
0,357,1,25.659,-4.84
0,357,3,16.238,0.397
0,357,4,18.045,3.746
0,357,5,30.796,12.503
0,358,1,25.695,-4.826
0,358,3,16.301,0.38
0,358,4,18.256,3.568
0,358,5,30.815,12.535
0,359,1,25.722,-4.809
0,359,3,16.39,0.336
0,359,4,18.468,3.389
0,359,5,30.818,12.593
0,360,1,25.725,-4.852
0,360,3,16.49,0.313
0,360,4,18.681,3.212
0,360,5,30.801,12.629
0,361,1,25.669,-4.833
0,361,3,16.535,0.343
0,361,4,18.892,3.036
0,361,5,30.798,12.665
0,362,1,25.682,-4.797
0,362,3,16.611,0.326
0,362,4,19.103,2.859
0,362,5,30.742,12.65
0,363,1,25.665,-4.839
0,363,3,16.693,0.294
0,363,4,19.313,2.683
0,363,5,30.729,12.668
0,364,1,25.657,-4.841
0,364,3,16.787,0.289
0,364,4,19.524,2.507
0,364,5,30.733,12.674
0,365,1,25.67,-4.837
0,365,3,16.914,0.264
0,365,4,19.736,2.331
0,365,5,30.73,12.679
0,366,1,25.666,-4.847
0,366,3,17.008,0.207
0,366,4,19.948,2.154
0,366,5,30.751,12.692
0,367,1,25.729,-4.801
0,367,3,17.125,0.18
0,367,4,20.159,1.978
0,367,5,30.807,12.732
0,368,1,25.677,-4.783
0,368,3,17.26,0.144
0,368,4,20.727,2.319
0,368,5,30.912,12.776
0,369,1,25.658,-4.84
0,369,3,17.376,0.103
0,369,4,20.92,2.235
0,369,5,30.938,12.776
0,370,1,25.65,-4.862
0,370,3,17.431,0.121
0,370,4,21.084,2.11
0,370,5,30.966,12.789
0,371,1,25.64,-4.851
0,371,3,17.512,0.118
0,371,4,21.301,1.927
0,371,5,30.998,12.797
0,372,1,25.624,-4.862
0,372,3,17.605,0.094
0,372,4,21.455,1.851
0,372,5,31.039,12.803
0,373,1,25.658,-4.838
0,373,3,17.66,0.086
0,373,4,21.6,1.713
0,373,5,31.1,12.83
0,374,1,25.635,-4.769
0,374,3,17.74,0.086
0,374,4,21.798,1.502
0,374,5,31.152,12.839
0,375,1,25.628,-4.816
0,375,3,17.822,0.067
0,375,4,21.97,1.371
0,375,5,31.196,12.843
0,376,1,25.636,-4.803
0,376,3,17.912,0.049
0,376,4,22.127,1.229
0,376,5,31.235,12.825
0,377,1,25.657,-4.791
0,377,3,18.025,0.05
0,377,4,22.344,1.009
0,377,5,31.276,12.831
0,378,1,25.662,-4.837
0,378,3,18.114,0.028
0,378,4,22.526,0.856
0,378,5,31.32,12.839
0,379,1,25.664,-4.847
0,379,3,18.198,0.039
0,379,4,22.674,0.7
0,379,5,31.363,12.853
0,380,1,25.669,-4.778
0,380,3,18.297,0.024
0,380,4,22.802,0.563
0,380,5,31.412,12.853
0,381,1,25.685,-4.854
0,381,3,18.384,-0.019
0,381,4,22.961,0.455
0,381,5,31.442,12.897
0,382,1,25.626,-4.799
0,382,3,18.468,-0.033
0,382,4,23.108,0.32
0,382,5,32.421,13.178
0,383,1,25.706,-4.784
0,383,3,18.579,-0.037
0,383,4,23.279,0.229
0,383,5,32.551,13.294
0,384,1,25.721,-4.843
0,384,3,18.676,-0.06
0,384,4,23.442,0.102
0,384,5,32.686,13.412
0,385,1,25.67,-4.826
0,385,3,18.755,-0.057
0,385,4,23.606,-0.024
0,385,5,32.832,13.504
0,386,1,25.729,-4.755
0,386,3,18.846,-0.052
0,386,4,23.765,-0.375
0,386,5,32.991,13.579
0,387,1,25.717,-4.827
0,387,3,18.939,-0.06
0,387,4,23.934,-0.599
0,387,5,33.153,13.657
0,388,1,25.705,-4.817
0,388,3,18.977,-0.072
0,388,4,24.048,-0.739
0,388,5,33.325,13.732
0,389,1,25.698,-4.853
0,389,3,19.07,-0.046
0,389,4,24.242,-0.9
0,389,5,33.041,13.567
0,390,1,25.688,-4.874
0,390,3,19.142,-0.049
0,390,4,24.407,-1.026
0,390,5,33.136,13.636
0,391,1,25.735,-4.873
0,391,3,19.225,-0.015
0,391,4,24.546,-1.13
0,391,5,33.241,13.684
0,392,1,25.708,-4.846
0,392,3,19.345,0.024
0,392,4,24.721,-1.283
0,392,5,33.349,13.729
0,393,1,25.695,-4.876
0,393,3,19.433,0.024
0,393,4,24.886,-1.417
0,393,5,33.444,13.785
0,394,1,25.773,-4.83
0,394,3,19.541,0.046
0,394,4,24.994,-1.525
0,394,5,33.55,13.831
0,395,1,25.77,-4.867
0,395,3,19.638,0.038
0,395,4,25.15,-1.651
0,395,5,33.717,13.87
0,396,1,25.754,-4.844
0,396,3,19.646,0.049
0,396,4,25.203,-1.744
0,396,5,33.868,13.92
0,397,1,25.827,-4.758
0,397,3,19.764,0.076
0,397,4,25.348,-1.885
0,397,5,33.987,13.962
0,398,1,25.821,-4.83
0,398,3,19.852,0.063
0,398,4,25.485,-2.004
0,398,5,34.123,14.02
0,399,1,25.834,-4.823
0,399,3,19.945,0.062
0,399,4,25.525,-2.083
0,399,5,34.24,14.063
0,400,1,25.848,-4.869
0,400,3,20.062,0.104
0,400,4,25.625,-2.188
0,400,5,34.356,14.107
0,401,1,25.867,-4.901
0,401,3,20.158,0.112
0,401,4,25.735,-2.342
0,401,5,34.471,14.116
0,402,1,25.775,-4.864
0,402,3,20.214,0.132
0,402,4,25.75,-2.393
0,402,5,32.986,13.423
0,403,1,25.736,-4.792
0,403,3,20.296,0.154
0,403,4,25.828,-2.488
0,403,5,32.972,13.381
0,404,1,25.73,-4.842
0,404,3,20.376,0.173
0,404,4,25.912,-2.628
0,404,5,32.923,13.416
0,405,1,25.737,-4.803
0,405,3,20.486,0.211
0,405,4,26.036,-2.731
0,405,5,32.92,13.354
0,406,1,25.71,-4.745
0,406,3,20.651,0.268
0,406,4,26.14,-2.863
0,406,5,32.924,13.314
0,407,1,25.697,-4.829
0,407,3,20.759,0.295
0,407,4,26.245,-2.969
0,407,5,32.913,13.282
0,408,1,25.656,-4.775
0,408,3,20.838,0.329
0,408,4,26.352,-3.068
0,408,5,32.902,13.25
0,409,1,25.676,-4.699
0,409,3,20.95,0.375
0,409,4,26.393,-3.117
0,409,5,32.891,13.22
0,410,1,25.652,-4.807
0,410,3,21.052,0.394
0,410,4,26.491,-3.198
0,410,5,32.881,13.189
0,411,1,25.874,-4.817
0,411,3,21.133,0.431
0,411,4,26.469,-3.251
0,411,5,32.869,13.158
0,412,1,25.915,-4.888
0,412,3,21.236,0.445
0,412,4,26.545,-3.3
0,412,5,32.858,13.127
0,413,1,25.977,-4.932
0,413,3,21.335,0.457
0,413,4,26.624,-3.374
0,413,5,32.847,13.094
0,414,1,25.846,-4.85
0,414,3,21.417,0.473
0,414,4,26.563,-3.379
0,414,5,32.836,13.062
0,415,1,25.766,-4.793
0,415,3,21.576,0.501
0,415,4,26.595,-3.422
0,415,5,32.897,13.248
0,415,6,25.15,2.92
0,416,1,25.77,-4.846
0,416,3,21.682,0.499
0,416,4,26.645,-3.483
0,416,5,32.704,13.577
0,416,6,25.136,2.91
0,417,1,25.773,-4.877
0,417,3,21.761,0.515
0,417,4,26.646,-3.502
0,417,5,32.658,13.615
0,417,6,25.093,2.86
0,418,1,25.667,-4.833
0,418,3,21.836,0.524
0,418,4,26.672,-3.553
0,418,5,32.689,13.662
0,418,6,24.989,2.71
0,419,1,25.648,-4.859
0,419,3,21.929,0.525
0,419,4,26.71,-3.584
0,419,5,32.699,13.671
0,419,6,24.925,2.663
0,420,1,25.634,-4.869
0,420,3,22.021,0.527
0,420,4,26.735,-3.607
0,420,5,32.696,13.669
0,420,6,24.739,2.535
0,421,1,25.71,-4.854
0,421,3,22.087,0.573
0,421,4,26.763,-3.663
0,421,5,32.693,13.674
0,421,6,24.607,2.46
0,422,1,25.717,-4.878
0,422,3,22.177,0.586
0,422,4,26.791,-3.712
0,422,5,32.714,13.687
0,422,6,24.495,2.437
0,423,1,25.712,-4.892
0,423,3,22.288,0.632
0,423,4,26.788,-3.738
0,423,5,32.711,13.697
0,423,6,24.384,2.392
0,424,1,25.708,-4.901
0,424,3,22.409,0.67
0,424,4,26.793,-3.748
0,424,5,32.639,13.621
0,424,6,24.273,2.343
0,425,1,25.704,-4.903
0,425,3,22.516,0.693
0,425,4,26.822,-3.752
0,425,5,32.632,13.611
0,425,6,24.17,2.317
0,426,1,25.704,-4.897
0,426,3,22.622,0.705
0,426,4,26.84,-3.749
0,426,5,32.626,13.601
0,426,6,24.065,2.268
0,427,1,25.709,-4.881
0,427,3,22.802,0.726
0,427,4,26.827,-3.742
0,427,5,32.62,13.59
0,427,6,23.963,2.224
0,428,1,25.712,-4.892
0,428,3,22.922,0.728
0,428,4,26.845,-3.757
0,428,6,23.861,2.166
0,429,1,25.7,-4.891
0,429,3,22.989,0.723
0,429,4,26.849,-3.755
0,429,6,23.809,2.082
0,430,1,25.663,-4.832
0,430,3,23.03,0.729
0,430,4,26.847,-3.742
0,430,6,23.686,2.02
0,431,1,25.646,-4.862
0,431,3,23.121,0.735
0,431,4,26.856,-3.762
0,431,6,23.584,1.975
0,432,1,25.64,-4.88
0,432,3,23.203,0.761
0,432,4,26.835,-3.742
0,432,6,23.491,1.918
0,433,1,25.664,-4.858
0,433,3,23.303,0.785
0,433,4,26.843,-3.742
0,433,6,23.33,1.849
0,433,7,27.27,3.07
0,434,1,25.66,-4.878
0,434,3,23.394,0.796
0,434,4,26.847,-3.764
0,434,6,23.217,1.793
0,434,7,27.258,3.159
0,435,1,25.639,-4.844
0,435,3,23.476,0.823
0,435,4,26.818,-3.733
0,435,6,23.141,1.767
0,435,7,27.185,3.142
0,436,1,25.617,-4.822
0,436,3,23.573,0.838
0,436,4,26.793,-3.697
0,436,6,22.952,1.72
0,436,7,27.171,3.158
0,437,1,25.601,-4.858
0,437,3,23.669,0.846
0,437,4,26.787,-3.668
0,437,6,22.827,1.652
0,437,7,27.173,3.205
0,438,1,25.614,-4.841
0,438,3,23.743,0.852
0,438,4,26.86,-3.774
0,438,6,22.739,1.582
0,438,7,27.16,3.231
0,439,1,25.607,-4.804
0,439,3,23.853,0.879
0,439,4,26.84,-3.755
0,439,6,22.625,1.519
0,439,7,26.721,3.062
0,440,1,25.587,-4.847
0,440,3,23.951,0.888
0,440,4,26.851,-3.714
0,440,6,22.509,1.492
0,440,7,26.653,3.007
0,441,1,25.613,-4.809
0,441,3,24.08,0.899
0,441,4,26.842,-3.719
0,441,6,22.436,1.46
0,441,7,26.568,2.97
0,441,8,29.86,2.97
0,442,1,25.612,-4.846
0,442,3,24.189,0.894
0,442,4,26.832,-3.7
0,442,6,22.315,1.395
0,442,7,26.507,2.881
0,442,8,29.812,2.877
0,443,1,25.609,-4.867
0,443,3,24.294,0.904
0,443,4,26.836,-3.686
0,443,6,22.203,1.327
0,443,7,26.418,2.864
0,443,8,29.829,2.88
0,444,1,25.68,-4.872
0,444,3,24.417,0.94
0,444,4,26.797,-3.668
0,444,6,22.083,1.268
0,444,7,26.332,2.769
0,444,8,29.74,2.818
0,445,1,25.694,-4.852
0,445,3,24.528,0.969
0,445,4,26.794,-3.65
0,445,6,21.965,1.173
0,445,7,26.233,2.671
0,445,8,29.632,2.699
0,446,1,25.714,-4.883
0,446,3,24.634,1.018
0,446,4,26.788,-3.651
0,446,6,21.849,1.152
0,446,7,26.159,2.646
0,446,8,29.619,2.669
0,447,1,25.73,-4.895
0,447,3,24.72,1.048
0,447,4,26.754,-3.627
0,447,6,21.781,1.111
0,447,7,26.039,2.572
0,447,8,29.458,2.575
0,448,1,25.742,-4.909
0,448,3,24.823,1.077
0,448,4,26.73,-3.604
0,448,6,21.643,1.03
0,448,7,25.931,2.513
0,448,8,29.419,2.516
0,449,1,25.754,-4.913
0,449,3,24.929,1.1
0,449,4,26.706,-3.626
0,449,6,21.531,0.969
0,449,7,25.829,2.539
0,449,8,29.358,2.466
0,450,1,25.646,-4.869
0,450,3,25.006,1.148
0,450,4,26.748,-3.638
0,450,6,21.463,0.893
0,450,7,25.797,2.502
0,450,8,29.275,2.395
0,451,1,25.637,-4.865
0,451,3,25.089,1.219
0,451,4,26.747,-3.658
0,451,6,21.31,0.807
0,451,7,25.691,2.426
0,451,8,29.168,2.302
0,452,1,25.618,-4.878
0,452,3,25.186,1.233
0,452,4,26.743,-3.668
0,452,6,21.19,0.793
0,452,7,25.606,2.418
0,452,8,29.108,2.252
0,453,1,25.61,-4.882
0,453,3,25.257,1.279
0,453,4,26.737,-3.679
0,453,6,21.143,0.729
0,453,7,25.543,2.366
0,453,8,29.04,2.186
0,454,1,25.711,-4.862
0,454,3,25.354,1.327
0,454,4,26.773,-3.681
0,454,6,20.992,0.665
0,454,7,25.447,2.29
0,454,8,28.978,2.122
0,455,1,25.707,-4.879
0,455,3,25.454,1.358
0,455,4,26.777,-3.697
0,455,6,20.881,0.603
0,455,7,25.359,2.258
0,455,8,28.916,2.075
0,456,1,25.705,-4.886
0,456,3,25.536,1.415
0,456,4,26.777,-3.704
0,456,6,20.811,0.543
0,456,7,25.322,2.188
0,456,8,28.86,2.006
0,457,1,25.724,-4.868
0,457,3,25.605,1.487
0,457,4,26.789,-3.735
0,457,6,20.685,0.499
0,457,7,25.271,2.114
0,457,8,28.786,1.922
0,458,1,25.727,-4.881
0,458,3,25.694,1.509
0,458,4,26.798,-3.735
0,458,6,20.58,0.452
0,458,7,25.204,2.069
0,458,8,28.726,1.956
0,459,1,25.737,-4.895
0,459,3,25.767,1.551
0,459,4,26.773,-3.74
0,459,6,20.559,0.403
0,459,7,25.166,2.004
0,459,8,28.672,1.974
0,460,1,25.743,-4.898
0,460,3,25.834,1.598
0,460,4,26.787,-3.74
0,460,6,20.433,0.336
0,460,7,25.089,1.91
0,460,8,28.606,1.821
0,461,1,25.75,-4.915
0,461,3,25.93,1.601
0,461,4,26.795,-3.736
0,461,6,20.338,0.279
0,461,7,25.024,1.834
0,461,8,28.539,1.738
0,462,1,25.751,-4.92
0,462,3,25.988,1.643
0,462,4,26.764,-3.701
0,462,6,20.222,0.239
0,462,7,25.024,1.783
0,462,8,28.561,1.625
0,462,9,24.66,3.07
0,463,1,25.769,-4.927
0,463,3,26.069,1.684
0,463,4,26.752,-3.658
0,463,6,20.081,0.208
0,463,7,24.962,1.676
0,463,8,28.479,1.501
0,463,9,24.648,3.025
0,464,1,25.773,-4.923
0,464,3,26.152,1.774
0,464,4,26.726,-3.705
0,464,6,19.979,0.178
0,464,7,24.905,1.607
0,464,8,28.422,1.443
0,464,9,24.642,3.008
0,465,1,25.82,-4.923
0,465,3,26.173,1.851
0,465,4,26.729,-3.686
0,465,6,19.867,0.165
0,465,7,24.873,1.509
0,465,8,28.376,1.331
0,465,9,24.575,2.99
0,466,1,25.83,-4.924
0,466,3,26.256,1.923
0,466,4,26.72,-3.639
0,466,6,19.749,0.138
0,466,7,24.796,1.404
0,466,8,28.327,1.208
0,466,9,24.539,2.944
0,467,1,25.835,-4.924
0,467,3,26.328,1.987
0,467,4,26.691,-3.69
0,467,6,19.644,0.112
0,467,7,24.738,1.264
0,467,8,28.278,1.11
0,467,9,24.518,2.847
0,468,1,25.843,-4.926
0,468,3,26.402,2.061
0,468,4,26.691,-3.662
0,468,6,19.548,0.093
0,468,7,24.69,1.182
0,468,8,28.232,1.028
0,468,9,24.473,2.758
0,469,1,25.852,-4.929
0,469,3,26.498,2.142
0,469,4,26.703,-3.667
0,469,6,19.442,0.073
0,469,7,24.685,1.069
0,469,8,28.192,0.944
0,469,9,24.441,2.584
0,470,1,25.808,-4.922
0,470,3,26.571,2.209
0,470,4,26.682,-3.715
0,470,6,19.338,0.049
0,470,7,24.641,0.968
0,470,8,28.153,0.846
0,470,9,24.423,2.476
0,471,1,25.81,-4.921
0,471,3,26.613,2.275
0,471,4,26.695,-3.699
0,471,6,19.22,0.053
0,471,7,24.673,0.879
0,471,8,28.102,0.751
0,471,9,24.386,2.391
0,472,1,25.801,-4.925
0,472,3,26.686,2.312
0,472,4,26.671,-3.629
0,472,6,19.092,0.013
0,472,7,24.67,0.774
0,472,8,28.035,0.647
0,472,9,24.343,2.321
0,473,1,25.804,-4.925
0,473,3,26.733,2.424
0,473,4,26.628,-3.691
0,473,6,18.978,-0.017
0,473,7,24.648,0.675
0,473,8,27.975,0.577
0,473,9,24.302,2.3
0,474,1,25.766,-4.91
0,474,3,26.792,2.497
0,474,4,26.671,-3.685
0,474,6,18.901,-0.053
0,474,7,24.585,0.591
0,474,8,27.93,0.465
0,474,9,24.326,2.236
0,475,1,25.766,-4.907
0,475,3,26.935,2.572
0,475,4,26.696,-3.681
0,475,6,18.808,-0.078
0,475,7,24.53,0.531
0,475,8,27.917,0.37
0,475,9,24.32,2.131
0,476,1,25.823,-4.927
0,476,3,27.004,2.654
0,476,4,26.692,-3.727
0,476,6,18.708,-0.113
0,476,7,24.491,0.443
0,476,8,27.86,0.364
0,476,9,24.3,2.071
0,477,1,25.827,-4.926
0,477,3,27.108,2.707
0,477,4,26.731,-3.742
0,477,6,18.58,-0.075
0,477,7,24.48,0.37
0,477,8,27.789,0.37
0,477,9,24.312,1.99
0,478,1,25.89,-4.945
0,478,3,27.224,2.744
0,478,4,26.744,-3.745
0,478,6,18.453,-0.098
0,478,7,24.519,0.26
0,478,8,27.734,0.318
0,478,9,24.304,1.909
0,479,1,25.893,-4.942
0,479,3,27.309,2.778
0,479,4,26.758,-3.725
0,479,6,18.339,-0.117
0,479,7,24.497,0.195
0,479,8,27.671,0.335
0,479,9,24.289,1.865
0,480,1,25.903,-4.944
0,480,3,27.371,2.805
0,480,4,26.74,-3.684
0,480,6,18.248,-0.099
0,480,7,24.495,0.107
0,480,8,27.615,0.298
0,480,9,24.332,1.777
0,481,1,25.937,-4.942
0,481,3,27.441,2.827
0,481,4,26.742,-3.663
0,481,6,18.147,-0.106
0,481,7,24.474,0.02
0,481,8,27.557,0.259
0,481,9,24.32,1.736
0,482,1,25.951,-4.943
0,482,3,27.46,2.837
0,482,4,26.754,-3.644
0,482,6,18.06,-0.114
0,482,7,24.466,0.075
0,482,8,27.51,0.139
0,482,9,24.281,1.638
0,483,1,25.965,-4.942
0,483,3,27.546,2.88
0,483,4,26.753,-3.609
0,483,6,17.966,-0.121
0,483,7,24.514,-0.045
0,483,8,27.455,0.094
0,483,9,24.265,1.513
0,484,1,25.994,-4.959
0,484,3,27.607,2.984
0,484,4,26.756,-3.614
0,484,6,17.866,-0.138
0,484,7,24.509,-0.113
0,484,9,24.254,1.422
0,485,1,25.999,-4.959
0,485,3,27.719,2.992
0,485,4,26.743,-3.595
0,485,6,17.754,-0.135
0,485,7,24.761,-0.228
0,485,9,24.264,1.327
0,486,1,26.011,-4.961
0,486,3,27.791,3.076
0,486,4,26.733,-3.594
0,486,6,17.61,-0.108
0,486,7,24.612,-0.39
0,486,9,24.251,1.231
0,487,1,26.044,-4.964
0,487,3,27.863,3.13
0,487,4,26.725,-3.575
0,487,6,17.491,-0.119
0,487,7,24.595,-0.567
0,487,9,24.243,1.171
0,488,1,26.058,-4.965
0,488,3,27.935,3.183
0,488,4,26.709,-3.596
0,488,6,17.39,-0.111
0,488,7,24.456,-0.684
0,488,9,24.269,1.073
0,489,1,26.073,-4.966
0,489,3,28.007,3.235
0,489,4,26.727,-3.637
0,489,6,17.267,-0.093
0,489,7,24.552,-0.821
0,489,9,24.317,0.972
0,490,1,26.086,-4.969
0,490,3,28.08,3.287
0,490,4,26.719,-3.642
0,490,6,17.147,-0.087
0,490,7,24.551,-0.919
0,490,9,24.336,0.777
0,491,1,26.318,-5.008
0,491,3,28.261,3.345
0,491,4,26.72,-3.62
0,491,6,17.023,-0.056
0,491,7,24.425,-1.001
0,491,9,24.29,0.71
0,491,10,27.36,-0.59
0,492,1,26.396,-5.027
0,492,3,28.355,3.357
0,492,4,26.718,-3.643
0,492,6,16.904,-0.028
0,492,7,24.342,-1.09
0,492,9,24.259,0.651
0,492,10,27.43,-0.671
0,493,1,26.463,-5.043
0,493,3,28.466,3.445
0,493,4,26.715,-3.666
0,493,6,16.79,-0.027
0,493,7,24.305,-1.174
0,493,9,24.255,0.563
0,493,10,27.487,-0.785
0,494,1,26.491,-5.051
0,494,3,28.498,3.481
0,494,4,26.704,-3.637
0,494,6,16.713,-0.008
0,494,7,24.305,-1.21
0,494,9,24.196,0.519
0,494,10,27.383,-0.837
0,495,1,26.518,-5.057
0,495,3,28.607,3.522
0,495,4,26.743,-3.672
0,495,6,16.582,0.004
0,495,7,24.279,-1.293
0,495,9,24.18,0.43
0,495,10,27.356,-0.871
0,496,1,26.567,-5.073
0,496,3,28.708,3.507
0,496,4,26.75,-3.679
0,496,6,16.463,0.006
0,496,7,24.246,-1.413
0,496,9,24.169,0.36
0,496,10,27.334,-0.962
0,497,1,26.592,-5.08
0,497,3,28.736,3.517
0,497,4,26.749,-3.669
0,497,6,16.453,0.028
0,497,7,24.233,-1.473
0,497,9,24.187,0.296
0,497,10,27.328,-0.97
0,498,1,26.617,-5.088
0,498,3,28.843,3.55
0,498,4,26.787,-3.716
0,498,6,16.352,0.05
0,498,7,24.261,-1.56
0,498,9,24.191,0.176
0,498,10,27.287,-1.029
0,499,1,26.76,-5.098
0,499,3,28.923,3.576
0,499,4,26.803,-3.743
0,499,6,16.254,0.054
0,499,7,24.244,-1.679
0,499,9,24.185,0.09
0,499,10,27.276,-1.16
0,500,1,27.001,-5.144
0,500,3,29.006,3.572
0,500,4,26.754,-3.714
0,500,6,16.119,0.082
0,500,7,24.261,-1.746
0,500,9,24.179,0.004
0,500,10,27.223,-1.196
0,501,1,27.035,-5.15
0,501,3,29.093,3.629
0,501,4,26.758,-3.685
0,501,6,15.976,0.119
0,501,7,24.246,-1.828
0,501,9,24.161,-0.135
0,501,10,27.171,-1.256
0,502,1,27.28,-5.199
0,502,3,29.174,3.657
0,502,4,26.754,-3.72
0,502,6,15.857,0.129
0,502,7,24.234,-1.918
0,502,9,24.154,-0.271
0,502,10,27.143,-1.289
0,503,1,27.438,-5.23
0,503,3,29.256,3.684
0,503,4,26.667,-3.636
0,503,6,15.789,0.156
0,503,7,24.246,-1.953
0,503,9,24.119,-0.334
0,503,10,27.144,-1.334
0,504,1,27.475,-5.234
0,504,3,29.337,3.71
0,504,4,26.673,-3.628
0,504,6,15.685,0.168
0,504,7,24.257,-2.044
0,504,9,24.116,-0.428
0,504,10,27.073,-1.398
0,505,1,27.641,-5.271
0,505,3,29.419,3.738
0,505,4,26.657,-3.681
0,505,6,15.581,0.2
0,505,7,24.25,-2.183
0,505,9,24.103,-0.525
0,505,10,27.028,-1.487
0,506,1,27.687,-5.281
0,506,3,29.503,3.767
0,506,4,26.689,-3.692
0,506,6,15.489,0.23
0,506,7,24.267,-2.252
0,506,9,24.085,-0.544
0,506,10,27.022,-1.515
0,507,1,27.732,-5.29
0,507,3,29.588,3.794
0,507,4,26.696,-3.69
0,507,6,15.329,0.248
0,507,7,24.299,-2.341
0,507,9,24.11,-0.671
0,507,10,26.983,-1.576
0,508,1,28.214,-5.372
0,508,3,29.671,3.822
0,508,4,26.686,-3.687
0,508,6,15.198,0.303
0,508,7,24.306,-2.448
0,508,9,24.108,-0.765
0,508,10,26.939,-1.704
0,509,1,28.445,-5.414
0,509,3,29.754,3.849
0,509,4,26.683,-3.666
0,509,6,15.126,0.337
0,509,7,24.288,-2.522
0,509,9,24.112,-0.859
0,509,10,26.916,-1.747
0,510,1,28.801,-5.484
0,510,3,29.838,3.878
0,510,4,26.703,-3.693
0,510,6,15.006,0.38
0,510,7,24.301,-2.585
0,510,9,24.114,-0.982
0,510,10,26.852,-1.804
0,511,1,28.96,-5.517
0,511,3,29.922,3.906
0,511,4,26.703,-3.706
0,511,6,14.895,0.398
0,511,7,24.296,-2.739
0,511,9,24.102,-1.11
0,511,10,26.806,-1.915
0,512,1,25.622,-4.87
0,512,3,29.531,1.413
0,512,4,26.704,-3.684
0,512,6,14.785,0.409
0,512,7,24.338,-2.802
0,512,9,24.138,-1.161
0,512,10,26.732,-1.937
0,513,1,25.688,-4.892
0,513,3,29.536,1.209
0,513,4,26.698,-3.642
0,513,6,14.703,0.485
0,513,7,24.303,-2.88
0,513,9,24.122,-1.248
0,513,10,26.642,-1.977
0,514,1,25.779,-4.904
0,514,3,29.541,1.007
0,514,4,26.698,-3.621
0,514,6,14.603,0.523
0,514,7,24.293,-3.002
0,514,9,24.119,-1.355
0,514,10,26.578,-2.076
0,515,1,25.869,-4.923
0,515,3,29.543,0.844
0,515,4,26.71,-3.616
0,515,6,14.529,0.555
0,515,7,24.266,-3.047
0,515,9,24.136,-1.396
0,515,10,26.496,-2.112
0,516,1,25.949,-4.943
0,516,3,29.532,0.775
0,516,4,26.675,-3.568
0,516,6,14.439,0.603
0,516,7,24.271,-3.111
0,516,9,24.146,-1.454
0,516,10,26.453,-2.15
0,517,1,26.047,-4.964
0,517,3,29.747,0.79
0,517,4,26.655,-3.605
0,517,6,14.346,0.715
0,517,7,24.258,-3.236
0,517,9,24.149,-1.535
0,517,10,26.393,-2.233
0,518,1,25.96,-4.898
0,518,3,29.796,0.726
0,518,4,26.68,-3.636
0,518,6,14.264,0.727
0,518,7,24.247,-3.276
0,518,9,24.155,-1.627
0,518,10,26.336,-2.284
0,519,1,25.83,-4.803
0,519,3,29.847,0.661
0,519,4,26.715,-3.688
0,519,6,14.109,0.811
0,519,7,24.244,-3.336
0,519,9,24.155,-1.722
0,519,10,26.295,-2.343
0,520,1,25.856,-4.868
0,520,3,29.899,0.597
0,520,4,26.719,-3.704
0,520,6,14.003,0.891
0,520,7,24.236,-3.403
0,520,9,24.152,-1.874
0,520,10,26.231,-2.443
0,521,1,25.874,-4.872
0,521,3,29.95,0.532
0,521,4,26.687,-3.613
0,521,6,13.917,0.947
0,521,7,24.271,-3.504
0,521,9,24.146,-1.933
0,521,10,26.247,-2.484
0,522,1,25.899,-4.368
0,522,3,30.001,0.467
0,522,4,26.714,-3.661
0,522,6,13.784,0.996
0,522,7,24.262,-3.576
0,522,9,24.165,-2.025
0,522,10,26.199,-2.563
0,523,1,25.943,-4.244
0,523,3,30.052,0.403
0,523,4,26.719,-3.631
0,523,6,13.678,1.038
0,523,7,24.263,-3.634
0,523,9,24.173,-2.122
0,523,10,26.152,-2.592
0,524,1,26.081,-4.053
0,524,3,30.103,0.341
0,524,4,26.72,-3.626
0,524,6,13.516,1.08
0,524,7,24.257,-3.714
0,524,9,24.172,-2.173
0,524,10,26.091,-2.693
0,525,1,26.097,-3.756
0,525,3,30.155,0.278
0,525,4,26.719,-3.648
0,525,6,13.407,1.101
0,525,7,24.235,-3.78
0,525,9,24.165,-2.269
0,525,10,26.05,-2.799
0,526,1,26.311,-3.693
0,526,3,30.206,0.215
0,526,4,26.707,-3.738
0,526,6,13.287,1.127
0,526,7,24.213,-3.88
0,526,9,24.163,-2.323
0,526,10,25.997,-2.877
0,527,1,26.385,-3.537
0,527,3,30.257,0.151
0,527,4,26.736,-3.727
0,527,6,13.193,1.131
0,527,7,24.219,-3.937
0,527,9,24.166,-2.401
0,527,10,25.943,-2.956
0,528,1,26.46,-3.381
0,528,3,30.31,0.088
0,528,4,26.797,-3.811
0,528,6,13.102,1.157
0,528,7,24.216,-4.008
0,528,9,24.203,-2.501
0,528,10,25.888,-3.036
0,529,1,26.468,-3.043
0,529,3,30.363,0.023
0,529,4,26.806,-3.859
0,529,6,12.992,1.196
0,529,7,24.195,-4.115
0,529,9,24.22,-2.635
0,529,10,25.835,-3.114
0,530,1,26.536,-2.844
0,530,3,30.415,-0.043
0,530,4,26.859,-3.904
0,530,6,12.927,1.245
0,530,7,24.171,-4.168
0,530,9,24.245,-2.694
0,530,10,25.781,-3.191
0,531,1,26.603,-2.645
0,531,3,30.468,-0.108
0,531,4,26.898,-3.962
0,531,6,12.805,1.293
0,531,7,24.186,-4.176
0,531,9,24.344,-2.763
0,531,10,25.729,-3.267
0,532,1,27.212,-3.033
0,532,3,30.521,-0.176
0,532,4,26.918,-4.0
0,532,6,12.697,1.342
0,532,7,24.186,-4.21
0,532,9,24.367,-2.823
0,532,10,25.695,-3.221
0,533,1,27.589,-3.031
0,533,3,30.574,-0.243
0,533,4,26.953,-4.066
0,533,6,12.618,1.38
0,533,7,24.205,-4.269
0,533,9,24.326,-2.887
0,533,10,25.673,-3.216
0,534,1,26.964,-2.663
0,534,3,30.628,-0.312
0,534,4,26.985,-4.104
0,534,6,12.505,1.423
0,534,7,24.198,-4.406
0,534,9,24.291,-2.97
0,534,10,25.65,-3.324
0,535,1,26.749,-2.533
0,535,3,30.684,-0.381
0,535,4,27.004,-4.172
0,535,6,12.403,1.469
0,535,7,24.168,-4.535
0,535,9,24.294,-3.051
0,535,10,25.639,-3.471
0,536,1,26.91,-2.527
0,536,3,30.738,-0.449
0,536,4,27.054,-4.219
0,536,6,12.322,1.491
0,536,7,24.158,-4.634
0,536,9,24.271,-3.155
0,536,10,25.096,-3.294
0,536,11,25.8,-2.96
0,537,1,27.064,-2.562
0,537,3,30.793,-0.519
0,537,4,27.069,-4.244
0,537,6,12.229,1.517
0,537,7,24.364,-4.741
0,537,9,24.251,-3.259
0,537,10,25.016,-3.301
0,537,11,25.81,-3.006
0,538,1,27.025,-2.655
0,538,3,30.848,-0.589
0,538,4,27.086,-4.319
0,538,6,12.139,1.549
0,538,7,24.368,-4.889
0,538,9,24.243,-3.368
0,538,10,24.934,-3.309
0,538,11,25.805,-3.067
0,539,1,27.078,-2.66
0,539,3,30.904,-0.66
0,539,4,27.11,-4.344
0,539,6,12.024,1.563
0,539,7,24.371,-4.964
0,539,9,24.241,-3.436
0,539,10,24.166,-3.023
0,539,11,25.781,-3.125
0,540,1,26.712,-2.742
0,540,3,30.96,-0.731
0,540,4,27.15,-4.382
0,540,6,11.88,1.595
0,540,7,24.456,-5.056
0,540,9,24.272,-3.513
0,540,10,24.029,-2.972
0,540,11,25.922,-3.211
0,541,1,26.678,-2.806
0,541,3,31.016,-0.803
0,541,4,27.2,-4.338
0,541,6,11.767,1.621
0,541,7,24.563,-4.939
0,541,9,24.269,-3.612
0,541,10,24.335,-3.397
0,541,11,25.95,-3.336
0,542,1,26.66,-2.863
0,542,3,31.071,-0.874
0,542,4,27.25,-4.394
0,542,6,11.747,1.658
0,542,7,24.562,-5.004
0,542,9,24.266,-3.665
0,542,10,23.454,-3.28
0,542,11,25.912,-3.379
0,542,12,25.81,-4.93
0,543,1,27.095,-3.164
0,543,3,31.125,-0.946
0,543,4,27.321,-4.453
0,543,6,11.662,1.672
0,543,7,24.552,-5.103
0,543,9,24.303,-3.741
0,543,10,23.213,-3.289
0,543,11,25.892,-3.425
0,543,12,25.865,-4.974
0,544,1,27.219,-3.333
0,544,3,31.178,-1.017
0,544,4,27.359,-4.526
0,544,6,11.577,1.709
0,544,7,24.56,-5.455
0,544,9,24.302,-3.867
0,544,10,23.052,-3.326
0,544,11,25.893,-3.499
0,544,12,25.864,-5.09
0,545,1,26.842,-3.284
0,545,3,31.23,-1.087
0,545,4,27.447,-4.585
0,545,6,11.493,1.724
0,545,7,24.583,-5.562
0,545,9,24.334,-3.919
0,545,10,22.67,-3.553
0,545,11,25.907,-3.531
0,545,12,25.864,-5.107
0,546,1,26.918,-3.404
0,546,3,31.282,-1.159
0,546,4,27.496,-4.634
0,546,6,11.358,1.749
0,546,7,24.58,-5.657
0,546,9,24.356,-3.989
0,546,10,22.556,-3.505
0,546,11,25.909,-3.597
0,546,12,25.916,-5.117
0,547,1,26.928,-3.492
0,547,3,31.336,-1.23
0,547,4,27.55,-4.674
0,547,6,11.26,1.782
0,547,7,24.581,-5.765
0,547,9,24.377,-4.191
0,547,10,22.388,-3.483
0,547,11,25.904,-3.685
0,547,12,25.957,-5.191
0,548,1,26.934,-3.58
0,548,3,31.392,-1.302
0,548,4,27.601,-4.722
0,548,6,11.133,1.793
0,548,7,24.603,-5.768
0,548,9,24.413,-4.263
0,548,10,22.201,-3.503
0,548,11,26.004,-3.717
0,548,12,25.987,-5.224
0,549,1,26.941,-3.669
0,549,3,28.312,-5.133
0,549,4,27.65,-4.739
0,549,6,10.971,1.812
0,549,7,24.66,-5.822
0,549,9,24.435,-4.303
0,549,10,22.015,-3.524
0,549,11,26.017,-3.791
0,549,12,26.032,-5.276
0,550,1,26.949,-3.756
0,550,3,28.243,-5.382
0,550,4,27.704,-4.78
0,550,6,10.847,1.833
0,550,7,24.656,-5.934
0,550,9,24.454,-4.381
0,550,10,21.829,-3.544
0,550,11,26.025,-3.873
0,550,12,26.059,-5.362
0,551,1,27.006,-4.057
0,551,3,28.193,-5.533
0,551,4,27.8,-4.961
0,551,6,10.795,1.844
0,551,7,24.709,-5.983
0,551,9,24.462,-4.579
0,551,10,21.643,-3.564
0,551,11,26.038,-3.913
0,551,12,26.071,-5.387
0,552,1,25.951,-4.198
0,552,3,28.128,-5.654
0,552,4,27.87,-5.157
0,552,6,10.622,1.837
0,552,7,24.814,-6.059
0,552,9,24.489,-4.657
0,552,10,21.457,-3.584
0,552,11,26.095,-3.972
0,552,12,26.103,-5.413
0,553,1,25.901,-4.355
0,553,3,28.074,-5.805
0,553,4,27.911,-5.295
0,553,6,10.506,1.839
0,553,7,24.837,-6.16
0,553,9,24.512,-4.762
0,553,10,21.271,-3.604
0,553,11,26.11,-4.087
0,553,12,26.121,-5.513
0,554,1,25.489,-4.684
0,554,3,28.02,-5.97
0,554,4,27.965,-5.399
0,554,6,10.425,1.846
0,554,7,24.913,-6.22
0,554,9,24.68,-4.768
0,554,10,21.086,-3.624
0,554,11,26.138,-4.148
0,554,12,26.15,-5.555
0,555,1,25.492,-4.856
0,555,3,27.966,-6.125
0,555,4,27.996,-5.64
0,555,6,10.341,1.842
0,555,7,25.01,-6.273
0,555,9,24.727,-4.803
0,555,10,20.901,-3.643
0,555,11,26.163,-4.223
0,555,12,26.242,-5.628
0,556,1,25.388,-5.037
0,556,3,27.923,-6.213
0,556,4,28.042,-5.82
0,556,6,10.243,1.838
0,556,7,25.048,-6.403
0,556,9,24.775,-4.865
0,556,10,20.717,-3.662
0,556,11,26.184,-4.301
0,556,12,26.152,-5.91
0,557,1,25.403,-5.432
0,557,3,27.904,-6.298
0,557,4,28.084,-5.934
0,557,6,10.154,1.837
0,557,7,25.12,-6.463
0,557,9,24.833,-4.913
0,557,10,20.534,-3.683
0,557,11,26.254,-4.34
0,557,12,26.178,-6.011
0,558,1,25.304,-5.687
0,558,3,27.888,-6.362
0,558,4,29.073,-6.147
0,558,6,10.036,1.843
0,558,7,25.184,-6.533
0,558,9,24.864,-4.978
0,558,10,20.35,-3.703
0,558,11,26.3,-4.374
0,558,12,26.246,-6.047
0,559,1,25.205,-5.942
0,559,3,27.86,-6.423
0,559,4,29.269,-6.301
0,559,6,9.933,1.843
0,559,7,25.24,-6.624
0,559,9,24.897,-5.104
0,559,10,20.1,-3.811
0,559,11,26.331,-4.443
0,559,12,26.298,-6.035
0,560,1,24.822,-6.475
0,560,3,27.756,-6.612
0,560,4,29.461,-6.429
0,560,6,9.837,1.822
0,560,7,25.281,-6.706
0,560,9,24.914,-5.159
0,560,10,20.009,-3.796
0,560,11,26.369,-4.479
0,560,12,26.348,-6.032
0,561,1,24.681,-6.814
0,561,3,27.708,-6.735
0,561,4,29.648,-6.567
0,561,6,9.731,1.816
0,561,7,25.375,-6.793
0,561,9,24.99,-5.276
0,561,10,19.823,-3.799
0,561,11,26.404,-4.529
0,561,12,26.404,-6.028
0,562,1,24.54,-7.154
0,562,3,27.643,-6.704
0,562,4,29.58,-6.415
0,562,6,9.624,1.824
0,562,7,25.427,-6.919
0,562,9,25.036,-5.352
0,562,10,19.638,-3.801
0,562,11,26.44,-4.579
0,562,12,26.44,-6.081
0,563,3,27.672,-6.719
0,563,4,29.964,-6.663
0,563,6,9.521,1.823
0,563,7,25.435,-6.989
0,563,9,25.101,-5.455
0,563,10,19.452,-3.804
0,563,11,26.383,-4.875
0,563,12,26.47,-6.106
0,564,3,28.356,-6.917
0,564,4,30.149,-6.795
0,564,6,9.317,1.82
0,564,7,25.47,-7.059
0,564,9,25.148,-5.561
0,564,10,19.267,-3.806
0,564,11,26.373,-4.974
0,564,12,26.518,-6.15
0,565,3,28.448,-6.931
0,565,4,30.335,-6.901
0,565,6,9.183,1.815
0,565,7,25.516,-7.157
0,565,9,25.171,-5.795
0,565,10,19.083,-3.808
0,565,11,26.367,-5.07
0,565,12,26.568,-6.144
0,566,3,28.545,-6.966
0,566,4,30.878,-7.306
0,566,6,9.077,1.78
0,566,7,25.559,-7.242
0,566,9,25.218,-5.88
0,566,10,18.901,-3.809
0,566,11,26.38,-5.136
0,566,12,26.619,-6.194
0,567,3,28.642,-6.999
0,567,4,31.099,-7.52
0,567,6,8.977,1.778
0,567,7,25.638,-7.315
0,567,9,25.26,-5.937
0,567,10,18.718,-3.81
0,567,11,26.424,-5.186
0,567,12,26.663,-6.272
0,568,3,28.739,-7.035
0,568,4,31.327,-7.749
0,568,6,8.856,1.763
0,568,7,25.697,-7.402
0,568,9,25.303,-6.037
0,568,10,18.533,-3.811
0,568,11,26.452,-5.24
0,568,12,26.698,-6.311
0,569,3,29.034,-7.0
0,569,4,31.548,-7.969
0,569,6,8.844,1.753
0,569,7,25.727,-7.446
0,569,9,25.391,-6.051
0,569,10,18.348,-3.811
0,569,11,26.987,-5.045
0,569,12,26.701,-6.423
0,570,3,29.171,-7.016
0,570,4,31.77,-8.189
0,570,6,8.686,1.759
0,570,7,25.802,-7.531
0,570,9,25.481,-6.094
0,570,10,18.162,-3.811
0,570,11,27.007,-5.121
0,570,12,26.731,-6.541
0,570,13,27.08,-4.3
0,571,3,29.308,-7.032
0,571,4,32.04,-8.258
0,571,6,8.576,1.743
0,571,7,25.854,-7.606
0,571,9,25.538,-6.178
0,571,10,17.975,-3.811
0,571,11,26.918,-5.336
0,571,12,26.756,-6.615
0,571,13,27.054,-4.423
0,572,3,29.443,-7.047
0,572,4,32.276,-8.437
0,572,6,8.458,1.71
0,572,7,25.919,-7.675
0,572,9,25.572,-6.22
0,572,10,17.788,-3.81
0,572,11,26.944,-5.393
0,572,12,26.777,-6.751
0,572,13,27.123,-4.434
0,573,3,29.578,-7.063
0,573,4,32.51,-8.616
0,573,6,8.342,1.687
0,573,7,25.965,-7.776
0,573,9,25.627,-6.321
0,573,10,17.976,-2.093
0,573,11,27.002,-5.518
0,573,12,26.775,-6.931
0,573,13,27.139,-4.494
0,574,3,29.713,-7.079
0,574,4,32.743,-8.795
0,574,6,8.291,1.678
0,574,7,25.948,-7.804
0,574,9,25.657,-6.367
0,574,10,17.483,-1.966
0,574,11,27.056,-5.577
0,574,12,26.801,-7.026
0,574,13,27.173,-4.484
0,575,3,29.846,-7.096
0,575,4,32.975,-8.975
0,575,6,8.195,1.648
0,575,7,25.991,-7.864
0,575,9,25.693,-6.417
0,575,10,17.318,-1.796
0,575,11,27.103,-5.657
0,575,12,26.858,-7.109
0,575,13,27.204,-4.568
0,576,3,29.98,-7.113
0,576,4,33.208,-9.154
0,576,6,8.094,1.633
0,576,7,26.028,-7.955
0,576,9,25.728,-6.52
0,576,10,16.943,-1.616
0,576,11,27.148,-5.785
0,576,12,26.879,-7.182
0,576,13,27.227,-4.606
0,577,3,30.258,-6.473
0,577,4,33.441,-9.335
0,577,6,8.037,1.619
0,577,7,26.124,-8.028
0,577,9,25.742,-6.554
0,577,10,16.691,-1.479
0,577,11,27.193,-5.85
0,577,12,26.899,-7.233
0,577,13,27.25,-4.646
0,578,3,30.393,-6.455
0,578,4,33.673,-9.516
0,578,6,7.897,1.609
0,578,7,26.22,-8.108
0,578,9,25.823,-6.633
0,578,10,16.474,-1.352
0,578,11,27.292,-5.945
0,578,12,26.96,-7.243
0,578,13,27.274,-4.735
0,579,3,30.415,-6.519
0,579,4,33.906,-9.696
0,579,6,7.799,1.592
0,579,7,26.256,-8.277
0,579,9,25.866,-6.749
0,579,10,16.74,-1.373
0,579,11,27.342,-6.049
0,579,12,26.977,-7.38
0,579,13,27.024,-4.931
0,580,3,30.642,-6.361
0,580,4,35.415,-10.213
0,580,6,7.657,1.544
0,580,7,26.274,-8.342
0,580,9,25.911,-6.809
0,580,10,16.559,-1.252
0,580,11,27.388,-6.106
0,580,12,26.96,-7.427
0,580,13,26.859,-5.068
0,581,3,30.412,-6.145
0,581,4,35.763,-10.048
0,581,6,7.523,1.508
0,581,7,26.323,-8.423
0,581,9,25.971,-6.904
0,581,10,16.378,-1.132
0,581,11,27.395,-6.185
0,581,12,26.983,-7.499
0,581,13,26.811,-5.211
0,582,3,30.447,-5.982
0,582,4,36.117,-10.203
0,582,6,7.404,1.478
0,582,7,26.367,-8.529
0,582,9,26.062,-6.349
0,582,10,16.214,-0.954
0,582,11,27.439,-6.265
0,582,12,27.014,-7.524
0,582,13,26.763,-5.353
0,583,3,30.558,-5.846
0,583,4,36.163,-10.721
0,583,6,7.333,1.472
0,583,7,26.443,-8.588
0,583,9,26.112,-6.322
0,583,10,16.035,-0.818
0,583,11,27.464,-6.314
0,583,12,27.034,-7.522
0,583,13,27.848,-5.521
0,584,3,30.671,-5.711
0,584,4,36.44,-10.947
0,584,6,7.193,1.436
0,584,7,26.486,-8.625
0,584,9,26.165,-6.362
0,584,10,15.855,-0.681
0,584,11,27.482,-6.377
0,584,12,27.058,-7.559
0,584,13,27.941,-5.569
0,585,3,30.782,-5.575
0,585,4,36.821,-11.165
0,585,6,7.086,1.402
0,585,7,26.541,-8.697
0,585,9,26.225,-6.338
0,585,10,15.68,-0.56
0,585,11,27.519,-6.448
0,585,12,27.078,-7.617
0,585,13,28.024,-5.62
0,586,3,30.893,-5.439
0,586,4,37.169,-11.387
0,586,6,6.921,1.358
0,586,7,26.58,-8.786
0,586,9,26.265,-6.428
0,586,10,15.5,-0.425
0,586,11,27.552,-6.494
0,586,12,27.1,-7.66
0,586,13,28.119,-5.669
0,587,3,31.004,-5.303
0,587,4,37.296,-11.944
0,587,6,6.775,1.325
0,587,7,26.637,-8.872
0,587,9,26.316,-6.457
0,587,10,15.32,-0.291
0,587,11,27.61,-6.58
0,587,12,26.454,-7.521
0,587,13,28.194,-5.729
0,588,3,31.115,-5.168
0,588,4,37.601,-12.293
0,588,6,6.644,1.286
0,588,7,26.674,-8.985
0,588,9,26.376,-6.483
0,588,11,27.652,-6.649
0,588,12,26.333,-7.55
0,588,13,28.267,-5.839
0,589,3,31.226,-5.035
0,589,4,37.906,-12.643
0,589,6,6.555,1.245
0,589,7,26.797,-9.099
0,589,9,26.429,-6.51
0,589,11,27.72,-6.725
0,589,12,26.242,-7.567
0,589,13,28.341,-5.926
0,590,3,31.337,-4.902
0,590,4,38.21,-12.995
0,590,6,6.412,1.222
0,590,7,26.864,-9.183
0,590,9,26.483,-6.538
0,590,11,27.821,-6.81
0,590,12,26.271,-7.62
0,590,13,28.38,-5.982
0,591,3,31.449,-4.769
0,591,4,38.514,-13.346
0,591,6,6.287,1.189
0,591,7,26.919,-9.297
0,591,9,26.537,-6.565
0,591,11,27.856,-6.953
0,591,12,26.139,-7.731
0,591,13,28.445,-6.068
0,592,3,31.561,-4.638
0,592,4,38.819,-13.698
0,592,6,6.201,1.17
0,592,7,26.968,-9.378
0,592,9,26.59,-6.592
0,592,11,27.891,-7.016
0,592,12,26.279,-7.839
0,592,13,28.465,-6.151
0,593,3,31.674,-4.504
0,593,4,39.123,-14.05
0,593,6,6.088,1.149
0,593,7,27.018,-9.416
0,593,9,26.643,-6.619
0,593,11,27.993,-7.108
0,593,12,26.368,-7.934
0,593,13,28.515,-6.208
0,594,3,31.787,-4.37
0,594,4,39.428,-14.402
0,594,6,5.978,1.111
0,594,7,27.064,-9.515
0,594,9,26.696,-6.646
0,594,11,28.054,-7.217
0,594,12,26.338,-8.043
0,594,13,28.564,-6.322
0,595,3,31.902,-4.236
0,595,4,39.734,-14.753
0,595,6,5.919,1.058
0,595,7,27.116,-9.59
0,595,9,26.749,-6.675
0,595,11,28.094,-7.245
0,595,12,26.459,-8.173
0,595,13,28.624,-6.389
0,596,3,32.017,-4.102
0,596,4,40.039,-15.106
0,596,6,5.779,1.018
0,596,7,27.174,-9.663
0,596,9,26.801,-6.705
0,596,11,28.137,-7.326
0,596,12,26.548,-8.311
0,596,13,28.692,-6.453
0,597,3,32.13,-3.969
0,597,4,40.344,-15.461
0,597,6,5.671,0.968
0,597,7,27.232,-9.735
0,597,9,26.853,-6.733
0,597,11,28.172,-7.476
0,597,12,26.578,-8.424
0,597,13,28.735,-6.605
0,598,3,32.242,-3.838
0,598,4,40.649,-15.816
0,598,6,5.588,0.913
0,598,7,27.281,-9.814
0,598,9,26.904,-6.762
0,598,11,28.189,-7.531
0,598,12,26.66,-8.489
0,598,13,28.832,-6.663
0,599,3,32.354,-3.706
0,599,4,40.953,-16.172
0,599,6,5.419,0.843
0,599,7,27.486,-9.937
0,599,9,26.955,-6.79
0,599,11,28.284,-7.63
0,599,12,26.722,-8.561
0,599,13,28.976,-6.77
0,600,3,32.466,-3.575
0,600,4,41.258,-16.527
0,600,6,5.293,0.786
0,600,7,27.565,-10.007
0,600,9,27.004,-6.82
0,600,11,28.33,-7.708
0,600,12,26.755,-8.665
0,600,13,29.058,-6.86
0,601,3,32.576,-3.445
0,601,4,41.563,-16.884
0,601,6,5.196,0.746
0,601,7,27.644,-10.089
0,601,9,27.054,-6.849
0,601,11,28.387,-7.771
0,601,12,26.817,-8.724
0,601,13,29.174,-6.948
0,602,3,32.687,-3.316
0,602,4,41.867,-17.24
0,602,6,5.087,0.701
0,602,7,27.685,-10.169
0,602,9,27.794,-8.632
0,602,11,28.475,-7.844
0,602,12,26.864,-8.733
0,602,13,29.259,-7.04
0,603,3,32.799,-3.188
0,603,4,42.17,-17.596
0,603,6,4.974,0.645
0,603,7,27.757,-10.249
0,603,9,27.799,-9.375
0,603,11,28.53,-7.911
0,603,12,26.912,-8.812
0,603,13,29.338,-7.168
0,604,3,32.91,-3.059
0,604,4,42.475,-17.952
0,604,6,4.846,0.606
0,604,7,27.767,-10.281
0,604,9,27.806,-9.429
0,604,11,28.598,-7.969
0,604,12,26.962,-8.937
0,604,13,29.347,-7.213
0,605,3,33.018,-2.93
0,605,4,42.779,-18.309
0,605,6,4.737,0.564
0,605,7,27.861,-10.348
0,605,9,27.74,-9.33
0,605,11,28.657,-8.035
0,605,12,27.04,-9.078
0,605,13,29.427,-7.282
0,606,3,33.127,-2.801
0,606,4,43.084,-18.665
0,606,6,4.622,0.51
0,606,7,27.923,-10.427
0,606,9,27.841,-9.501
0,606,11,28.704,-8.133
0,606,12,27.146,-8.98
0,606,13,29.502,-7.381
0,607,3,33.236,-2.673
0,607,4,43.388,-19.021
0,607,6,4.54,0.467
0,607,7,28.0,-10.493
0,607,9,27.927,-9.605
0,607,11,28.737,-8.185
0,607,12,27.211,-9.111
0,607,13,29.539,-7.444
0,608,3,33.345,-2.544
0,608,4,43.693,-19.378
0,608,6,4.444,0.422
0,608,7,28.15,-10.547
0,608,9,28.023,-9.683
0,608,11,28.809,-8.256
0,608,12,27.245,-9.226
0,608,13,29.651,-7.542
0,609,3,33.454,-2.416
0,609,4,43.998,-19.734
0,609,6,4.341,0.365
0,609,7,28.227,-10.612
0,609,9,28.127,-9.821
0,609,11,28.869,-8.336
0,609,12,27.296,-9.303
0,609,13,29.726,-7.635
0,610,3,33.565,-2.287
0,610,4,44.303,-20.089
0,610,6,4.274,0.334
0,610,7,28.307,-10.668
0,610,9,28.229,-9.959
0,610,11,28.975,-8.435
0,610,12,27.307,-9.402
0,610,13,29.776,-7.685
0,611,3,33.676,-2.159
0,611,4,44.609,-20.444
0,611,6,4.122,0.245
0,611,7,28.384,-10.737
0,611,9,28.353,-10.049
0,611,11,29.014,-8.499
0,611,12,27.351,-9.486
0,611,13,29.846,-7.745
0,612,3,33.788,-2.028
0,612,4,44.913,-20.799
0,612,6,4.006,0.176
0,612,7,28.458,-10.809
0,612,9,28.476,-10.141
0,612,11,29.072,-8.598
0,612,12,27.396,-9.568
0,612,13,29.916,-7.816
0,613,3,33.898,-1.897
0,613,4,45.217,-21.156
0,613,6,3.941,0.096
0,613,7,28.536,-10.871
0,613,9,28.612,-10.229
0,613,11,29.127,-8.631
0,613,12,27.441,-9.651
0,613,13,29.964,-7.885
0,614,3,34.009,-1.765
0,614,4,45.521,-21.512
0,614,6,3.805,-0.001
0,614,7,28.599,-10.91
0,614,9,28.726,-10.334
0,614,11,29.198,-8.689
0,614,12,27.571,-9.846
0,614,13,30.129,-7.981
0,615,3,34.119,-1.634
0,615,4,45.827,-21.867
0,615,6,3.698,-0.076
0,615,7,28.679,-10.956
0,615,9,28.826,-10.416
0,615,11,29.256,-8.78
0,615,12,27.703,-9.588
0,615,13,30.215,-8.118
0,616,3,34.229,-1.502
0,616,4,46.134,-22.223
0,616,6,3.648,-0.056
0,616,7,28.753,-11.014
0,616,9,28.94,-10.518
0,616,11,29.304,-8.828
0,616,12,27.759,-9.611
0,616,13,30.266,-8.177
0,617,3,34.34,-1.369
0,617,4,46.439,-22.58
0,617,6,3.553,-0.112
0,617,7,28.989,-11.128
0,617,9,29.053,-10.619
0,617,11,29.378,-8.888
0,617,12,28.27,-9.809
0,617,13,30.345,-8.255
0,618,3,34.45,-1.236
0,618,4,46.746,-22.936
0,618,6,3.454,-0.187
0,618,7,29.084,-11.191
0,618,9,29.14,-10.735
0,618,11,29.436,-8.962
0,618,12,28.394,-9.863
0,618,13,30.414,-8.374
0,619,3,34.56,-1.102
0,619,4,47.051,-23.293
0,619,6,3.355,-0.271
0,619,7,29.193,-11.229
0,619,9,29.247,-10.842
0,619,11,29.492,-9.002
0,619,12,28.575,-9.924
0,619,13,30.448,-8.427
0,620,3,34.672,-0.968
0,620,4,47.359,-23.651
0,620,6,3.26,-0.333
0,620,7,29.288,-11.305
0,620,9,29.393,-10.91
0,620,11,29.563,-9.053
0,620,12,28.707,-9.988
0,620,13,30.54,-8.513
0,621,3,34.783,-0.833
0,621,4,47.666,-24.009
0,621,6,3.155,-0.394
0,621,7,29.385,-11.366
0,621,9,29.52,-11.028
0,621,11,29.617,-9.136
0,621,12,28.837,-10.067
0,621,13,30.614,-8.612
0,622,3,34.895,-0.7
0,622,4,47.972,-24.368
0,622,6,2.871,-0.437
0,622,7,29.377,-11.361
0,622,9,29.628,-11.13
0,622,11,29.684,-9.178
0,622,12,28.868,-10.106
0,622,13,30.697,-8.675
0,623,3,35.007,-0.565
0,623,4,48.278,-24.728
0,623,6,2.739,-0.479
0,623,7,29.431,-11.453
0,623,9,29.738,-11.229
0,623,11,29.743,-9.212
0,623,12,28.929,-10.147
0,623,13,30.78,-8.737
0,624,3,35.117,-0.432
0,624,4,48.586,-25.088
0,624,6,2.6,-0.516
0,624,7,29.505,-11.541
0,624,9,29.911,-11.302
0,624,11,29.79,-9.317
0,624,12,29.032,-10.215
0,624,13,30.84,-8.824
0,625,3,34.415,-7.146
0,625,4,48.894,-25.447
0,625,6,2.466,-0.561
0,625,7,29.575,-11.616
0,625,9,30.025,-11.392
0,625,11,29.84,-9.367
0,625,12,29.075,-10.208
0,625,13,30.861,-8.87
0,626,3,34.464,-7.326
0,626,4,49.2,-25.807
0,626,6,2.331,-0.605
0,626,7,29.656,-11.667
0,626,9,30.166,-11.465
0,626,11,29.914,-9.421
0,626,12,29.136,-10.26
0,626,13,30.969,-8.931
0,627,3,34.553,-7.437
0,627,4,49.507,-26.166
0,627,6,2.127,-0.581
0,627,7,29.745,-11.702
0,627,9,30.252,-11.577
0,627,11,29.963,-9.518
0,627,12,29.19,-10.375
0,627,13,31.008,-9.013
0,628,3,34.639,-7.549
0,628,4,49.814,-26.526
0,628,6,1.974,-0.611
0,628,7,29.825,-11.757
0,628,9,30.325,-11.674
0,628,11,30.047,-9.56
0,628,12,29.238,-10.411
0,628,13,31.069,-9.083
0,629,3,34.725,-7.66
0,629,4,50.121,-26.885
0,629,6,1.821,-0.639
0,629,7,29.905,-11.813
0,629,9,30.4,-11.758
0,629,11,30.129,-9.614
0,629,12,29.31,-10.488
0,629,13,31.223,-9.197
0,630,3,34.812,-7.772
0,630,4,50.427,-27.245
0,630,6,1.668,-0.667
0,630,7,29.984,-11.87
0,630,9,30.458,-11.819
0,630,11,30.192,-9.657
0,630,12,29.383,-10.556
0,630,13,31.254,-9.323
0,631,3,34.899,-7.883
0,631,4,50.735,-27.607
0,631,6,1.516,-0.696
0,631,7,30.065,-11.927
0,631,9,30.589,-11.903
0,631,11,30.269,-9.704
0,631,12,29.45,-10.621
0,631,13,31.344,-9.406
0,632,3,34.987,-7.995
0,632,4,51.043,-27.967
0,632,6,1.363,-0.722
0,632,7,30.144,-11.984
0,632,9,30.693,-11.989
0,632,11,30.348,-9.727
0,632,12,29.518,-10.676
0,632,13,31.419,-9.504
0,633,3,35.075,-8.108
0,633,4,51.353,-28.328
0,633,6,1.208,-0.748
0,633,7,30.225,-12.04
0,633,9,30.897,-12.091
0,633,11,30.411,-9.804
0,633,12,29.576,-10.724
0,633,13,31.478,-9.605
0,634,3,35.163,-8.22
0,634,4,51.662,-28.687
0,634,6,1.053,-0.775
0,634,7,30.304,-12.096
0,634,9,31.005,-12.18
0,634,11,30.499,-9.819
0,634,12,29.654,-10.769
0,634,13,31.541,-9.671
0,635,3,35.25,-8.333
0,635,4,51.972,-29.046
0,635,6,0.897,-0.8
0,635,7,30.386,-12.154
0,635,9,31.171,-12.282
0,635,11,30.563,-9.896
0,635,12,29.741,-10.806
0,635,13,31.612,-9.753
0,636,3,35.337,-8.447
0,636,4,52.283,-29.406
0,636,6,0.741,-0.826
0,636,7,30.469,-12.211
0,636,9,31.305,-12.399
0,636,11,30.636,-9.962
0,636,12,29.835,-10.852
0,636,13,31.682,-9.844
0,637,3,35.423,-8.559
0,637,4,52.593,-29.765
0,637,6,0.586,-0.851
0,637,7,29.424,-11.745
0,637,9,31.411,-12.488
0,637,11,30.707,-10.025
0,637,12,29.986,-10.906
0,637,13,31.748,-9.95
0,638,3,35.51,-8.671
0,638,4,52.903,-30.124
0,638,6,0.431,-0.876
0,638,7,29.446,-11.793
0,638,9,31.169,-12.708
0,638,11,30.803,-10.063
0,638,12,29.944,-10.908
0,638,13,32.059,-10.093
0,639,3,35.596,-8.783
0,639,4,53.215,-30.484
0,639,6,0.275,-0.899
0,639,7,29.444,-11.792
0,639,9,31.266,-12.823
0,639,11,30.865,-10.134
0,639,12,30.012,-10.963
0,639,13,32.165,-10.19
0,640,3,35.682,-8.896
0,640,4,53.526,-30.844
0,640,6,0.12,-0.922
0,640,7,29.423,-11.796
0,640,9,31.352,-12.904
0,640,11,30.95,-10.195
0,640,12,30.056,-11.007
0,640,13,32.166,-10.241
0,641,3,35.769,-9.008
0,641,4,53.837,-31.203
0,641,6,-0.035,-0.945
0,641,7,29.401,-11.819
0,641,9,31.41,-12.929
0,641,11,31.008,-10.307
0,641,12,30.132,-11.053
0,641,13,32.226,-10.298
0,642,3,35.853,-9.119
0,642,4,54.148,-31.561
0,642,6,-0.192,-0.968
0,642,7,29.374,-11.864
0,642,9,31.519,-12.981
0,642,11,31.091,-10.371
0,642,12,30.203,-11.11
0,642,13,32.31,-10.377
0,643,3,35.937,-9.23
0,643,4,54.46,-31.921
0,643,6,-0.347,-0.991
0,643,7,29.68,-12.034
0,643,9,31.631,-13.053
0,643,11,31.159,-10.46
0,643,12,30.259,-11.175
0,643,13,32.38,-10.488
0,644,3,36.02,-9.339
0,644,4,54.772,-32.279
0,644,6,-0.504,-1.016
0,644,7,29.709,-12.067
0,644,9,31.754,-13.158
0,644,11,31.232,-10.537
0,644,12,30.324,-11.232
0,644,13,32.466,-10.562
0,645,3,36.105,-9.449
0,645,4,55.083,-32.637
0,645,6,-0.661,-1.041
0,645,7,29.726,-12.106
0,645,9,31.8,-13.216
0,645,11,31.308,-10.599
0,645,12,30.389,-11.292
0,645,13,32.55,-10.641
0,646,3,36.191,-9.558
0,646,4,55.393,-32.996
0,646,6,-0.817,-1.067
0,646,7,30.001,-12.226
0,646,9,31.903,-13.274
0,646,11,31.381,-10.613
0,646,12,30.451,-11.353
0,646,13,32.622,-10.726
0,647,3,36.277,-9.668
0,647,4,55.703,-33.355
0,647,6,-0.973,-1.092
0,647,7,30.072,-12.293
0,647,9,31.999,-13.339
0,647,11,31.465,-10.628
0,647,12,30.514,-11.408
0,647,13,32.744,-10.801
0,648,3,36.364,-9.778
0,648,4,56.014,-33.713
0,648,6,-1.127,-1.116
0,648,7,30.156,-12.346
0,648,9,32.097,-13.405
0,648,11,31.455,-10.8
0,648,12,30.592,-11.45
0,648,13,32.825,-10.897
0,649,3,36.448,-9.888
0,649,4,56.325,-34.07
0,649,6,-1.282,-1.14
0,649,7,30.258,-12.366
0,649,9,31.995,-13.39
0,649,11,31.529,-10.883
0,649,12,30.665,-11.488
0,649,13,32.91,-10.99
0,650,3,36.532,-9.997
0,650,4,56.637,-34.427
0,650,6,-1.436,-1.165
0,650,7,30.339,-12.413
0,650,9,31.863,-13.344
0,650,11,31.618,-10.943
0,650,12,30.735,-11.522
0,650,13,33.042,-11.002
0,650,14,31.52,-10.76
0,651,3,36.616,-10.107
0,651,4,56.949,-34.785
0,651,6,0.556,0.149
0,651,7,30.423,-12.459
0,651,9,31.954,-13.402
0,651,11,31.672,-10.99
0,651,12,30.832,-11.573
0,651,13,33.142,-11.126
0,651,14,31.525,-10.753
0,652,3,36.7,-10.218
0,652,4,57.261,-35.139
0,652,6,0.421,0.138
0,652,7,30.511,-12.519
0,652,9,32.218,-13.52
0,652,11,31.736,-11.029
0,652,12,30.916,-11.614
0,652,13,33.236,-11.207
0,652,14,31.535,-10.756
0,653,3,36.783,-10.326
0,653,4,57.572,-35.493
0,653,6,0.287,0.126
0,653,7,30.591,-12.52
0,653,9,31.959,-13.346
0,653,11,31.797,-11.312
0,653,12,30.854,-11.57
0,653,13,33.33,-11.286
0,653,14,31.679,-10.872
0,654,3,36.867,-10.434
0,654,4,57.883,-35.845
0,654,6,0.152,0.115
0,654,7,30.68,-12.554
0,654,9,32.059,-13.371
0,654,11,31.774,-11.424
0,654,12,30.909,-11.603
0,654,13,33.425,-11.364
0,654,14,31.691,-11.001
0,655,3,36.949,-10.543
0,655,4,58.197,-36.198
0,655,6,0.016,0.104
0,655,7,30.775,-12.568
0,655,9,32.56,-13.671
0,655,11,31.855,-11.511
0,655,12,30.96,-11.647
0,655,13,33.52,-11.44
0,655,14,31.785,-11.031
0,656,3,37.03,-10.653
0,656,4,58.51,-36.549
0,656,6,-0.119,0.093
0,656,7,30.872,-12.582
0,656,9,32.222,-13.452
0,656,11,31.84,-11.53
0,656,12,31.032,-11.697
0,656,13,33.616,-11.517
0,656,14,31.901,-11.06
0,657,3,37.114,-10.764
0,657,4,58.823,-36.9
0,657,6,-0.254,0.082
0,657,7,30.978,-12.677
0,657,9,32.037,-13.456
0,657,11,31.797,-11.529
0,657,12,31.086,-11.742
0,657,13,33.731,-11.917
0,657,14,31.937,-11.155
0,658,3,37.198,-10.874
0,658,4,59.138,-37.253
0,658,6,-0.388,0.071
0,658,7,31.074,-12.705
0,658,9,32.462,-13.568
0,658,11,31.64,-11.413
0,658,12,31.134,-11.779
0,658,13,33.888,-12.102
0,658,14,32.031,-11.215
0,659,3,37.281,-10.985
0,659,4,59.45,-37.604
0,659,6,-0.522,0.06
0,659,7,31.194,-12.718
0,659,9,32.917,-13.679
0,659,11,31.236,-11.2
0,659,12,31.185,-11.799
0,659,13,34.086,-12.232
0,659,14,32.109,-11.257
0,660,3,37.365,-11.095
0,660,4,59.763,-37.956
0,660,6,-0.656,0.05
0,660,7,31.282,-12.768
0,660,9,32.956,-13.809
0,660,11,31.213,-11.135
0,660,12,31.239,-11.835
0,660,13,34.194,-12.346
0,660,14,32.196,-11.283
0,661,3,37.448,-11.206
0,661,4,60.075,-38.308
0,661,6,-0.791,0.039
0,661,7,31.448,-12.858
0,661,9,33.066,-13.869
0,661,11,31.211,-11.082
0,661,12,31.295,-11.871
0,661,13,33.294,-12.118
0,661,14,32.279,-11.328
0,662,3,37.531,-11.315
0,662,4,60.388,-38.659
0,662,6,-0.926,0.03
0,662,7,31.523,-12.912
0,662,9,33.176,-13.928
0,662,11,31.208,-11.031
0,662,12,31.374,-11.931
0,662,13,33.301,-12.246
0,662,14,32.363,-11.369
0,663,3,37.614,-11.424
0,663,4,60.701,-39.011
0,663,6,-1.062,0.021
0,663,7,31.593,-12.952
0,663,9,33.167,-13.948
0,663,11,31.239,-11.082
0,663,12,31.448,-11.985
0,663,13,33.361,-12.308
0,663,14,32.455,-11.433
0,664,3,37.697,-11.534
0,664,4,61.014,-39.362
0,664,6,-1.199,0.011
0,664,7,31.662,-12.983
0,664,9,33.282,-14.012
0,664,11,31.228,-11.053
0,664,12,31.508,-12.02
0,664,13,33.414,-12.382
0,664,14,32.519,-11.511
0,665,3,37.78,-11.645
0,665,4,61.329,-39.714
0,665,6,-1.335,0.002
0,665,7,31.708,-13.007
0,665,9,33.395,-14.076
0,665,11,31.053,-11.339
0,665,12,31.558,-12.055
0,665,13,33.462,-12.418
0,665,14,32.603,-11.578
0,666,3,37.864,-11.755
0,666,4,61.641,-40.065
0,666,6,-1.472,-0.007
0,666,7,31.766,-13.031
0,666,9,33.508,-14.141
0,666,11,31.063,-11.432
0,666,12,32.263,-12.193
0,666,13,33.533,-12.494
0,666,14,32.705,-11.65
0,667,3,37.947,-11.866
0,667,4,61.954,-40.415
0,667,6,-1.61,-0.017
0,667,7,32.17,-13.228
0,667,9,33.622,-14.206
0,667,11,31.027,-11.496
0,667,12,32.355,-12.3
0,667,13,33.579,-12.569
0,667,14,32.781,-11.745
0,668,3,38.032,-11.977
0,668,4,62.267,-40.766
0,668,6,-1.748,-0.028
0,668,7,32.242,-13.254
0,668,9,33.734,-14.272
0,668,11,30.951,-11.55
0,668,12,32.444,-12.363
0,668,13,33.624,-12.645
0,668,14,32.852,-11.841
0,669,3,38.117,-12.086
0,669,4,62.578,-41.117
0,669,6,-1.885,-0.036
0,669,7,32.405,-13.321
0,669,9,33.847,-14.338
0,669,11,30.9,-11.606
0,669,12,32.534,-12.413
0,669,13,33.669,-12.721
0,669,14,32.948,-12.02
0,670,3,38.199,-12.197
0,670,4,62.889,-41.466
0,670,6,-2.022,-0.046
0,670,7,32.486,-13.369
0,670,9,34.648,-14.608
0,670,11,30.851,-11.662
0,670,12,32.308,-12.366
0,670,13,33.716,-12.797
0,670,14,32.997,-12.122
0,671,3,38.281,-12.308
0,671,4,63.199,-41.818
0,671,6,-2.157,-0.055
0,671,7,32.574,-13.419
0,671,9,35.227,-14.842
0,671,11,30.8,-11.718
0,671,12,32.365,-12.396
0,671,13,33.763,-12.872
0,671,14,33.044,-12.206
0,672,3,38.364,-12.42
0,672,4,63.507,-42.169
0,672,6,-2.292,-0.063
0,672,7,32.614,-13.45
0,672,9,31.982,-13.226
0,672,11,30.75,-11.774
0,672,12,32.221,-12.347
0,672,13,33.811,-12.947
0,672,14,32.923,-12.231
0,673,3,38.447,-12.533
0,673,4,63.815,-42.521
0,673,6,-2.427,-0.074
0,673,7,32.693,-13.504
0,673,9,32.192,-13.21
0,673,11,30.701,-11.828
0,673,12,32.237,-12.385
0,673,13,33.858,-13.023
0,673,14,32.985,-12.252
0,674,3,38.533,-12.646
0,674,4,64.123,-42.875
0,674,6,-2.562,-0.084
0,674,7,32.775,-13.556
0,674,9,32.403,-13.193
0,674,11,30.65,-11.883
0,674,12,32.254,-12.41
0,674,13,33.907,-13.099
0,674,14,33.049,-12.268
0,675,3,38.617,-12.76
0,675,4,64.431,-43.227
0,675,6,-2.696,-0.095
0,675,7,32.855,-13.603
0,675,9,32.615,-13.175
0,675,11,30.6,-11.938
0,675,12,32.267,-12.45
0,675,13,33.893,-13.353
0,675,14,33.099,-12.295
0,676,3,38.701,-12.874
0,676,4,64.74,-43.58
0,676,6,-2.829,-0.104
0,676,7,32.933,-13.647
0,676,9,32.828,-13.158
0,676,11,30.551,-11.994
0,676,12,32.276,-12.485
0,676,13,33.929,-13.448
0,676,14,33.14,-12.307
0,677,3,38.785,-12.988
0,677,4,65.047,-43.933
0,677,6,-2.962,-0.114
0,677,7,33.002,-13.671
0,677,9,32.42,-12.45
0,677,11,30.503,-12.05
0,677,12,32.296,-12.537
0,677,13,33.967,-13.542
0,677,14,33.183,-12.337
0,678,3,38.869,-13.102
0,678,4,65.356,-44.287
0,678,6,-3.096,-0.124
0,678,7,33.074,-13.693
0,678,9,32.682,-12.376
0,678,11,30.454,-12.105
0,678,12,32.318,-12.585
0,678,13,34.006,-13.636
0,678,14,33.238,-12.373
0,679,3,38.952,-13.215
0,679,4,65.664,-44.641
0,679,6,-3.229,-0.132
0,679,7,33.118,-13.749
0,679,9,32.944,-12.283
0,679,11,30.405,-12.161
0,679,12,32.335,-12.638
0,679,13,34.045,-13.73
0,679,14,33.292,-12.408
0,680,3,39.033,-13.327
0,680,4,65.971,-44.995
0,680,6,-3.362,-0.141
0,680,7,33.184,-13.797
0,680,9,33.205,-12.19
0,680,11,30.244,-12.3
0,680,12,32.346,-12.675
0,680,14,33.354,-12.45
0,681,3,39.115,-13.438
0,681,4,66.278,-45.348
0,681,6,-3.497,-0.15
0,681,7,33.246,-13.84
0,681,9,33.467,-12.098
0,681,11,30.295,-12.337
0,681,12,32.369,-12.729
0,681,14,33.401,-12.498
0,682,3,39.196,-13.548
0,682,4,66.585,-45.702
0,682,6,-3.629,-0.16
0,682,7,33.345,-13.907
0,682,9,33.728,-12.007
0,682,11,30.417,-12.458
0,682,12,33.703,-13.288
0,682,14,33.415,-12.552
0,683,3,39.276,-13.658
0,683,4,66.894,-46.057
0,683,6,-3.763,-0.169
0,683,7,33.46,-13.988
0,683,9,33.99,-11.93
0,683,11,30.319,-12.438
0,683,12,33.834,-13.386
0,683,14,33.441,-12.597
0,684,3,39.356,-13.767
0,684,4,67.201,-46.412
0,684,6,-3.897,-0.177
0,684,7,33.583,-14.056
0,684,9,35.32,-12.278
0,684,11,29.734,-12.181
0,684,12,33.974,-13.485
0,684,14,33.426,-12.62
0,685,3,45.144,-18.293
0,685,4,67.509,-46.767
0,685,6,-4.029,-0.186
0,685,7,33.681,-14.114
0,685,9,35.348,-12.093
0,685,11,29.574,-12.081
0,685,12,34.124,-13.58
0,685,14,33.438,-12.664
0,686,3,45.539,-18.604
0,686,4,67.816,-47.12
0,686,6,-4.162,-0.195
0,686,7,33.733,-14.187
0,686,9,35.644,-12.214
0,686,11,29.502,-12.159
0,686,12,34.293,-13.677
0,686,14,33.416,-12.715
0,687,3,47.076,-19.37
0,687,4,68.121,-47.473
0,687,6,-4.295,-0.204
0,687,7,33.785,-14.256
0,687,9,35.625,-12.155
0,687,11,29.351,-12.153
0,687,12,34.358,-13.895
0,687,14,33.441,-12.767
0,688,3,50.336,-20.965
0,688,4,68.428,-47.824
0,688,6,-4.427,-0.214
0,688,7,33.861,-14.322
0,688,9,35.908,-12.158
0,688,11,29.684,-12.217
0,688,12,34.497,-13.966
0,688,14,33.446,-12.812
0,688,15,34.24,-11.05
0,689,3,47.958,-20.042
0,689,4,68.735,-48.178
0,689,6,-4.56,-0.222
0,689,7,34.121,-14.27
0,689,9,36.191,-12.16
0,689,11,29.719,-12.201
0,689,12,34.683,-14.021
0,689,14,33.468,-12.857
0,689,15,34.209,-11.174
0,690,3,48.202,-20.27
0,690,4,69.041,-48.532
0,690,6,-4.694,-0.232
0,690,7,34.222,-14.288
0,690,9,36.473,-12.163
0,690,11,29.78,-12.225
0,690,12,34.863,-14.085
0,690,14,33.494,-12.891
0,690,15,33.956,-11.035
0,691,3,48.032,-20.262
0,691,4,69.35,-48.886
0,691,6,-4.826,-0.243
0,691,7,34.332,-14.287
0,691,9,36.756,-12.167
0,691,11,29.851,-12.271
0,691,12,35.022,-14.149
0,691,14,33.565,-12.949
0,691,15,33.553,-10.644
0,692,3,47.902,-20.402
0,692,4,69.661,-49.24
0,692,6,-4.96,-0.253
0,692,7,34.453,-14.278
0,692,9,36.791,-11.27
0,692,11,29.848,-12.269
0,692,12,35.146,-14.218
0,692,14,33.55,-13.008
0,692,15,33.478,-10.48
0,693,3,47.883,-20.581
0,693,4,69.973,-49.597
0,693,6,-5.092,-0.262
0,693,7,34.55,-14.294
0,693,9,37.047,-11.131
0,693,11,29.845,-12.267
0,693,12,35.314,-14.291
0,693,14,33.575,-13.07
0,693,15,33.036,-10.159
0,694,3,47.665,-20.689
0,694,4,70.283,-49.952
0,694,6,-7.59,-0.572
0,694,7,34.579,-14.311
0,694,11,29.1,-12.218
0,694,12,35.457,-14.382
0,694,14,33.607,-13.13
0,694,15,32.659,-9.811
0,695,3,47.596,-20.817
0,695,4,70.594,-50.307
0,695,6,-7.78,-0.62
0,695,7,34.696,-14.338
0,695,11,30.387,-12.756
0,695,12,35.602,-14.477
0,695,14,33.669,-13.207
0,695,15,32.362,-9.731
0,696,3,47.868,-21.034
0,696,4,70.906,-50.662
0,696,6,-7.969,-0.669
0,696,7,34.406,-14.289
0,696,11,30.485,-12.839
0,696,12,35.755,-14.572
0,696,14,34.345,-13.504
0,696,15,31.921,-9.441
0,697,3,48.354,-21.28
0,697,4,71.216,-51.016
0,697,6,-8.159,-0.716
0,697,7,34.282,-14.316
0,697,11,30.374,-12.904
0,697,12,35.913,-14.673
0,697,14,34.503,-13.612
0,697,15,31.505,-9.224
0,698,3,48.868,-21.496
0,698,4,71.529,-51.369
0,698,6,-10.708,-1.282
0,698,7,34.357,-14.409
0,698,11,30.355,-12.967
0,698,12,36.063,-14.767
0,698,14,34.583,-13.688
0,698,15,31.119,-9.136
0,699,3,48.799,-21.449
0,699,4,71.841,-51.721
0,699,6,-10.968,-1.427
0,699,7,34.374,-14.463
0,699,11,30.335,-13.03
0,699,12,36.214,-14.862
0,699,14,34.663,-13.754
0,699,15,30.702,-8.953
0,700,3,49.125,-21.575
0,700,4,72.154,-52.074
0,700,6,-11.226,-1.572
0,700,7,34.426,-14.51
0,700,11,30.315,-13.096
0,700,12,36.404,-14.986
0,700,14,34.735,-13.834
0,700,15,30.216,-8.745
0,701,3,49.364,-21.672
0,701,4,72.468,-52.427
0,701,6,-11.483,-1.718
0,701,7,34.398,-14.499
0,701,11,30.179,-13.165
0,701,12,36.541,-15.08
0,701,14,34.809,-13.91
0,701,15,29.793,-8.66
0,702,3,49.564,-21.733
0,702,4,72.781,-52.783
0,702,6,-11.74,-1.865
0,702,7,34.456,-14.539
0,702,12,36.665,-15.154
0,702,14,34.883,-13.982
0,702,15,29.516,-8.541
0,703,3,49.755,-21.824
0,703,4,73.094,-53.138
0,703,6,-11.998,-2.011
0,703,7,34.833,-14.759
0,703,12,36.795,-15.234
0,703,14,34.959,-14.053
0,703,15,29.015,-8.308
0,704,3,49.946,-21.915
0,704,4,73.406,-53.492
0,704,6,-12.257,-2.158
0,704,7,34.74,-14.76
0,704,12,36.973,-15.361
0,704,14,35.044,-14.111
0,704,15,28.586,-8.212
0,705,3,49.937,-21.981
0,705,4,73.718,-53.846
0,705,6,-12.515,-2.304
0,705,7,34.789,-14.817
0,705,12,37.096,-15.437
0,705,14,35.145,-14.164
0,705,15,28.235,-8.052
0,706,3,50.126,-22.082
0,706,4,74.03,-54.2
0,706,6,-12.773,-2.451
0,706,7,34.837,-14.874
0,706,12,37.235,-15.537
0,706,14,35.225,-14.24
0,706,15,27.765,-7.888
0,707,3,50.313,-22.183
0,707,4,74.342,-54.555
0,707,6,-13.032,-2.598
0,707,7,35.025,-15.009
0,707,12,37.361,-15.613
0,707,14,35.297,-14.307
0,707,15,27.338,-7.779
0,708,3,50.501,-22.283
0,708,4,74.653,-54.91
0,708,6,-13.292,-2.747
0,708,7,35.074,-15.072
0,708,12,37.502,-15.699
0,708,14,35.358,-14.383
0,708,15,27.018,-7.675
0,709,3,50.165,-22.321
0,709,4,74.965,-55.265
0,709,6,-13.552,-2.896
0,709,7,35.12,-15.134
0,709,12,37.594,-15.754
0,709,14,35.411,-14.449
0,709,15,26.581,-7.514
0,710,3,50.224,-22.428
0,710,4,75.277,-55.621
0,710,6,-13.812,-3.044
0,710,7,35.168,-15.197
0,710,12,37.711,-15.838
0,710,14,35.472,-14.52
0,710,15,26.162,-7.414
0,711,3,50.417,-22.571
0,711,4,75.589,-55.977
0,711,6,-14.072,-3.192
0,711,7,35.326,-15.395
0,711,12,37.843,-15.917
0,711,14,35.532,-14.586
0,711,15,25.873,-7.272
0,712,3,50.612,-22.714
0,712,4,75.901,-56.334
0,712,6,-14.332,-3.34
0,712,7,35.248,-15.39
0,712,12,37.976,-16.011
0,712,14,35.584,-14.648
0,712,15,25.391,-7.164
0,713,3,51.573,-23.044
0,713,4,76.21,-56.688
0,713,6,-14.593,-3.488
0,713,7,34.826,-15.236
0,713,12,37.957,-16.046
0,713,14,35.665,-14.733
0,713,15,24.959,-7.077
0,714,3,51.805,-23.117
0,714,4,76.521,-57.043
0,714,6,-14.853,-3.636
0,714,7,34.186,-14.989
0,714,12,38.09,-16.136
0,714,14,35.713,-14.792
0,714,15,24.654,-6.948
0,715,3,51.78,-22.937
0,715,4,76.831,-57.4
0,715,6,-15.115,-3.784
0,715,7,33.939,-14.873
0,715,12,38.256,-16.174
0,715,14,35.759,-14.852
0,715,15,24.209,-6.868
0,716,3,50.889,-22.399
0,716,4,77.141,-57.756
0,716,6,-15.377,-3.933
0,716,7,33.934,-14.894
0,716,12,38.35,-16.269
0,716,14,35.828,-14.97
0,716,15,23.783,-6.837
0,717,3,50.435,-22.078
0,717,4,77.451,-58.112
0,717,6,-15.638,-4.083
0,717,7,33.927,-14.917
0,717,12,38.328,-16.194
0,717,14,35.904,-15.096
0,717,15,23.133,-6.719
0,718,3,50.717,-22.101
0,718,4,77.761,-58.467
0,718,6,-15.9,-4.232
0,718,7,33.92,-14.941
0,718,12,38.553,-16.261
0,718,14,35.959,-15.187
0,718,15,22.58,-6.6
0,719,3,50.999,-22.123
0,719,4,78.073,-58.823
0,719,6,-16.162,-4.382
0,719,7,33.913,-14.966
0,719,12,38.698,-16.315
0,719,14,36.015,-15.278
0,719,15,22.103,-6.578
0,720,3,51.282,-22.144
0,720,4,78.383,-59.178
0,720,6,-15.714,-5.061
0,720,7,33.907,-14.991
0,720,12,38.839,-16.412
0,720,14,36.072,-15.371
0,720,15,21.637,-6.475
0,721,3,51.563,-22.165
0,721,4,78.694,-59.532
0,721,6,-16.425,-5.34
0,721,7,33.415,-15.082
0,721,12,38.889,-16.441
0,721,14,36.128,-15.463
0,721,15,21.132,-6.455
0,722,3,51.844,-22.186
0,722,4,79.005,-59.887
0,722,6,-16.728,-5.517
0,722,7,33.38,-15.143
0,722,12,39.027,-16.508
0,722,14,36.184,-15.556
0,722,15,20.641,-6.418
0,723,3,52.125,-22.206
0,723,4,79.316,-60.241
0,723,6,-17.032,-5.692
0,723,7,33.344,-15.204
0,723,12,39.165,-16.574
0,723,14,36.241,-15.648
0,723,15,20.362,-6.398
0,724,3,52.407,-22.226
0,724,4,79.627,-60.594
0,724,6,-17.337,-5.867
0,724,7,33.309,-15.266
0,724,12,39.304,-16.64
0,724,14,36.298,-15.742
0,724,15,19.918,-6.318
0,725,3,52.689,-22.245
0,725,4,79.938,-60.946
0,725,6,-17.642,-6.043
0,725,7,33.274,-15.327
0,725,12,39.443,-16.705
0,725,14,36.357,-15.835
0,725,15,19.476,-6.261
0,726,3,52.971,-22.265
0,726,4,80.248,-61.299
0,726,6,-17.947,-6.217
0,726,7,33.239,-15.389
0,726,12,39.584,-16.772
0,726,14,36.415,-15.928
0,726,15,19.167,-6.25
0,727,3,53.253,-22.283
0,727,4,80.559,-61.651
0,727,6,-18.253,-6.392
0,727,7,33.203,-15.45
0,727,12,39.723,-16.838
0,727,14,36.475,-16.02
0,727,15,18.761,-6.263
0,728,3,53.534,-22.3
0,728,4,80.87,-62.003
0,728,6,-18.452,-5.965
0,728,7,33.166,-15.511
0,728,12,39.861,-16.905
0,728,14,36.535,-16.112
0,728,15,18.334,-6.291
0,729,3,50.465,-19.048
0,729,4,81.18,-62.356
0,729,6,-19.222,-6.185
0,729,7,33.13,-15.572
0,729,12,40.0,-16.971
0,729,14,36.594,-16.204
0,729,15,17.962,-6.258
0,730,3,50.775,-18.923
0,730,4,81.49,-62.709
0,730,6,-19.983,-6.42
0,730,7,33.094,-15.634
0,730,12,40.136,-17.035
0,730,14,36.653,-16.295
0,730,15,17.474,-6.309
0,731,3,51.085,-18.799
0,731,4,81.802,-63.062
0,731,6,-20.579,-6.615
0,731,7,33.056,-15.697
0,731,12,40.271,-17.101
0,731,14,36.714,-16.386
0,731,15,17.029,-6.358
0,732,3,52.016,-19.214
0,732,4,82.114,-63.416
0,732,6,-21.318,-6.853
0,732,7,33.02,-15.762
0,732,12,40.409,-17.165
0,732,14,36.775,-16.477
0,732,15,16.676,-6.375
0,733,3,52.356,-19.14
0,733,4,82.425,-63.77
0,733,6,-21.889,-7.042
0,733,7,32.983,-15.826
0,733,12,41.056,-16.757
0,733,14,36.837,-16.568
0,733,15,16.198,-6.386
0,734,3,52.697,-19.066
0,734,4,82.735,-64.125
0,734,6,-22.324,-7.182
0,734,7,32.945,-15.891
0,734,12,41.223,-16.761
0,734,14,36.9,-16.66
0,734,15,15.756,-6.44
0,735,3,53.036,-18.992
0,735,4,83.046,-64.48
0,735,6,-22.76,-7.323
0,735,7,32.907,-15.954
0,735,12,41.391,-16.766
0,735,14,36.961,-16.752
0,735,15,15.417,-6.458
0,736,3,53.377,-18.919
0,736,4,83.357,-64.837
0,736,6,-23.196,-7.463
0,736,7,32.87,-16.019
0,736,12,41.558,-16.771
0,736,14,37.021,-16.844
0,736,15,14.936,-6.504
0,737,3,53.717,-18.844
0,737,4,83.666,-65.193
0,737,6,-23.63,-7.603
0,737,7,32.833,-16.083
0,737,12,41.724,-16.777
0,737,14,37.081,-16.936
0,737,15,14.51,-6.535
0,738,3,54.056,-18.771
0,738,4,83.975,-65.548
0,738,6,-24.063,-7.744
0,738,7,32.795,-16.147
0,738,12,41.891,-16.782
0,738,14,37.201,-17.62
0,738,15,14.141,-6.574
0,739,3,54.396,-18.697
0,739,4,84.282,-65.902
0,739,6,-24.495,-7.883
0,739,7,32.757,-16.211
0,739,12,42.057,-16.789
0,739,14,37.278,-17.626
0,739,15,13.684,-6.678
0,740,3,54.736,-18.625
0,740,4,84.59,-66.256
0,740,6,-24.928,-8.022
0,740,7,32.72,-16.277
0,740,12,42.223,-16.794
0,740,14,37.334,-17.748
0,740,15,13.101,-6.678
0,741,3,55.076,-18.553
0,741,4,84.899,-66.607
0,741,6,-25.36,-8.16
0,741,7,32.684,-16.342
0,741,12,42.39,-16.8
0,741,14,35.943,-17.606
0,741,15,12.811,-6.744
0,742,3,55.416,-18.483
0,742,4,85.206,-66.959
0,742,6,-25.792,-8.299
0,742,7,32.647,-16.406
0,742,12,42.557,-16.806
0,742,14,35.901,-17.764
0,742,15,12.395,-6.788
0,743,3,55.757,-18.413
0,743,4,85.515,-67.312
0,743,6,-26.223,-8.438
0,743,7,32.61,-16.471
0,743,12,42.725,-16.813
0,743,14,35.858,-17.923
0,743,15,11.789,-6.857
0,744,3,56.098,-18.342
0,744,4,85.826,-67.663
0,744,6,-26.655,-8.578
0,744,7,32.574,-16.535
0,744,12,42.891,-16.82
0,744,14,35.813,-18.084
0,744,15,11.167,-6.905
0,745,3,56.44,-18.272
0,745,4,86.137,-68.014
0,745,6,-27.087,-8.718
0,745,7,32.538,-16.598
0,745,12,43.057,-16.828
0,745,14,35.767,-18.245
0,745,15,10.658,-6.964
0,746,3,56.783,-18.2
0,746,4,86.448,-68.367
0,746,6,-27.521,-8.858
0,746,7,32.503,-16.662
0,746,12,43.224,-16.836
0,746,14,35.72,-18.407
0,746,15,10.296,-7.034
0,747,3,57.126,-18.131
0,747,4,86.76,-68.718
0,747,6,-27.953,-8.999
0,747,7,32.467,-16.726
0,747,12,43.391,-16.843
0,747,14,35.673,-18.567
0,747,15,9.813,-7.102
0,748,3,57.469,-18.06
0,748,4,87.073,-69.07
0,748,6,-28.386,-9.139
0,748,7,32.431,-16.79
0,748,12,43.559,-16.852
0,748,14,35.627,-18.727
0,748,15,9.346,-7.166
0,749,3,57.813,-17.989
0,749,4,87.388,-69.421
0,749,6,-28.819,-9.281
0,749,7,32.393,-16.856
0,749,12,43.727,-16.861
0,749,14,35.578,-18.886
0,749,15,9.018,-7.22
0,750,3,58.156,-17.918
0,750,4,87.702,-69.776
0,750,6,-29.252,-9.423
0,750,7,32.356,-16.921
0,750,12,43.897,-16.871
0,750,14,35.531,-19.045
0,750,15,8.59,-7.295
0,751,3,58.5,-17.848
0,751,4,88.016,-70.131
0,751,6,-29.808,-9.574
0,751,7,32.319,-16.985
0,751,12,44.065,-16.879
0,751,14,35.48,-19.205
0,751,15,8.162,-7.36
0,752,3,58.844,-17.777
0,752,4,88.329,-70.486
0,752,6,-30.239,-9.701
0,752,7,32.283,-17.05
0,752,12,44.232,-16.887
0,752,14,35.43,-19.364
0,752,15,7.735,-7.425
0,753,3,59.187,-17.706
0,753,4,88.643,-70.841
0,753,6,-30.67,-9.826
0,753,7,32.248,-17.116
0,753,12,44.4,-16.896
0,753,14,35.378,-19.522
0,753,15,7.308,-7.489
0,754,3,59.53,-17.635
0,754,4,88.956,-71.197
0,754,6,-31.102,-9.949
0,754,7,32.212,-17.183
0,754,12,44.567,-16.905
0,754,14,35.327,-19.682
0,754,15,6.88,-7.554
0,755,3,59.875,-17.565
0,755,4,89.27,-71.552
0,755,6,-31.535,-10.072
0,755,7,32.176,-17.25
0,755,12,44.734,-16.912
0,755,14,35.275,-19.841
0,755,15,6.452,-7.618
0,756,3,60.219,-17.497
0,756,4,89.583,-71.907
0,756,6,-31.97,-10.195
0,756,7,32.14,-17.318
0,756,12,44.901,-16.921
0,756,14,35.225,-20.001
0,756,15,6.024,-7.682
0,757,3,60.561,-17.428
0,757,4,89.895,-72.263
0,757,6,-32.405,-10.317
0,757,7,32.103,-17.386
0,757,12,45.069,-16.93
0,757,14,35.174,-20.16
0,757,15,5.598,-7.746
0,758,3,60.904,-17.36
0,758,4,90.205,-72.619
0,758,6,-32.838,-10.44
0,758,7,32.066,-17.455
0,758,12,45.234,-16.939
0,758,14,35.123,-20.319
0,758,15,5.17,-7.811
0,759,3,61.245,-17.292
0,759,4,90.514,-72.977
0,759,6,-33.272,-10.563
0,759,7,32.029,-17.523
0,759,12,39.281,-8.703
0,759,14,35.073,-20.478
0,759,15,4.743,-7.876
0,760,3,61.586,-17.224
0,760,4,90.825,-73.332
0,760,6,-33.705,-10.685
0,760,7,31.992,-17.592
0,760,12,39.373,-8.345
0,760,15,4.314,-7.941
0,761,3,61.93,-17.155
0,761,4,91.135,-73.687
0,761,6,-34.139,-10.807
0,761,7,31.955,-17.663
0,761,12,39.466,-7.987
0,761,15,3.885,-8.006
0,762,3,62.274,-17.087
0,762,4,91.445,-74.043
0,762,6,-35.507,-10.458
0,762,7,31.919,-17.732
0,762,12,39.559,-7.629
0,762,15,3.455,-8.072
0,763,3,62.618,-17.016
0,763,4,91.753,-74.398
0,763,6,-36.003,-10.496
0,763,7,31.881,-17.802
0,763,12,39.653,-7.271
0,763,15,3.025,-8.14
0,764,3,62.962,-16.946
0,764,4,92.061,-74.754
0,764,6,-36.499,-10.535
0,764,7,31.843,-17.873
0,764,12,39.746,-6.916
0,764,15,2.594,-8.207
0,765,3,63.306,-16.878
0,765,4,92.368,-75.109
0,765,6,-36.994,-10.573
0,765,7,31.808,-17.943
0,765,12,39.841,-6.561
0,765,15,2.164,-8.273
0,766,3,63.65,-16.81
0,766,4,92.678,-75.464
0,766,6,-36.844,-10.195
0,766,7,31.771,-18.014
0,766,12,39.935,-6.206
0,766,15,1.731,-8.34
0,767,3,63.992,-16.741
0,767,4,92.989,-75.818
0,767,6,-37.325,-10.166
0,767,7,31.734,-18.084
0,767,12,40.028,-5.85
0,767,15,1.298,-8.409
0,768,3,64.333,-16.674
0,768,4,93.298,-76.172
0,768,6,-37.804,-10.138
0,768,7,31.698,-18.153
0,768,12,40.119,-5.494
0,768,15,0.866,-8.479
0,769,3,64.674,-16.607
0,769,4,93.609,-76.526
0,769,6,-38.284,-10.109
0,769,7,31.662,-18.221
0,769,12,40.21,-5.138
0,769,15,0.434,-8.548
0,770,3,65.015,-16.54
0,770,4,93.92,-76.88
0,770,6,-38.765,-10.079
0,770,7,31.626,-18.29
0,770,12,40.299,-4.782
0,770,15,0.002,-8.618
0,771,3,65.353,-16.472
0,771,4,94.231,-77.236
0,771,6,-39.246,-10.048
0,771,7,31.59,-18.36
0,771,12,40.388,-4.426
0,771,15,-0.43,-8.69
0,772,3,65.693,-16.405
0,772,4,94.543,-77.591
0,772,6,-31.649,-8.621
0,772,7,31.555,-18.428
0,772,12,40.478,-4.071
0,773,3,66.031,-16.337
0,773,4,94.857,-77.946
0,773,6,-30.606,-8.394
0,773,7,31.52,-18.497
0,773,12,40.567,-3.715
0,774,3,66.368,-16.267
0,774,4,95.171,-78.302
0,774,6,-30.983,-8.519
0,774,7,31.484,-18.566
0,774,12,40.657,-3.36
0,775,3,66.705,-16.199
0,775,4,95.486,-78.661
0,775,6,-31.359,-8.642
0,775,7,31.449,-18.634
0,775,12,40.75,-3.004
0,776,3,67.041,-16.129
0,776,4,95.8,-79.02
0,776,6,-31.735,-8.764
0,776,12,40.84,-2.649
0,777,3,67.376,-16.06
0,777,4,96.115,-79.381
0,777,6,-32.112,-8.887
0,777,12,40.931,-2.292
0,778,3,67.71,-15.992
0,778,4,96.428,-79.738
0,778,6,-32.488,-9.01
0,778,12,41.022,-1.935
0,779,3,68.045,-15.925
0,779,4,96.74,-80.094
0,779,6,-32.863,-9.132
0,779,12,41.112,-1.577
0,780,3,68.382,-15.859
0,780,4,97.051,-80.449
0,780,6,-33.238,-9.254
0,780,12,41.203,-1.218
0,781,3,68.718,-15.792
0,781,4,97.363,-80.802
0,781,6,-33.611,-9.376
0,781,12,41.294,-0.859
0,782,3,69.054,-15.725
0,782,4,97.673,-81.156
0,782,6,-33.986,-9.498
0,782,12,41.384,-0.499
0,783,3,69.39,-15.658
0,783,4,97.984,-81.509
0,783,6,-34.335,-9.702
0,783,12,41.475,-0.139
0,784,3,69.726,-15.592
0,784,4,98.294,-81.861
0,784,6,-34.711,-9.834
0,784,12,41.566,0.22
0,785,3,70.061,-15.525
0,785,4,98.604,-82.214
0,785,6,-35.086,-9.965
0,785,12,41.655,0.58
0,786,3,70.397,-15.458
0,786,4,98.916,-82.567
0,786,6,-35.461,-10.096
0,786,12,41.744,0.939
0,787,3,70.733,-15.393
0,787,4,99.226,-82.918
0,787,6,-35.837,-10.228
0,787,12,41.832,1.297
0,788,3,71.072,-15.328
0,788,4,99.536,-83.272
0,788,6,-36.213,-10.362
0,788,12,43.38,3.063
0,789,3,71.411,-15.262
0,789,4,99.848,-83.624
0,789,6,-36.589,-10.494
0,789,12,43.531,3.475
0,790,3,71.749,-15.195
0,790,4,100.159,-83.977
0,790,6,-36.966,-10.625
0,790,12,43.684,3.887
0,791,3,72.088,-15.128
0,791,4,100.469,-84.328
0,791,6,-37.343,-10.757
0,791,12,43.835,4.298
0,792,3,72.427,-15.06
0,792,4,100.776,-84.681
0,792,6,-37.721,-10.888
0,792,12,43.986,4.709
0,793,3,72.766,-14.991
0,793,4,101.084,-85.036
0,793,6,-38.097,-11.018
0,793,12,44.136,5.121
0,794,3,73.104,-14.92
0,794,4,101.393,-85.389
0,794,6,-38.439,-10.638
0,794,12,44.287,5.532
0,795,3,73.44,-14.85
0,795,4,101.702,-85.743
0,795,6,-38.763,-10.682
0,795,12,44.437,5.944
0,796,3,73.778,-14.78
0,796,4,102.01,-86.097
0,796,6,-39.381,-10.867
0,796,12,44.589,6.355
0,797,3,74.113,-14.71
0,797,4,102.319,-86.451
0,797,6,-39.78,-10.953
0,797,12,44.741,6.766
0,798,3,74.45,-14.64
0,798,4,102.631,-86.804
0,798,6,-40.179,-11.04
0,798,12,44.894,7.178
0,799,3,74.788,-14.571
0,799,4,102.943,-87.156
0,799,6,-40.579,-11.126
0,799,12,45.048,7.589
0,800,3,75.124,-14.501
0,800,4,103.255,-87.507
0,800,6,-41.227,-11.211
0,800,12,45.201,8.0
0,801,3,75.462,-14.433
0,801,4,103.566,-87.858
0,801,6,-41.648,-11.288
0,801,12,45.353,8.411
0,802,3,75.8,-14.363
0,802,4,103.878,-88.209
0,802,6,-42.269,-11.452
0,802,12,45.507,8.821
0,803,3,76.137,-14.293
0,803,4,104.192,-88.56
0,803,6,-42.714,-11.572
0,803,12,45.661,9.232
0,804,3,76.473,-14.222
0,804,4,104.502,-88.911
0,804,6,-43.148,-11.672
0,804,12,45.813,9.642
0,805,3,76.808,-14.15
0,805,4,104.811,-89.261
0,805,6,-43.597,-11.81
0,805,12,45.965,10.053
0,806,3,77.143,-14.079
0,806,4,105.121,-89.609
0,806,6,-44.101,-11.953
0,806,12,46.116,10.464
0,807,3,77.475,-14.006
0,807,4,105.43,-89.959
0,807,6,-44.538,-12.073
0,807,12,46.268,10.874
0,808,3,77.808,-13.934
0,808,4,105.74,-90.309
0,808,6,-44.976,-12.192
0,808,12,46.419,11.285
0,809,3,78.141,-13.862
0,809,4,106.048,-90.66
0,809,6,-45.414,-12.311
0,809,12,46.571,11.694
0,810,3,78.475,-13.791
0,810,6,-45.852,-12.431
0,810,12,46.723,12.105
0,811,3,78.808,-13.72
0,811,6,-46.29,-12.552
0,811,12,46.875,12.514
0,812,3,79.14,-13.648
0,812,6,-46.729,-12.673
0,812,12,47.027,12.924
0,813,3,79.472,-13.575
0,813,6,-47.166,-12.795
0,813,12,46.585,13.66
0,814,3,79.804,-13.501
0,814,6,-47.602,-12.916
0,814,12,47.299,14.081
0,815,3,80.137,-13.426
0,815,6,-48.04,-13.036
0,815,12,47.457,14.456
0,816,3,80.47,-13.35
0,816,6,-46.577,-11.602
0,816,12,47.615,14.831
0,817,3,80.804,-13.274
0,817,6,-46.989,-11.576
0,817,12,47.771,15.208
0,818,3,81.138,-13.197
0,818,6,-47.401,-11.548
0,818,12,47.927,15.584
0,819,3,81.47,-13.119
0,819,6,-47.814,-11.521
0,819,12,48.083,15.961
0,820,3,81.802,-13.042
0,820,6,-49.551,-12.223
0,820,12,48.239,16.337
0,821,3,82.136,-12.966
0,821,6,-49.988,-12.301
0,821,12,48.396,16.713
0,822,3,82.468,-12.889
0,822,6,-50.424,-12.379
0,822,12,48.552,17.092
0,823,3,82.8,-12.813
0,823,6,-50.861,-12.458
0,823,12,48.71,17.471
0,823,16,17.45,3.02
0,824,3,83.133,-12.737
0,824,6,-51.296,-12.537
0,824,12,48.866,17.85
0,824,16,17.448,3.019
0,825,3,83.467,-12.66
0,825,6,-51.731,-12.615
0,825,12,49.022,18.228
0,825,16,17.446,3.022
0,826,3,83.801,-12.583
0,826,6,-52.167,-12.694
0,826,12,50.401,20.538
0,826,16,17.664,2.955
0,827,3,84.136,-12.507
0,827,6,-52.602,-12.774
0,827,12,50.473,20.898
0,827,16,17.728,2.945
0,828,3,84.471,-12.431
0,828,6,-53.04,-12.854
0,828,12,50.113,20.536
0,828,16,17.794,2.936
0,829,3,84.805,-12.356
0,829,6,-53.477,-12.935
0,829,12,51.016,20.852
0,829,16,17.859,2.926
0,830,3,85.141,-12.28
0,830,6,-53.913,-13.017
0,830,12,51.211,21.27
0,830,16,17.925,2.916
0,831,3,85.476,-12.204
0,831,6,-54.35,-13.098
0,831,12,51.407,21.689
0,831,16,17.992,2.906
0,832,3,85.81,-12.128
0,832,6,-54.785,-13.178
0,832,12,51.604,22.106
0,832,16,18.059,2.894
0,833,3,86.145,-12.054
0,833,6,-53.859,-13.582
0,833,12,51.802,22.524
0,833,16,18.124,2.883
0,834,3,86.482,-11.979
0,834,6,-54.254,-13.72
0,834,12,52.0,22.941
0,834,16,18.189,2.871
0,835,3,86.817,-11.904
0,835,6,-55.401,-13.936
0,835,12,52.196,23.358
0,835,16,18.254,2.859
0,836,3,87.156,-11.829
0,836,6,-55.82,-14.053
0,836,12,52.393,23.774
0,836,16,18.318,2.847
0,837,3,87.493,-11.753
0,837,6,-56.238,-14.169
0,837,12,52.591,24.19
0,837,16,18.382,2.834
0,838,3,87.831,-11.678
0,838,6,-56.654,-14.286
0,838,12,52.789,24.608
0,838,16,18.447,2.821
0,839,3,88.169,-11.603
0,839,6,-57.069,-14.403
0,839,12,52.987,25.024
0,839,16,18.511,2.807
0,840,3,88.509,-11.527
0,840,6,-57.484,-14.519
0,840,12,53.185,25.44
0,840,16,18.576,2.794
0,841,3,88.847,-11.453
0,841,6,-57.901,-14.636
0,841,12,53.385,25.857
0,841,16,18.64,2.781
0,842,3,89.185,-11.38
0,842,6,-58.318,-14.753
0,842,12,53.584,26.274
0,842,16,18.705,2.771
0,843,3,89.523,-11.307
0,843,6,-58.733,-14.871
0,843,12,53.784,26.69
0,843,16,18.768,2.76
0,844,3,89.86,-11.232
0,844,6,-59.15,-14.991
0,844,12,53.983,27.105
0,844,16,18.831,2.748
0,845,3,90.197,-11.159
0,845,6,-59.568,-15.11
0,845,12,54.181,27.519
0,845,16,18.892,2.737
0,846,3,90.534,-11.085
0,846,6,-59.986,-15.231
0,846,12,54.378,27.935
0,846,16,18.954,2.728
0,847,3,90.872,-11.011
0,847,6,-60.405,-15.352
0,847,12,54.575,28.351
0,847,16,19.015,2.719
0,848,3,91.208,-10.936
0,848,6,-60.823,-15.474
0,848,12,54.772,28.767
0,848,16,19.077,2.71
0,849,3,91.543,-10.861
0,849,6,-61.243,-15.596
0,849,12,54.969,29.183
0,849,16,19.139,2.701
0,849,17,20.55,2.38
0,850,3,91.881,-10.788
0,850,6,-61.661,-15.718
0,850,12,55.166,29.599
0,850,16,19.2,2.692
0,850,17,20.727,2.227
0,851,3,92.217,-10.714
0,851,6,-60.849,-17.259
0,851,12,55.363,30.015
0,851,16,19.263,2.683
0,851,17,20.789,2.098
0,852,3,92.551,-10.641
0,852,6,-61.219,-17.5
0,852,12,55.56,30.43
0,852,16,19.327,2.674
0,852,17,21.058,1.922
0,853,3,92.886,-10.568
0,853,6,-61.264,-17.287
0,853,12,55.757,30.845
0,853,16,19.391,2.663
0,853,17,21.277,1.737
0,854,3,93.222,-10.494
0,854,6,-61.601,-17.426
0,854,12,55.954,31.262
0,854,16,19.454,2.652
0,854,17,21.436,1.576
0,855,3,93.557,-10.421
0,855,6,-61.937,-17.563
0,855,16,19.518,2.642
0,855,17,21.65,1.403
0,856,3,93.893,-10.347
0,856,6,-63.331,-18.558
0,856,16,19.581,2.633
0,856,17,21.887,1.244
0,857,3,94.227,-10.275
0,857,6,-63.704,-18.826
0,857,16,19.646,2.622
0,857,17,22.076,1.061
0,858,3,94.563,-10.203
0,858,6,-64.078,-19.095
0,858,16,19.711,2.612
0,858,17,22.317,0.891
0,859,3,94.898,-10.132
0,859,6,-64.027,-18.945
0,859,16,19.776,2.602
0,859,17,22.59,0.638
0,860,3,95.234,-10.061
0,860,6,-64.477,-19.165
0,860,16,19.842,2.594
0,860,17,22.802,0.464
0,861,3,95.571,-9.989
0,861,6,-64.926,-19.382
0,861,16,17.543,3.348
0,861,17,22.953,0.294
0,862,3,95.907,-9.919
0,862,6,-65.375,-19.6
0,862,16,17.646,2.969
0,862,17,23.141,0.089
0,863,3,96.243,-9.849
0,863,6,-65.824,-19.817
0,863,16,17.551,2.906
0,863,17,23.336,-0.072
0,864,3,96.577,-9.779
0,864,6,-66.273,-20.036
0,864,16,17.457,2.842
0,864,17,23.446,-0.234
0,865,3,96.91,-9.709
0,865,6,-66.722,-20.253
0,865,16,17.386,2.897
0,865,17,23.604,-0.4
0,866,3,97.241,-9.637
0,866,6,-67.172,-20.471
0,866,16,17.299,2.879
0,866,17,23.776,-0.539
0,867,3,97.574,-9.567
0,867,6,-67.622,-20.688
0,867,16,17.214,2.862
0,867,17,23.866,-0.633
0,868,3,97.907,-9.496
0,868,6,-68.071,-20.907
0,868,16,17.36,3.059
0,868,17,24.036,-0.801
0,869,3,98.238,-9.425
0,869,6,-68.52,-21.126
0,869,16,17.327,3.089
0,869,17,24.195,-0.942
0,870,3,98.568,-9.354
0,870,6,-68.971,-21.344
0,870,16,17.294,3.12
0,870,17,24.319,-1.062
0,871,3,98.901,-9.282
0,871,6,-69.421,-21.562
0,871,16,17.262,3.15
0,871,17,24.5,-1.257
0,872,3,99.235,-9.211
0,872,6,-69.871,-21.778
0,872,16,17.23,3.179
0,872,17,24.656,-1.395
0,873,3,99.569,-9.139
0,873,6,-70.322,-21.994
0,873,16,17.668,2.94
0,873,17,24.739,-1.54
0,874,3,99.903,-9.069
0,874,6,-70.773,-22.208
0,874,16,17.716,2.925
0,874,17,24.88,-1.691
0,875,3,100.237,-8.999
0,875,6,-71.224,-22.422
0,875,16,17.764,2.909
0,875,17,25.025,-1.802
0,876,3,100.571,-8.928
0,876,6,-71.675,-22.636
0,876,16,17.812,2.893
0,876,17,25.098,-1.917
0,877,3,100.908,-8.857
0,877,6,-72.125,-22.85
0,877,16,17.861,2.876
0,877,17,25.197,-2.027
0,878,3,101.242,-8.784
0,878,6,-72.576,-23.065
0,878,16,17.91,2.859
0,878,17,25.324,-2.128
0,879,3,101.577,-8.712
0,879,6,-73.025,-23.281
0,879,16,17.959,2.843
0,879,17,25.341,-2.164
0,880,3,50.0,14.625
0,880,6,-73.473,-23.497
0,880,16,18.009,2.825
0,880,17,25.419,-2.25
0,881,3,49.691,14.757
0,881,6,-74.675,-22.937
0,881,16,18.058,2.807
0,881,17,25.52,-2.347
0,882,3,49.397,14.894
0,882,6,-75.17,-23.114
0,882,16,18.106,2.788
0,882,17,25.605,-2.443
0,883,3,49.149,15.043
0,883,6,-75.665,-23.293
0,883,16,18.153,2.769
0,883,17,25.673,-2.499
0,884,3,48.892,15.13
0,884,6,-76.16,-23.472
0,884,16,18.198,2.748
0,884,17,25.761,-2.605
0,885,3,48.662,14.965
0,885,6,-76.655,-23.649
0,885,16,18.244,2.727
0,885,17,25.819,-2.676
0,886,3,48.544,14.97
0,886,6,-77.149,-23.825
0,886,16,18.29,2.706
0,886,17,25.895,-2.716
0,887,3,48.311,15.005
0,887,6,-77.643,-24.002
0,887,16,18.334,2.684
0,887,17,25.98,-2.807
0,888,3,48.079,15.032
0,888,6,-78.409,-23.803
0,888,16,18.38,2.662
0,888,17,26.014,-2.859
0,889,3,47.858,14.996
0,889,6,-78.897,-23.915
0,889,16,18.424,2.64
0,889,17,26.132,-2.943
0,889,18,50.55,15.7
0,890,3,47.639,14.941
0,890,6,-79.385,-24.027
0,890,16,18.468,2.618
0,890,17,26.218,-3.025
0,890,18,50.549,15.714
0,891,3,47.418,14.914
0,891,6,-79.873,-24.138
0,891,16,18.511,2.596
0,891,17,26.258,-3.092
0,891,18,50.532,15.842
0,891,19,62.22,16.37
0,892,3,47.197,14.883
0,892,6,-80.361,-24.249
0,892,16,18.555,2.574
0,892,17,26.314,-3.185
0,892,18,50.562,15.843
0,892,19,62.145,16.641
0,893,3,46.975,14.862
0,893,6,-80.849,-24.359
0,893,16,18.597,2.554
0,893,17,26.384,-3.245
0,893,18,50.568,15.866
0,893,19,62.132,16.676
0,894,3,46.753,14.839
0,894,6,-81.338,-24.469
0,894,16,18.638,2.532
0,894,17,26.344,-3.252
0,894,18,50.643,15.729
0,894,19,62.202,16.603
0,895,3,46.532,14.818
0,895,6,-81.827,-24.578
0,895,16,18.68,2.511
0,895,17,26.353,-3.299
0,895,18,50.681,15.697
0,895,19,62.303,16.556
0,896,3,46.308,14.797
0,896,6,-82.316,-24.689
0,896,16,18.722,2.489
0,896,17,26.395,-3.325
0,896,18,50.719,15.664
0,896,19,62.335,16.541
0,897,3,46.087,14.777
0,897,6,-82.803,-24.8
0,897,16,18.765,2.467
0,897,17,26.364,-3.322
0,897,18,50.759,15.63
0,897,19,62.368,16.526
0,897,20,19.8,15.67
0,898,3,45.864,14.758
0,898,6,-83.291,-24.912
0,898,16,18.807,2.447
0,898,17,26.345,-3.338
0,898,18,50.799,15.596
0,898,19,62.401,16.51
0,898,20,19.802,15.677
0,899,3,45.641,14.74
0,899,6,-83.777,-25.023
0,899,16,18.85,2.428
0,899,17,26.367,-3.357
0,899,18,50.838,15.56
0,899,19,62.432,16.495
0,899,20,19.807,15.676
0,900,3,45.458,14.545
0,900,6,-84.262,-25.134
0,900,16,18.89,2.408
0,900,17,26.285,-3.333
0,900,18,50.876,15.525
0,900,19,62.467,16.48
0,900,20,19.812,15.675
