0,0,0,463.5461459273941,-1.6040696185541492
0,0,1,514.8358696285208,-1.56255259850127
0,1,0,467.7254529748715,-1.6017025678921186
0,1,1,516.4588141624788,-1.56235338079685
0,2,0,471.8132206967082,-1.5980897791771156
0,2,1,518.1109076383973,-1.5627365570016991
0,3,0,475.8105981383861,-1.331392218512292
0,3,1,519.7932995010772,-1.5611177942161871
0,4,0,479.76984708004863,-1.0825613163966636
0,4,1,521.5048403057069,-1.5600814253127453
0,5,0,483.7614734619565,-0.8427138080510304
0,5,1,523.2442378858362,-1.5590527279299806
0,6,0,487.8041461727067,-0.6046752529009893
0,6,1,525.0127844079362,-1.558606424483628
0,7,0,491.8987986567363,-0.3680869288822919
0,7,1,526.8088289835018,-1.5572343480779125
0,8,0,496.0441387475814,-0.1323741136387184
0,8,1,528.6314381680926,-1.5552952208094553
0,9,0,500.2394490011711,0.1043300817574106
0,9,1,530.481329405789,-1.5546559315088473
0,10,0,504.4845134171422,0.3398000463465962
0,10,1,532.3577852525378,-1.5534495913350952
0,11,0,508.7776811070032,0.5755439470297006
0,11,1,534.2608057083046,-1.5516762002390294
0,12,0,513.1198855151955,0.8119205057791987
0,12,1,536.189457328676,-1.5496944803070107
0,13,0,517.509259752851,1.0482122785312242
0,13,1,538.1431653912719,-1.5487965979808394
0,14,0,521.9470959864198,1.2838445429243848
0,14,1,540.122504618462,-1.547690386791544
0,15,0,526.431230376451,1.4826328022986957
0,15,1,542.1261828437887,-1.5458011243180465
0,16,0,530.9614584298549,1.6841366089641383
0,16,1,544.153625344876,-1.5444209770942905
0,17,0,535.5372054242407,1.8870637965060555
0,17,1,546.2066990105607,-1.5428325009749244
0,18,0,540.1591581176001,1.97812037403088
0,18,1,548.2822447855348,-1.541178417689537
0,19,0,544.825380178136,1.9651326190212897
0,19,1,550.381196114225,-1.539100005146679
0,20,0,549.5357595702264,1.962686688839796
0,20,1,552.5029782742312,-1.537889429858268
0,21,0,554.2905817371917,1.9644644727857496
0,21,1,554.6472325435059,-1.536613247349493
0,22,0,559.0877637898068,1.9675229159004743
0,22,1,556.8148923665176,-1.5349127356375618
0,23,0,563.9289566165623,1.9703538514073105
0,23,1,559.0040908543773,-1.5335053387319704
0,24,0,568.8115758845233,1.97410672407824
0,24,1,561.2144692850552,-1.5314576122445374
0,25,0,573.7376312042383,1.9763399226345089
0,25,1,563.4463863805779,-1.5297030005958447
0,26,0,578.7044649640541,1.9728182257194649
0,26,1,565.6998421409726,-1.528241503775405
0,27,0,583.7130838871227,1.9692850214936184
0,27,1,567.9735443997649,-1.526498399399884
0,28,0,588.762554529003,1.965381587984666
0,28,1,570.267493156931,-1.5244736874472835
0,29,0,593.8525181676681,1.962041369613104
0,29,1,572.582047134535,-1.5231008123548406
0,30,0,598.9820413586841,1.9589056443469983
0,30,1,574.9160568877588,-1.5249641070597877
0,31,0,604.1511241020646,1.9559744121916085
0,31,1,577.2693796949359,-1.52690451621433
0,32,0,609.3601251198193,1.9523142286888344
0,32,1,579.6425902784839,-1.5276298733932947
0,33,0,614.6064604784004,1.6898198376394475
0,33,1,582.0345391935914,-1.5297245114690838
0,34,0,619.8918577814071,1.4455508271931308
0,34,1,584.4445089962015,-1.5313215416330197
0,35,0,625.2150210266101,1.2061535320090968
0,35,1,586.8737918527785,-1.5329956862414065
0,36,0,630.5760929356662,0.968468896766808
0,36,1,589.3201621524241,-1.5345309449699016
0,37,0,635.9754322306259,0.7315634770238262
0,37,1,591.7849120616025,-1.536502040174696
0,38,0,641.410238578187,0.49436110668438
0,38,1,594.2667494138392,-1.5383342494724843
0,39,0,646.8823788672177,0.257579229812336
0,39,1,596.7574896090058,-1.8002851612756956
0,40,0,652.3905609312466,0.0217925688234288
0,40,1,599.2559866386885,-2.051756019718709
0,41,0,657.9345687699035,-0.2152244871824109
0,41,1,601.7712856681302,-2.296769881608298
0,42,0,663.5140436611756,-0.452538493779457
0,42,1,604.3041041413676,-2.537193635823144
0,43,0,669.1286268830223,-0.6892160065524138
0,43,1,606.853292613637,-2.775611615279473
0,44,0,674.7783184354333,-0.9252570254741386
0,44,1,609.4188510848905,-3.012023819933461
0,45,0,680.462481824571,-1.1255532199751317
0,45,1,612.0005635548029,-3.2486558607613745
0,46,0,686.1796706550481,-1.3281559755835417
0,46,1,614.5986460237127,-3.4832821267817167
0,47,0,691.9323265381402,-1.5310556817831582
0,47,1,617.2119490468368,-3.718486950980747
0,48,0,697.7180385486134,-1.6248348471077063
0,48,1,619.8401139021411,-3.953336888878397
0,49,0,703.5367334077678,-1.614878137772621
0,49,1,622.4834993116594,-4.188765384954763
0,50,0,709.3881644291806,-1.6148382666332282
0,50,1,625.1413878313283,-4.422905550341682
1,0,0,487.681033234296,-1.5861619845441055
1,0,1,501.426961002933,-5.076496034399128
1,1,0,491.8932230014429,-1.5829424396741842
1,1,1,503.66835526442577,-5.074313257762384
1,2,0,496.07755599310383,-1.5797152232783844
1,2,1,505.9645296324867,-5.072504546166499
1,3,0,500.23467981102647,-1.3105488017073412
1,3,1,508.31548410712605,-5.071069899638587
1,4,0,504.3768646823036,-1.0610503203500343
1,4,1,510.7199265218592,-5.069434595768172
1,5,0,508.5191189965232,-0.8200955605339004
1,5,1,513.1765647102286,-5.067023912134204
1,6,0,512.6665419765828,-0.5814396903045065
1,6,1,515.6851826718878,-5.06606345965875
1,7,0,516.8475651203996,-0.3437982147572995
1,7,1,518.2447042407225,-5.06375290503118
1,8,0,521.0827936483772,-0.1078229707033244
1,8,1,520.8536212499151,-5.061743136757769
1,9,0,525.3715101164621,0.1283529306984121
1,9,1,523.5128671438894,-5.059675432779415
1,10,0,529.7127810802203,0.3643707674160055
1,10,1,526.219282867313,-5.057692514803733
1,11,0,534.1056730952178,0.5998718174175224
1,11,1,528.9738018646372,-5.055435660761248
1,12,0,538.5507608838514,0.8361482471825639
1,12,1,531.7745572469933,-5.05362231471571
1,13,0,543.0471110017215,1.0728413346301124
1,13,1,534.6211902923415,-5.051319032251882
1,14,0,547.5932152819522,1.3083001913249743
1,14,1,537.5127675562746,-5.04888453539121
1,15,0,552.1586943875903,1.5072814365263696
1,15,1,540.4496477607922,-5.04725226856462
1,16,0,556.7113945502867,1.708850850390263
1,16,1,543.4301800174206,-5.044914064957851
1,17,0,561.2529666585287,1.9115002661075948
1,17,1,546.4534308817287,-5.042228646570379
1,18,0,565.7822305814567,2.001218248758704
1,18,1,549.518825631306,-5.040488179887007
1,19,0,570.2991168761416,1.9865485198900217
1,19,1,552.6269389885629,-5.038400498422902
1,20,0,574.8042309510054,1.9802103479258903
1,20,1,555.7723862872998,-5.035892323518652
1,21,0,579.2976422490179,1.9736600113356813
1,21,1,558.9497828612617,-5.03289037641116
1,22,0,583.7827258258679,1.9692658427217395
1,22,1,562.1553949327738,-5.030829545266812
1,23,0,588.2661585142168,1.966379840911685
1,23,1,565.389797224209,-5.028417663584008
1,24,0,592.7486577581453,1.963135117074927
1,24,1,568.6511228467097,-5.026372175453787
1,25,0,597.2320904464943,1.960249115264844
1,25,1,571.9421721335677,-5.023616914753234
1,26,0,601.72535902284,1.956857834022344
1,26,1,575.2602874731475,-5.0243871029258
1,27,0,606.245192208238,1.9540336036529595
1,27,1,578.6060435878701,-5.027390573513912
1,28,0,610.8004924462135,1.9509124227091377
1,28,1,581.9815233669469,-5.029684271564037
1,29,0,615.4003781807472,1.9488559005826005
1,29,1,585.3839264770922,-5.032344363134371
1,30,0,620.0481511887974,1.944847703617654
1,30,1,588.8151198071608,-5.034653404166278
1,31,0,624.7458943596025,1.9418308867781209
1,31,1,592.2741699127392,-5.036970116746005
1,32,0,629.4908073598604,1.9387292839682857
1,32,1,595.7610767938069,-5.039294500819239
1,33,0,634.2820998661605,1.6727704167945774
1,33,1,599.2713892285874,-5.041194555667374
1,34,0,639.120998038422,1.4251063731800857
1,34,1,602.7924709957852,-5.043241167921252
1,35,0,644.0060631527596,1.1855425431045887
1,35,1,606.3180039847934,-5.045719780942875
1,36,0,648.9375806524965,0.9477608158997556
1,36,1,609.8435369737779,-5.048198393942528
1,37,0,653.9146170932016,0.7114024695661385
1,37,1,613.3659109074468,-5.0508197286121685
1,38,0,658.9365977524783,0.4751753376241083
1,38,1,616.882541452882,-5.05243434014227
1,39,0,664.0025891858924,0.238720698041817
1,39,1,620.3887613879028,-5.054835838665127
1,40,0,669.1125913934437,0.0020385508192077
1,40,1,623.8832785460721,-5.057449501814119
1,41,0,674.2653122086851,-0.2342963816498411
1,41,1,627.3648007609296,-5.059700607200682
1,42,0,679.4607516315928,-0.4702840993434449
1,42,1,630.8346201989389,-5.062163877180922
1,43,0,684.6992683841934,-0.7068580466820436
1,43,1,634.2923781380462,-5.063905867344914
1,44,0,689.9795703000602,-0.9434435013262146
1,44,1,637.7384333002917,-5.06586002210787
1,45,0,695.3021703301397,-1.1423477997201417
1,45,1,641.1718522412624,-5.068385063556036
1,46,0,700.6644726342125,-1.3442066603343503
1,46,1,644.5945018497949,-5.070763547544061
1,47,0,706.068918823582,-1.5470104726422278
1,47,1,648.0041565150019,-5.072779473774887
1,48,0,711.5129552513439,-1.6381826898621623
1,48,1,651.4021084033607,-5.075007564599446
1,49,0,716.9966513604547,-1.6262670335301266
1,49,1,654.7924500146178,-5.076946376348246
1,50,0,722.5194017424787,-1.6239827720757205
1,50,1,658.1831503479118,-5.079818632544715
2,0,0,438.8989539376794,1.877133050334379
2,0,1,480.76289985716113,-5.091123550147358
2,1,0,444.5795838070936,1.8811687286364247
2,1,1,483.727636837192,-5.089498954836245
2,2,0,450.2396084560801,1.8858562437714
2,2,1,486.72525653688166,-5.087021865290012
2,3,0,455.87902828400246,1.6319408947902616
2,3,1,489.74979956764736,-5.0849111693235045
2,4,0,461.5164423371548,1.394395544790001
2,4,1,492.8021993739157,-5.0828081448452735
2,5,0,467.1583808908075,1.1618028602645722
2,5,1,495.8789381783175,-5.07992206911527
2,6,0,472.7875405014945,0.931798344423612
2,6,1,498.9794412584831,-5.077545108602607
2,7,0,478.3929358364553,0.7023029437833088
2,7,1,502.1037086143882,-5.075677263285314
2,8,0,483.9723412847576,0.473532658717005
2,8,1,505.251381523996,-5.07338508871581
2,9,0,489.5277664569531,0.2430458779784032
2,9,1,508.4205930984726,-5.071386029006902
2,10,0,495.0600020758163,0.0143603788876021
2,10,1,511.611918060191,-5.068387917657134
2,11,0,500.5669652520848,-0.2154668934973074
2,11,1,514.8270072976732,-5.065898921524706
2,12,0,506.0510975970613,-0.4444263286497403
2,12,1,518.0636351999897,-5.063703040203848
2,13,0,511.510890943877,-0.6741688150643768
2,13,1,521.3227352115955,-5.061441551716911
2,14,0,516.9482121814035,-0.9039769086450632
2,14,1,524.6043073324971,-5.059114455999236
2,15,0,522.3604152052857,-1.0963006676250586
2,15,1,527.9070593962032,-5.0561470307049206
2,16,0,527.7445454533013,-1.290842365952102
2,16,1,531.2335757356728,-5.053688720627974
2,17,0,533.1024698143119,-1.4868845596271
2,17,1,534.5825641844248,-5.051164803325463
2,18,0,538.4338602523258,-1.572066702187584
2,18,1,537.9486400762349,-5.04850200011586
2,19,0,543.7390022106796,-1.5527069042966275
2,19,1,541.3236184116181,-5.046703198397808
2,20,0,549.0157821140826,-1.54317532287331
2,20,1,544.6991714694087,-5.043612230227325
2,21,0,554.2661401301001,-1.5373698476709023
2,21,1,548.0719241939003,-5.041597428120184
2,22,0,559.4893588146955,-1.5334235898107238
2,22,1,551.442451307497,-5.039366625656356
2,23,0,564.6856541682223,-1.529110938430421
2,23,1,554.8107528102124,-5.036919822830612
2,24,0,569.8553849127104,-1.5253653379180037
2,24,1,558.1755365355618,-5.033682297232417
2,25,0,574.9974016033522,-1.5247711212379045
2,25,1,561.5384533720567,-5.031162215692859
2,26,0,580.1129964066251,-1.5279030107410565
2,26,1,564.8982111532362,-5.028784855823261
2,27,0,585.2010931564357,-1.5319606731711986
2,27,1,568.2557433235104,-5.026191495569805
2,28,0,590.2622665751672,-1.535651942054017
2,28,1,571.6114086049404,-5.024315579402099
2,29,0,595.2974501072644,-1.5386180953847486
2,29,1,574.9636988306639,-5.0248079957501375
2,30,0,600.3101615300825,-1.541649855908673
2,30,1,578.312614000702,-5.027668744668205
2,31,0,605.3102367316048,-1.545252503063466
2,31,1,581.658944837832,-5.029380048803887
2,32,0,610.3067941557852,-1.5480644274677786
2,32,1,585.0034087860835,-5.031808796976208
2,33,0,615.3299157896504,-1.2910545999577892
2,33,1,588.3456471234401,-5.034021544791841
2,34,0,620.4092485824433,-1.0520810029543384
2,34,1,591.6802751837084,-5.035945013526487
2,35,0,625.5477394248769,-0.8192981379581283
2,35,1,595.0054260780067,-5.038296647249155
2,36,0,630.7458203176889,-0.5882547832013643
2,36,1,598.3175820289825,-5.040285723182223
2,37,0,636.0009069279606,-0.3578014938745184
2,37,1,601.6180352030966,-5.0424869637142535
2,38,0,641.3142914221424,-0.1285129923390116
2,38,1,604.906785600346,-5.04490036887762
2,39,0,646.6833894673233,0.1007601661552257
2,39,1,608.1825410542864,-5.046951216246185
2,40,0,652.1082010635032,0.3300179816080799
2,40,1,611.4465937313754,-5.0492142282408565
2,41,0,657.5874340442142,0.5598351764678
2,41,1,614.7030361313522,-5.051187961132598
2,42,0,663.1195802426491,0.7885608622009102
2,42,1,617.9594785313394,-5.053161694051539
2,43,0,668.7057891035612,1.0187793717508953
2,43,1,621.2235312084149,-5.055424706051412
2,44,0,674.3439777377632,1.247547650142394
2,44,1,624.4983532179348,-5.057834275446624
2,45,0,680.0334904726215,1.4403320892216982
2,45,1,627.787103615184,-5.060247680610047
2,46,0,685.7739068146553,1.6344666304530904
2,46,1,631.0894236781662,-5.06173147707824
2,47,0,691.5639345974037,1.8305259962251623
2,47,1,634.4069642953492,-5.063793831730408
2,48,0,697.4042605789023,1.9152161956925229
2,48,1,637.7419510776442,-5.06665074488555
2,49,0,703.2925897052895,1.8972969507750288
2,49,1,641.0927331365367,-5.068794049745037
2,50,0,709.228593940591,1.8891288078484365
2,50,1,644.4628282494065,-5.07101446907609
3,0,0,444.7324373503002,1.8820599797502096
3,0,1,478.6468610854022,-5.093340848570136
3,1,0,449.44920813174247,1.885284159069755
3,1,1,481.449483356613,-5.090810058466019
3,2,0,454.15836863607245,1.8887976174922585
3,2,1,484.29073173576455,-5.088433497310291
3,3,0,458.86357976168,1.6293958758835458
3,3,1,487.1687393339543,-5.086928609117592
3,4,0,463.42900940184455,1.3880533793057168
3,4,1,490.08092181831177,-5.085145949122307
3,5,0,467.86247999831096,1.1527780718693634
3,5,1,493.0246948558675,-5.081936072503339
3,6,0,472.3233059265834,0.9215875926806234
3,6,1,495.9979755574207,-5.080242034241309
3,7,0,476.8268504625324,0.6907443282401289
3,7,1,498.9955952571208,-5.077764944722247
3,8,0,481.37591393943626,0.461324444665621
3,8,1,502.0138201772454,-5.075939692068573
3,9,0,485.9671213016468,0.2309596093702737
3,9,1,505.0500659848759,-5.07361683147073
3,10,0,490.6016219939069,0.0022341553247429
3,10,1,508.0989480137782,-5.070723084220049
3,11,0,495.2792000158838,-0.2270775283877526
3,11,1,511.1580246527248,-5.069268060876652
3,12,0,499.9976297566828,-0.4567594414104974
3,12,1,514.2275119020514,-5.067026150491387
3,13,0,504.7587781051615,-0.6860941396525959
3,13,1,517.3096353726875,-5.064213353470024
3,14,0,509.5617116168827,-0.9154403451782684
3,14,1,520.4028868977642,-5.0624805583073
3,15,0,514.4050763539584,-1.1078228385447062
3,15,1,523.5087746441399,-5.060176876481307
3,16,0,519.2887180874385,-1.3018677276466235
3,16,1,526.6263651673637,-5.057661030061581
3,17,0,524.2117033728989,-1.4979337345431247
3,17,1,529.756591911873,-5.054574296983816
3,18,0,529.1761457856339,-1.581650702282673
3,18,1,532.89794671085,-5.052567565754288
3,19,0,534.1785969912197,-1.5607716296339902
3,19,1,536.0519377311125,-5.049989947866692
3,20,0,539.2208199137795,-1.5513908407635029
3,20,1,539.2233749164703,-5.048206888519701
3,21,0,544.3008782215054,-1.5456820581614463
3,21,1,542.4200845444093,-5.045282055883774
3,22,0,549.4186291927035,-1.5404862264905432
3,22,1,545.6491021696345,-5.0427968955143
3,23,0,554.5744315494453,-1.5367367902476303
3,23,1,548.9202636801319,-5.041256686816553
3,24,0,559.7675678476464,-1.5325668605101157
3,24,1,552.2432622422356,-5.038007653967156
3,25,0,564.9983968093437,-1.528909881725724
3,25,1,555.6267842991548,-5.036139409292929
3,26,0,570.2646928236423,-1.5255498535377685
3,26,1,559.071045851246,-5.033426341899087
3,27,0,575.568465501067,-1.5249283872029764
3,27,1,562.5665697325738,-5.03029661682271
3,28,0,580.9072732303555,-1.52905509323233
3,28,1,566.1083299989099,-5.027610399721397
3,29,0,586.2824814566661,-1.533120027831444
3,29,1,569.6868494843184,-5.0257958556322535
3,30,0,591.6927980135648,-1.5365484686012678
3,30,1,573.3004773002913,-5.023344817691879
3,31,0,597.137289456597,-1.5396991375193636
3,31,1,576.9482067237045,-5.026000674174725
3,32,0,602.6172479522409,-1.543146757061038
3,32,1,580.6354956994716,-5.028452037519685
3,33,0,608.1313809346717,-1.2870619037642257
3,33,1,584.3614107831659,-5.031057629818292
3,34,0,613.6792529667481,-1.0490788881994888
3,34,1,588.1250185303564,-5.034176173069966
3,35,0,619.261226606244,-0.8162027670036878
3,35,1,591.9246680525454,-5.036299500438503
3,36,0,624.8765844091404,-0.5865666513848851
3,36,1,595.7620102382273,-5.038935778792563
3,37,0,630.5248249316957,-0.3560780415309921
3,37,1,599.635752920948,-5.041510285678726
3,38,0,636.2066656180084,-0.1266038263592577
3,38,1,603.5458961007041,-5.044023021129448
3,39,0,641.9198808571657,0.1020719945736914
3,39,1,607.4902141666007,-5.046257984787957
3,40,0,647.665978816003,0.3316003096873601
3,40,1,611.4712914515492,-5.049364621404351
3,41,0,653.4430926056685,0.5612636749556259
3,41,1,615.4884105115063,-5.051476042164751
3,42,0,659.2525143925964,0.7904873679794093
3,42,1,619.5413553461053,-5.054817857936882
3,43,0,665.0929520103524,1.0198461111577617
3,43,1,623.6303419556994,-5.057164457858221
3,44,0,670.9653389033574,1.2496986265173575
3,44,1,627.7538621734775,-5.06016673037027
3,45,0,676.8672952318038,1.4416348065033446
3,45,1,631.9147163327084,-5.062748509452575
3,46,0,682.8001246694055,1.6368650919268362
3,46,1,636.1106788225204,-5.064693794646047
3,47,0,688.763036493391,1.8318717055001912
3,47,1,640.3424670869572,-5.067869474888795
3,48,0,694.7562160180858,1.9174531561085644
3,48,1,644.6097224039986,-5.071342105695578
3,49,0,700.7797365222244,1.8989941099182204
3,49,1,648.9054092189334,-5.073530241575867
3,50,0,706.8316190812898,1.8903632802175423
3,50,1,653.2163165880855,-5.076296935602471
4,0,0,465.9496548976931,-1.6027930367155818
4,0,1,466.05394383604505,-5.102293546410152
4,1,0,469.6401762074999,-1.599717012197118
4,1,1,468.6502246239418,-5.10085466476761
4,2,0,473.361713348108,-1.5965059375345447
4,2,1,471.286998408634,-5.09885256801482
4,3,0,477.1156313653726,-1.329095167898629
4,3,1,473.96426519010055,-5.096287256097526
4,4,0,480.9175755420524,-1.0807235161782105
4,4,1,476.68238369038914,-5.0940921734904805
4,5,0,484.7847798786606,-0.840482764014638
4,5,1,479.4404204650656,-5.092626042225675
4,6,0,488.71509204298894,-0.6027722448410486
4,6,1,482.2376580700695,-5.090021973402457
4,7,0,492.70908675744494,-0.3662997922050408
4,7,1,485.07388050502703,-5.088505577953356
4,8,0,496.7641796891101,-0.1299159612970584
4,8,1,487.95023721474286,-5.085492522946368
4,9,0,500.88072956002486,0.1054458034676599
4,9,1,490.86464530996807,-5.083925863318228
4,10,0,505.0570854816849,0.3412936688605725
4,10,1,493.8173207910969,-5.081579988190782
4,11,0,509.2923140096625,0.577268912914576
4,11,1,496.808622380156,-5.079388341984526
4,12,0,513.5867738659947,0.8124380911819458
4,12,1,499.8376166327113,-5.077709646731421
4,13,0,517.93881416217,1.0483093704937403
4,13,1,502.9048782711431,-5.075251735989468
4,14,0,522.3475014537786,1.28452402879617
4,14,1,506.008540406624,-5.072732053806789
4,15,0,526.8132562342909,1.4837481246519817
4,15,1,509.1486030391403,-5.07015060018864
4,16,0,531.3232377893075,1.6849703237352005
4,16,1,512.3263583351529,-5.068082097523615
4,17,0,535.8701945637462,1.887546460760604
4,17,1,515.5405141281905,-5.06595182339592
4,18,0,540.4624235927515,1.9778932657475248
4,18,1,518.7907116962369,-5.062826333412261
4,19,0,545.1071069884424,1.965198625576648
4,19,1,522.0767350389114,-5.060931238445534
4,20,0,549.8044914372074,1.9631152531523528
4,20,1,525.3988001565946,-5.058040927622841
4,21,0,554.5435183275614,1.9641794287974503
4,21,1,528.7553988824347,-5.055806289401289
4,22,0,559.3182282709007,1.9671722647513832
4,22,1,532.1483981053238,-5.053509879739039
4,23,0,564.1365902663372,1.970871037480293
4,23,1,535.5746387699196,-5.051294420316509
4,24,0,569.0043477021211,1.974269023882244
4,24,1,539.0359877650933,-5.048442467037546
4,25,0,573.9218593003001,1.9764327794823653
4,25,1,542.531511646397,-5.045312741939284
4,26,0,578.8760568388168,1.972340195904053
4,26,1,546.0615691358818,-5.042838689464077
4,27,0,583.8460496539689,1.9689612206046831
4,27,1,549.6258015115206,-5.040086865191512
4,28,0,588.8138168582051,1.9657982457162573
4,28,1,553.2223418844216,-5.037774713163401
4,29,0,593.7689478411666,1.9620643841427068
4,29,1,556.8530571434663,-5.035184789310733
4,30,0,598.7129507696632,1.9594105244497089
4,30,1,560.5157216777704,-5.032101093303993
4,31,0,603.6443174768847,1.9561857780715
4,31,1,564.2116276537843,-5.0290983475046005
4,32,0,608.5639814072342,1.952748867121528
4,32,1,567.9398416270736,-5.026535273944461
4,33,0,613.4710095156554,1.6894863684995016
4,33,1,571.7003635976387,-5.024411872623602
4,34,0,618.3778987381746,1.4433113129222477
4,34,1,575.4929775651332,-5.024953754463979
4,35,0,623.3164517926195,1.203948140194484
4,35,1,579.3176835295329,-5.028160919443707
4,36,0,628.3042575657524,0.9674432364278972
4,36,1,583.1730466027209,-5.03029958985357
4,37,0,633.3414587792328,0.73063754633435
4,37,1,587.0597842287503,-5.033236654534591
4,38,0,638.4267632666,0.4941057923024345
4,38,1,590.9775376856084,-5.036038669061014
4,39,0,643.5601710278779,0.2578479743101809
4,39,1,594.9263069732812,-5.038705633438156
4,40,0,648.7398151741745,0.0211466483157209
4,40,1,598.9060920917927,-5.041237547687899
4,41,0,653.9419314297498,-0.2154890704855745
4,41,1,602.9146674302141,-5.043418411404446
4,42,0,659.1395964635628,-0.4516927885629798
4,42,1,606.9546173214904,-5.04639766938692
4,43,0,664.3341024420259,-0.6880392282613172
4,43,1,611.024290877121,-5.048667154831492
4,44,0,669.5258080872109,-0.9254618340773106
4,44,1,615.1231133747118,-5.051519034185304
4,45,0,674.7126420171522,-1.125118497705131
4,45,1,619.2516595366703,-5.053661140995956
4,46,0,679.8938752804924,-1.326927493492036
4,46,1,623.409354640589,-5.056385641715849
4,47,0,685.0713747661233,-1.5301713773960728
4,47,1,627.5952652420235,-5.060051258349773
4,48,0,690.2457458824673,-1.6221308809928985
4,48,1,631.8105407857959,-5.062073658052412
4,49,0,695.4148324616021,-1.6111337254241107
4,49,1,636.0540318270977,-5.065037173663825
4,50,0,700.5802547059601,-1.6101151794865132
4,50,1,640.3263130883195,-5.067649638769183
5,0,0,400.90303271339457,-5.142003600145102
5,0,1,407.0592960372719,1.850793257126071
5,1,0,405.6139829921347,-5.157085751630774
5,1,1,412.6632484132223,1.8564295597500688
5,2,0,410.3133808871818,-5.147682347555218
5,2,1,418.2672007891967,1.862065862352125
5,3,0,415.0028036089767,-4.861431519956142
5,3,1,423.8705784427502,1.8664099984965503
5,4,0,419.6897770480076,-4.6050470783759465
5,4,1,429.4743148183544,1.8698206901985368
5,5,0,424.394050094699,-4.3602265277180265
5,5,1,435.0776924719214,1.874164826348192
5,6,0,429.1238810273189,-4.120582314461416
5,6,1,440.68200356990894,1.878867684524522
5,7,0,433.8800605685863,-3.8825966611826175
5,7,1,446.2853812234864,1.8832118206470057
5,8,0,438.6625887185255,-3.646269567903545
5,8,1,451.8891175990802,1.886622512376164
5,9,0,443.4707480330724,-3.4097341457560333
5,9,1,457.4924952526473,1.89096664852579
5,10,0,448.3054719566581,-3.172631672740636
5,10,1,463.0958729062111,1.8953107846430728
5,11,0,453.1648936004175,-2.9356795928886754
5,11,1,468.70018400421225,1.900013642824632
5,12,0,458.0503051308219,-2.699452628616001
5,12,1,474.303920379806,1.9034243345537905
5,13,0,462.9604143814,-2.4633760575067924
5,13,1,479.9072980333699,1.9077684706710445
5,14,0,467.8828011312233,-2.2257951553242776
5,14,1,485.51067568693696,1.9121126068206704
5,15,0,472.8046131586632,-1.9895064196161345
5,15,1,491.114053340504,1.9164567429703248
5,16,0,477.726270957163,-1.7918437918298764
5,16,1,496.7187231605287,1.920226156699016
5,17,0,482.64778603399606,-1.5910221086959666
5,17,1,502.3221008140957,1.9245702928486708
5,18,0,487.56976036122114,-1.5475051905771409
5,18,1,507.9254784676628,1.928914428998325
5,19,0,492.49178878837466,-1.5682455449880877
5,19,1,513.5288561212299,1.933258565147952
5,20,0,497.41310360722207,-1.573190622774348
5,20,1,519.1325924968204,1.9366692568447093
5,21,0,502.3344917047802,-1.5727510343723736
5,21,1,524.7359701503874,1.941013392994364
5,22,0,507.2555210803012,-1.5713780015227314
5,22,1,530.3402812483886,1.945716251175924
5,23,0,512.1767664561925,-1.5677793577730483
5,23,1,535.9436589019421,1.9500603873203768
5,24,0,517.0980118320942,-1.564180714050508
5,24,1,541.5473952775462,1.953471079022364
5,25,0,522.0192572079854,-1.5605820703007964
5,25,1,547.1507729311132,1.9578152151719903
5,26,0,526.9405025838871,-1.556983426578256
5,26,1,552.7541505846804,1.962159351321645
5,27,0,531.8617479597784,-1.5533847828285443
5,27,1,558.358820404705,1.965928765050308
5,28,0,536.7829933356697,-1.5497861390788614
5,28,1,563.9621980582721,1.9702729011999625
5,29,0,541.7042387115714,-1.546187495356321
5,29,1,569.5655757118391,1.9746170373496448
5,30,0,546.6254840874626,-1.542588851606638
5,30,1,575.1690960870731,1.975802118151563
5,31,0,551.5467294633644,-1.5389902078840976
5,31,1,580.7738353500434,1.971027810371453
5,32,0,556.4679748392556,-1.5353915641344145
5,32,1,586.377282446553,1.9668282249799347
5,33,0,561.3882100555982,-1.810719397407752
5,33,1,591.9813042654836,1.963920806046048
5,34,0,566.3084529434666,-2.058190455195131
5,34,1,597.5847513619931,1.9597212206545287
5,35,0,571.2288423887492,-2.2948921805464977
5,35,1,603.1891319029609,1.9558803572729744
5,36,0,576.1501652784553,-2.531235183838845
5,36,1,608.7931537218674,1.9529729383610004
5,37,0,581.0712721678017,-2.7698037980583763
5,37,1,614.396600818377,1.9487733529694824
5,38,0,585.9916616130707,-3.0065055234149725
5,38,1,620.0009813593448,1.9449324895879272
5,39,0,590.9124097803799,-3.244140693186864
5,39,1,625.6050031782513,1.9420250706759816
5,40,0,595.8315070592153,-3.480267696144466
5,40,1,631.2084502747849,1.9378254852625216
5,41,0,600.7496708935926,-3.7167534211119744
5,41,1,636.8128308157286,1.9339846219029084
5,42,0,605.6646756726544,-3.953381867749499
5,42,1,642.4168526346351,1.9310772029909629
5,43,0,610.5765213964012,-4.1901530360570405
5,43,1,648.0202997311688,1.926877617577503
5,44,0,615.486141509256,-4.426708203975494
5,44,1,653.6246802721125,1.9230367542178897
5,45,0,620.3916691223479,-4.663764815601041
5,45,1,659.2287020910295,1.9201293352788007
5,46,0,625.283638577004,-4.859965872674053
5,46,1,664.8321491875527,1.915929749892456
5,47,0,630.1410011447686,-5.060895923312188
5,47,1,670.4365297284965,1.912088886532871
5,48,0,634.9516680771327,-5.104077700960175
5,48,1,676.0405515474134,1.9091814675937544
5,49,0,639.7141776356578,-5.083276142118024
5,49,1,681.6439986439366,1.9049818822074656
5,50,0,644.4330313063385,-5.077108907834656
5,50,1,687.2483791848803,1.901141018847852
6,0,0,410.5759998614074,1.854563311811376
6,0,1,447.8930518181702,-3.523958627820548
6,1,0,416.4234116617711,1.8594864054643097
6,1,1,452.73683704871337,-3.753675062656528
6,2,0,422.25876196325993,1.865130778943921
6,2,1,457.597709722318,-3.983252611553041
6,3,0,428.0805429983727,1.61059084271443
6,3,1,462.4743776725442,-4.212116552175843
6,4,0,433.8936414260509,1.37306890660588
6,4,1,467.3643992881091,-4.442276494981627
6,5,0,439.69791068888026,1.1417956381823444
6,5,1,472.2549338546376,-4.634743774318338
6,6,0,445.4955031190178,0.9111703708884136
6,6,1,477.1335496439341,-4.829648829154053
6,7,0,451.28512655002686,0.6817678270907379
6,7,1,482.000821378406,-5.025699493036399
6,8,0,457.0658475374733,0.4532292847574126
6,8,1,486.8564210220716,-5.11053521953005
6,9,0,462.84060913630526,0.2234718546907572
6,9,1,491.6997005737962,-5.090832841313244
6,10,0,468.606468291561,-0.0054215739167489
6,10,1,496.5311307912689,-5.0821119601532985
6,11,0,474.36471716972846,-0.234025723443267
6,11,1,501.3500675091127,-5.077121020971987
6,12,0,480.1157144928208,-0.4632740383145233
6,12,1,506.1576601721215,-5.073275690810164
6,13,0,485.85816809435306,-0.6925917961199275
6,13,1,510.9522578918078,-5.069067802858683
6,14,0,491.5930114188076,-0.9216202748715716
6,14,1,515.7364450011004,-5.065646801954301
6,15,0,497.3179570838111,-1.1137429771469272
6,15,1,520.5076371670737,-5.061863243227947
6,16,0,503.02782491626726,-1.3084461765912463
6,16,1,525.2661931117616,-5.058650571159603
6,17,0,508.7250565274412,-1.5037202626612896
6,17,1,530.0139797240323,-5.055291341685489
6,18,0,514.4078157145067,-1.588855577438295
6,18,1,534.7487713929805,-5.0515695544217465
6,19,0,520.0760291987602,-1.569236787170098
6,19,1,539.4718602850671,-5.048059931756995
6,20,0,525.7301677378463,-1.5603834935477892
6,20,1,544.1832464002888,-5.04476247372358
6,21,0,531.3705206108426,-1.5546854195154935
6,21,1,548.8825710166357,-5.04074373586343
6,22,0,536.9973038181226,-1.5499169541407412
6,22,1,553.5701928561072,-5.036937162607472
6,23,0,542.6092251932257,-1.5455033750349116
6,23,1,558.245178474307,-5.033701476004325
6,24,0,548.2072181805826,-1.5410859601985862
6,24,1,562.9084613156555,-5.030677954027311
6,25,0,553.7916415022096,-1.5375981540250336
6,25,1,567.559682658102,-5.0269331522339655
6,26,0,559.3617777140564,-1.5331730676408597
6,26,1,572.1992012236868,-5.023400515039612
6,27,0,564.9170520937367,-1.5291028675528366
6,27,1,576.8260102892859,-5.025823430718702
6,28,0,570.4583980856605,-1.5250288317070613
6,28,1,581.444634355379,-5.029249233742007
6,29,0,575.9863171335348,-1.5250434598665947
6,29,1,586.0619662550082,-5.032100314409149
6,30,0,581.4998757929256,-1.529505474063285
6,30,1,590.6729800439963,-5.035236838389096
6,31,0,586.9982138980886,-1.5333889300865169
6,31,1,595.2754501114379,-5.03844280529799
6,32,0,592.4835570599428,-1.53690982831489
6,32,1,599.8769867344695,-5.0420074942607584
6,33,0,597.9536792682227,-1.2805974673829894
6,33,1,604.4781646354504,-5.044638738781117
6,34,0,603.4230069179944,-1.0417312715496507
6,34,1,609.0730244258007,-5.047555426641424
6,35,0,608.9191846201176,-0.8086161354895296
6,35,1,613.6593404946045,-5.050541557430705
6,36,0,614.4572902071566,-0.5786715619959182
6,36,1,618.2447231189848,-5.053886410279063
6,37,0,620.0349553465463,-0.3485224953968497
6,37,1,622.8297470213414,-5.056297818674551
6,38,0,625.6534722047445,-0.1187436581132317
6,38,1,627.4088115350805,-5.059928114835714
6,39,0,631.3119073373337,0.1103062278605477
6,39,1,631.9799070496671,-5.062335687478708
6,40,0,637.0099020222736,0.3395606069397843
6,40,1,636.5491356754127,-5.065460704175052
6,41,0,642.7465228151544,0.5686607570706883
6,41,1,641.1174308567208,-5.068944442935703
6,42,0,648.5214109939149,0.798540122722784
6,42,1,645.6809160942191,-5.07106273649768
6,43,0,654.3343505582086,1.0269730929741172
6,43,1,650.235282887774,-5.074542639468206
6,44,0,660.1851987863657,1.257118723139996
6,44,1,654.7915165701836,-5.077305098380151
6,45,0,666.0741601714896,1.4494174609156687
6,45,1,659.3585195850343,-5.0802141147198085
6,46,0,671.9988046095715,1.6436448589896884
6,46,1,663.9426100429569,-5.082984245147173
6,47,0,677.9604242671098,1.8392261949568365
6,47,1,668.5463722768802,-5.08676493449903
6,48,0,683.9580550136016,1.9243756447922635
6,48,1,673.1677966762484,-5.089114571437079
6,49,0,689.9910526836861,1.906344763611912
6,49,1,677.8057337963019,-5.09261748896958
6,50,0,696.0600226858235,1.8978528198235267
6,50,1,682.4594661929696,-5.0954067981688524
7,0,0,435.3742918968998,-5.125291208321471
7,0,1,417.2108658102773,-3.6239925052086335
7,1,0,437.0234423178596,-5.123591495301412
7,1,1,418.9769787919606,-3.856953737784551
7,2,0,438.7008082363592,-5.122832898217354
7,2,1,420.7336146077114,-4.090343135365288
7,3,0,440.41451248108297,-4.826357331639969
7,3,1,422.4826401463364,-4.323443253848268
7,4,0,442.1695660525783,-4.548272881892444
7,4,1,424.22089635252007,-4.556396814903508
7,5,0,443.9686265624458,-4.284344327482188
7,5,1,425.9522712329494,-4.749142822508702
7,6,0,445.8111925670098,-4.030479168727766
7,6,1,427.673952947028,-4.94454260597476
7,7,0,447.69618790018,-3.783877072340431
7,7,1,429.3906087169365,-5.140802555169444
7,8,0,449.6247620067397,-3.541953705333981
7,8,1,431.11074350728336,-5.217882403623378
7,9,0,451.59562272024885,-3.304134345374109
7,9,1,432.8359349278587,-5.182674984328685
7,10,0,453.6089860410436,-3.068193381511662
7,10,1,434.5657897348301,-5.15960234266862
7,11,0,455.66355980271095,-2.833556091401931
7,11,1,436.3140935942901,-5.145509259020827
7,12,0,457.7593440052031,-2.6002224750010328
7,12,1,438.1005915609295,-5.136021626067191
7,13,0,459.8969133709512,-2.366900365878536
7,13,1,439.9344020786885,-5.1297778344315645
7,14,0,462.0744010111008,-2.134307208092963
7,14,1,441.8255770359475,-5.125057552641096
7,15,0,464.2918069256143,-1.902443001627688
7,15,1,443.77820893243927,-5.121359337031578
7,16,0,466.55062777410086,-1.7114420212522816
7,16,1,445.7945233790618,-5.118899187927212
7,17,0,468.8479320088237,-1.5174362144608722
7,17,1,447.871936042904,-5.116527660577987
7,18,0,471.187766100521,-1.4870647905987937
7,18,1,450.01173909040574,-5.114819477318264
7,19,0,473.5649149548921,-1.5259148119926067
7,19,1,452.2113481886528,-5.11262519343029
7,20,0,475.9794015864768,-1.5504159521676684
7,20,1,454.47112205968864,-5.110878253297045
7,21,0,478.4317274389824,-1.564660710886983
7,21,1,456.789768537042,-5.109003934502709
7,22,0,480.9218192336844,-1.5740337543440717
7,22,1,459.16635417627566,-5.107360959111617
7,23,0,483.44967697059656,-1.578535082533648
7,23,1,461.6008789774032,-5.105949327118509
7,24,0,486.0163768157925,-1.5809650287819466
7,24,1,464.092984218398,-5.1038355941029465
7,25,0,488.6187597139633,-1.5814663146942394
7,25,1,466.6408030103573,-5.101737204079569
7,26,0,491.25847655361406,-1.5815471071663296
7,26,1,469.2443353533429,-5.099654157087059
7,27,0,493.9351686126837,-1.5802739617285797
7,27,1,471.9026478028695,-5.097945175145867
7,28,0,496.6482611687784,-1.5789390448281893
7,28,1,474.61538163696144,-5.095676813846893
7,29,0,499.3973954998818,-1.5766089120718334
7,29,1,477.3828955775976,-5.093782517566865
7,30,0,502.1823556056374,-1.5755091743543232
7,30,1,480.2029640139038,-5.092046286003352
7,31,0,505.0033574863809,-1.5734142207265052
7,31,1,483.07522822385977,-5.089534674671114
7,32,0,507.8585342532649,-1.5710414953065597
7,32,1,486.0000469294995,-5.087181128050162
7,33,0,510.7484533565281,-1.854210308141944
7,33,1,488.9764866863815,-5.085344368112885
7,34,0,513.6728404607873,-2.115562684302688
7,34,1,492.003255328042,-5.083449672503093
7,35,0,516.631765008958,-2.3636423453404234
7,35,1,495.0812862989151,-5.081138319188852
7,36,0,519.6251537223535,-2.603833957465355
7,36,1,498.19887682212845,-5.078622472741927
7,37,0,522.6535080446567,-2.8402300204184883
7,37,1,501.3389394546448,-5.076041019123807
7,38,0,525.7149610870134,-3.073547978258404
7,38,1,504.49515608579895,-5.07367940162527
7,39,0,528.8102302934735,-3.305654719858495
7,39,1,507.66846016002495,-5.071178898214498
7,40,0,531.938956942024,-3.535616800793065
7,40,1,510.8579182328888,-5.06889823092331
7,41,0,535.1003503098873,-3.766951998414527
7,41,1,514.0635303043905,-5.066837399751762
7,42,0,538.295201119817,-3.996142535348525
7,42,1,517.2862298189609,-5.064637682700322
7,43,0,541.5217852046493,-4.227064911023234
7,43,1,520.524724610156,-5.061724357342825
7,44,0,544.7808932871139,-4.456201348042384
7,44,1,523.7793733999785,-5.059030868077741
7,45,0,548.0726680888945,-4.686710901716111
7,45,1,527.0505349104864,-5.057490659407165
7,46,0,551.395828950797,-4.876233686450831
7,46,1,530.3263636431269,-5.054156840560324
7,47,0,554.7510818096049,-5.0684217543248735
7,47,1,533.5940073762719,-5.051825909084869
7,48,0,558.1383994157011,-5.101519118572099
7,48,1,536.8540408323119,-5.049205698566055
7,49,0,561.5559613085959,-5.068357271250136
7,49,1,540.1058892888425,-5.047588375423885
7,50,0,565.0036017521513,-5.049347483584
7,50,1,543.3488353018138,-5.045107050784935
8,0,0,487.5982829608026,1.913045410316954
8,0,1,531.7615623036709,-5.05325975692611
8,1,0,492.2998331880307,1.9168481478151875
8,1,1,534.0033152872143,-5.0520104247318045
8,2,0,496.9874550275126,1.9206547210439733
8,2,1,536.3048743214822,-5.0502749918549625
8,3,0,501.6648093776175,1.6612606509235377
8,3,1,538.6576956849761,-5.048122901268471
8,4,0,506.3431742866039,1.4215383568341338
8,4,1,541.0526609337425,-5.046915762353677
8,5,0,511.049110527774,1.1881265018327838
8,5,1,543.4858935684092,-5.044929407972006
8,6,0,515.7742171012543,0.95779658770752
8,6,1,545.9555267001011,-5.0428812821276665
8,7,0,520.489846508751,0.7270385085890609
8,7,1,548.458401273513,-5.040914106517874
8,8,0,525.1965734726882,0.4971444309673245
8,8,1,550.9935838442142,-5.039386603142077
8,9,0,529.893823270669,0.2668221883627382
8,9,1,553.5597822457166,-5.03772404962217
8,10,0,534.5803037362191,0.036646503158721
8,10,1,556.1566377560209,-5.034993001527255
8,11,0,539.2578817581959,-0.1926651805537744
8,11,1,558.7839343747326,-5.033419069735345
8,12,0,543.9259826142029,-0.4224050292542927
8,12,1,561.4390877689574,-5.031852809458911
8,13,0,548.5868319151451,-0.6527890433267203
8,13,1,564.1239648275362,-5.0295767766445465
8,14,0,553.2387787725278,-0.8823090559023967
8,14,1,566.8366986616043,-5.02730841532366
8,15,0,557.8852791922355,-1.0753552927203884
8,15,1,569.5772892711852,-5.02504772551822
8,16,0,562.5230198900476,-1.270696583421767
8,16,1,572.3448032118183,-5.023153429270565
8,17,0,567.1522168663269,-1.4661073170468342
8,17,1,575.1393832052003,-5.024784581885569
8,18,0,571.7751264180068,-1.550376392002306
8,18,1,577.9618199740713,-5.026423405994052
8,19,0,576.3888016543849,-1.535349306814652
8,19,1,580.8093131851397,-5.029146067718926
8,20,0,580.9945040558525,-1.53302788586538
8,20,1,583.6843044496841,-5.030942956511609
8,21,0,585.5927389018884,-1.5335762411556288
8,21,1,586.5852856008598,-5.033464960888693
8,22,0,590.1818553040049,-1.5354862058763956
8,22,1,589.5124726390403,-5.03448646991788
8,23,0,594.7640788730594,-1.53897378036757
8,23,1,592.4669417303235,-5.036807816947203
8,24,0,599.3383334429749,-1.541238631335318
8,24,1,595.4470419862143,-5.038920835108144
8,25,0,603.9044030133915,-1.5445063697068804
8,25,1,598.4527734067099,-5.040825524433075
8,26,0,608.4615701402455,-1.5469101066140922
8,26,1,601.4863616027083,-5.042737885246282
8,27,0,613.0114857120138,-1.5499580088388711
8,27,1,604.5446475188803,-5.044800639222956
8,28,0,617.5537910066909,-1.5527166320150343
8,28,1,607.6307902105382,-5.046871064725536
8,29,0,622.0875525798318,-1.555544698147315
8,29,1,610.7425640668281,-5.048733161381591
8,30,0,626.6131291534531,-1.559375651629125
8,30,1,613.8812612541593,-5.050961651568315
8,31,0,631.1307367279563,-1.561983881641794
8,31,1,617.045589606112,-5.052981812881399
8,32,0,635.6410927473739,-1.5652362769720298
8,32,1,620.2368412891302,-5.055368367747036
8,33,0,640.1424032022155,-1.3052109145034194
8,33,1,623.4546575811871,-5.0571878717447305
8,34,0,644.6442112649961,-1.063206439527164
8,34,1,626.6981050378519,-5.058799046874015
8,35,0,649.1748789906528,-0.8293946355808544
8,35,1,629.9684758255717,-5.0607766155287095
8,36,0,653.7556596007208,-0.5977505068296693
8,36,1,633.2648364999363,-5.0634792997626334
8,37,0,658.385260928753,-0.3676993308797875
8,37,1,636.5877617833293,-5.065614933101472
8,38,0,663.0642576971296,-0.1379489412892667
8,38,1,639.9376103978013,-5.068116959987663
8,39,0,667.7904242949588,0.0917166623309526
8,39,1,643.3130901768782,-5.070410658037815
8,40,0,672.5646941666884,0.3216562020180049
8,40,1,646.7151345649968,-5.072137305187624
8,41,0,677.3861338678811,0.5515109557075846
8,41,1,650.1441022841705,-5.074230345862844
8,42,0,682.2534512320688,0.7818556458478838
8,42,1,653.5987011679624,-5.076115057696825
8,43,0,687.1673637033123,1.010823383538309
8,43,1,657.0792899383889,-5.078724885082863
8,44,0,692.125861671114,1.2408557800460756
8,44,1,660.5877354843013,-5.081342383994809
8,45,0,697.1287909065101,1.4333267274711543
8,45,1,664.1218121948352,-5.083751554033114
8,46,0,702.1778138052683,1.6285132222145933
8,46,1,667.6815200699738,-5.085952395235381
8,47,0,707.2695553117167,1.8240469317115924
8,47,1,671.2681512761673,-5.088519629963059
8,48,0,712.4049181842202,1.908859476001112
8,48,1,674.8759624251925,-5.090446535103695
8,49,0,717.5836169794798,1.8892689657294848
8,49,1,678.493609462225,-5.092878719704004
8,50,0,722.8029553289142,1.8810110030531744
8,50,1,682.1144155545726,-5.095168182634268
9,0,0,401.89001583135314,-0.1668251787249346
9,0,1,416.1171005227198,-1.6392548661947617
9,1,0,404.6106373149906,0.0602337183903785
9,1,1,417.78463055322266,-1.637990989678201
9,2,0,407.43723179146303,0.2958789296780537
9,2,1,419.41576008669006,-1.636788884597138
9,3,0,410.3674270924437,0.5295571231455369
9,3,1,421.0168072337631,-1.6353631076387387
9,4,0,413.4005057738761,0.7631351876014207
9,4,1,422.6235977690834,-1.634944053814678
9,5,0,416.5342422248925,0.996829123412823
9,5,1,424.2740403565039,-1.633819063183239
9,6,0,419.7645439457092,1.2301374869269068
9,6,1,425.9928327162225,-1.632138528929886
9,7,0,423.09147270777714,1.426659781067542
9,7,1,427.7920363471002,-1.6306237308865263
9,8,0,426.5120236847002,1.624879392140997
9,8,1,429.65140475076674,-1.6295562765978673
9,9,0,430.0252634320683,1.8244375980933685
9,9,1,431.5310196528309,-1.628207214754099
9,10,0,433.6277862081269,1.911538964361739
9,10,1,433.4061833330949,-1.6264261521697847
9,11,0,437.3202400139867,1.892860323646289
9,11,1,435.2633261258802,-1.6251426975192371
9,12,0,441.09827759260327,1.885645444890628
9,12,1,437.1043149200036,-1.6236394067271078
9,13,0,444.96182566530047,1.8845096618573791
9,13,1,438.9573652130258,-1.622857395783683
9,14,0,448.90880134281895,1.8865099196370352
9,14,1,440.8572266134772,-1.6212267263576337
9,15,0,452.9384139024051,1.8881284408552403
9,15,1,442.8235708973448,-1.6197579573786811
9,16,0,457.0490124555714,1.890873392320998
9,16,1,444.84117751043857,-1.6178725306900787
9,17,0,461.2377966690054,1.8936686079658216
9,17,1,446.8749381221565,-1.6162069401263466
9,18,0,465.5056999871545,1.8968728098268173
9,18,1,448.9270783434072,-1.6149771860388853
9,19,0,469.8495633547034,1.9003432762339685
9,19,1,451.0304808938839,-1.6133307742417742
9,20,0,474.2684533272015,1.903721285117825
9,20,1,453.1738017187485,-1.6124133137868455
9,21,0,478.7623699046684,1.9070068365483337
9,21,1,455.32530754309846,-1.6104929659333609
9,22,0,483.32815403174817,1.910057208839817
9,22,1,457.4660440350447,-1.6084260606688474
9,23,0,487.96544698645175,1.913805846396059
9,23,1,459.5954364721528,-1.6075047644561948
9,24,0,492.6733153243345,1.917894027212356
9,24,1,461.7374651305463,-1.6060125815855315
9,25,0,497.450250878552,1.920670862771999
9,25,1,463.92537145193165,-1.604030462296549
9,26,0,502.2749309846431,1.924655078818972
9,26,1,466.1775350458656,-1.6019942430874892
9,27,0,507.1179907002532,1.928203458384388
9,27,1,468.505083966792,-1.6009839257847034
9,28,0,511.95695791610353,1.9312503942750825
9,28,1,470.9158444921558,-1.599063178574255
9,29,0,516.7825714666287,1.93559333235396
9,29,1,473.4133343993608,-1.5970227242453916
9,30,0,521.5873637963352,1.9383624964200976
9,30,1,475.97285596819546,-1.5947121696178217
9,31,0,526.3670996838549,1.942215498075456
9,31,1,478.5539162018749,-1.592694729828963
9,32,0,531.1256556285427,1.9454281701437992
9,32,1,481.13181738025264,-1.590820011704892
9,33,0,535.8643241962271,1.6881710891954071
9,33,1,483.6916976711245,-1.5894429015249898
9,34,0,540.5866998793614,1.448221287438514
9,34,1,486.21704091740406,-1.860593207465314
9,35,0,545.2952204534529,1.2136599876599805
9,35,1,488.69715833756766,-2.111628229426799
9,36,0,549.9887364736974,0.9819028569278032
9,36,1,491.1322620961933,-2.354250744216756
9,37,0,554.6676066621455,0.752016450799573
9,37,1,493.52472052586336,-2.5918358075939807
9,38,0,559.332548462837,0.5221338804290099
9,38,1,495.8774766815023,-2.8264663087341546
9,39,0,563.980761542473,0.2911789797528854
9,39,1,498.2010838951945,-3.060514415959858
9,40,0,568.613395345889,0.0617360816216034
9,40,1,500.5040858884488,-3.293910686325461
9,41,0,573.2315260391547,-0.1689951471991264
9,41,1,502.7959598272728,-3.52622695485951
9,42,0,577.8328547326747,-0.406183372568023
9,42,1,505.07835660010267,-3.7589713883596687
9,43,0,582.4211884828724,-0.643009040147291
9,43,1,507.34869187405775,-3.990994542033093
9,44,0,586.996527289734,-0.8794721499421598
9,44,1,509.607324371148,-4.223229860337881
9,45,0,591.5584506598193,-1.0782387604726296
9,45,1,511.8583465911364,-4.455175899566882
9,46,0,596.1075218082489,-1.2798018685612078
9,46,1,514.1019127629629,-4.648206551798154
9,47,0,600.645248901854,-1.4825105856963887
9,47,1,516.332626713113,-4.84403370153322
9,48,0,605.1741042379415,-1.5729281993524182
9,48,1,518.5510631640147,-5.041365182373994
9,49,0,609.6947319818373,-1.558306264596041
9,49,1,520.7597676916652,-5.121379615552087
9,50,0,614.2070281688339,-1.5554565496742612
9,50,1,522.9562254061123,-5.091471277821
10,0,0,402.3640639206744,1.847275962967842
10,0,1,442.97725527604416,-5.11955925340024
10,1,0,408.0532375116349,1.851381084198806
10,1,1,445.9492438111366,-5.117290492749589
10,2,0,413.7533968347261,1.5983105579049095
10,2,1,448.97787934165166,-5.11467835308116
10,3,0,419.4825662138895,1.3617450807516889
10,3,1,452.06258714520607,-5.113015000869353
10,4,0,425.22480381505153,1.130201712046187
10,4,1,455.2017163332779,-5.110792269255967
10,5,0,430.9505286955627,0.8998116238860518
10,5,1,458.3952669059016,-5.108010158290057
10,6,0,436.65880741097527,0.6702160942340925
10,6,1,461.6413719741881,-5.105386111981147
10,7,0,442.3505734057025,0.4417738451766126
10,7,1,464.9454162043654,-5.102993409102595
10,8,0,448.02654412382896,0.2126179877910772
10,8,1,468.3073995964397,-5.100832049589684
10,9,0,453.6867195653548,-0.017251477922457
10,9,1,471.73234809456426,-5.098041867751419
10,10,0,459.3326078970901,-0.2461836633982557
10,10,1,475.2206204208169,-5.095556308019809
10,11,0,464.9627009522216,-0.4758294572344539
10,11,1,478.7722165751464,-5.093375370383313
10,12,0,470.5785068975729,-0.7045379708600592
10,12,1,482.38677783555335,-5.0905656104110335
10,13,0,476.1816766216284,-0.9338173711165608
10,13,1,486.0643042020377,-5.087127028102941
10,14,0,481.7708561864972,-1.1266924385934374
10,14,1,489.8032875077547,-5.084710511975771
10,15,0,487.34775825210727,-1.3210718371488213
10,15,1,493.6020768642234,-5.081807895155606
10,16,0,492.9110906519979,-1.516380844394206
10,16,1,497.4619644378982,-5.078993900095838
10,17,0,498.46088407221725,-1.6011923582822476
10,17,1,501.3807246178905,-5.076052526375008
10,18,0,503.997423956072,-1.5818244895188798
10,18,1,505.3574239597766,-5.073342496052163
10,19,0,509.5208223392141,-1.572863395423866
10,19,1,509.39263718595055,-5.06957164268016
10,20,0,515.0313685006931,-1.5666987988274172
10,20,1,513.4839226851533,-5.066749576737607
10,21,0,520.5296371629,-1.5620385333146487
10,21,1,517.6318551797652,-5.063584131782505
10,22,0,526.0162030482693,-1.5575904324228702
10,22,1,521.8345677809557,-5.060792751895406
10,23,0,531.4923583232344,-1.5539292185509908
10,23,1,526.0917017666876,-5.05744199262864
10,24,0,536.9573855437347,-1.5491880027985303
10,24,1,530.403615858974,-5.054465298407962
10,25,0,542.4120021538414,-1.545233674093197
10,25,1,534.7690178913678,-5.051287946839466
10,26,0,547.8562081535576,-1.5420662324025614
10,26,1,539.1856822529742,-5.047693937566578
10,27,0,553.2911529876772,-1.5371013447675352
10,27,1,543.6552598322804,-5.045191437398302
10,28,0,558.7169793778503,-1.5334980665734292
10,28,1,548.1757410187861,-5.041338835099907
10,29,0,564.1329698800402,-1.529389508941648
10,29,1,552.7469098120864,-5.038361741522266
10,30,0,569.5417088271549,-1.525925116654605
10,30,1,557.3680487681522,-5.0343932678463545
10,31,0,574.9416880523531,-1.524755778196578
10,31,1,562.0385831645655,-5.03072558049746
10,32,0,580.3339837217491,-1.5286818268781983
10,32,1,566.7585130013231,-5.027358679507927
10,33,0,585.7160843817647,-1.27191445069289
10,33,1,571.5278382784522,-5.024292564867295
10,34,0,591.099616094143,-1.0328092399409172
10,34,1,576.3448348287172,-5.025403735937999
10,35,0,596.5148078026859,-0.8008205341283485
10,35,1,581.2119442634039,-5.028682582230999
10,36,0,601.9797536736378,-0.5700660591123494
10,36,1,586.1275156940039,-5.032620936882921
10,37,0,607.4922280960584,-0.3403298144600342
10,37,1,591.0921238429249,-5.035926633441278
10,38,0,613.0540979588338,-0.1108943561941657
10,38,1,596.1070608766242,-5.039174394327119
10,39,0,618.6631376510651,0.1184563161337166
10,39,1,601.1701011842345,-5.042148219173299
10,40,0,624.3180550063124,0.3482969248580048
10,40,1,606.281603487758,-5.045781552378344
10,41,0,630.0205009130389,0.5771193031914947
10,41,1,611.4434346760601,-5.049356949910873
10,42,0,635.7675323163102,0.807006340337125
10,42,1,616.6543025826725,-5.052299689322695
10,43,0,641.5608001046137,1.0364498694857502
10,43,1,621.9136324852193,-5.055901937147752
10,44,0,647.3980786670545,1.265665890994086
10,44,1,627.2210656616663,-5.059230248905919
10,45,0,653.2797884970896,1.4573204634197907
10,45,1,632.5769608340132,-5.063218069028238
10,46,0,659.2040742131584,1.6524813059195085
10,46,1,637.9787336693656,-5.066715952727037
10,47,0,665.1710785369038,1.847989363167585
10,47,1,643.4276763341948,-5.070298622418051
10,48,0,671.1807707822734,1.9324175332086493
10,48,1,648.9130194960488,-5.073819520646424
10,49,0,677.2330815063217,1.9143095375515315
10,49,1,654.4176757118531,-5.077417533356822
10,50,0,683.3245236177515,1.90588320096154
10,50,1,659.9306325698033,-5.0805763036577695
11,0,0,2,5
11,0,1,8,7
11,1,0,4,8
11,1,1,10,4
11,2,0,6,2
11,2,1,12,1
11,3,0,7,1.5
11,3,1,11.3,0.5

