,ID,timestamp,x,y,vx,vy,rgb_conf,lidar_conf,frame_index,YOLO_cls,L,T,R,B,X_LiDAR,Y_LiDAR,Z_LiDAR,l,w,h,rot
0,0,1726.000,33.350,-7.850,0.000,0.000,0.784,0.663,0,0,926.000,191.000,949.000,263.000,33.350,-7.850,-1.010,0.910,0.490,1.950,2.293
1,1,1726.000,25.972,-2.701,0.000,0.000,0.714,NaN,0,0,755.000,192.000,799.000,277.000,NaN,NaN,NaN,NaN,NaN,NaN,NaN
2,2,1726.000,30.280,-8.640,0.000,0.000,0.707,0.153,0,0,985.000,191.000,1016.000,266.000,30.280,-8.640,-1.120,1.870,0.660,1.840,-1.033
3,3,1726.000,30.595,-6.306,0.000,0.000,0.655,NaN,0,0,877.000,191.000,908.000,266.000,NaN,NaN,NaN,NaN,NaN,NaN,NaN
4,5,1726.000,10.140,-7.430,0.000,0.000,NaN,1.000,0,0,1455.000,196.000,1772.000,456.000,10.140,-7.430,-1.220,1.920,0.560,1.770,-2.971
5,0,1727.000,33.267,-7.787,-0.074,0.041,0.834,0.959,1,0,922.000,191.000,946.000,264.000,33.250,-7.770,-1.110,0.860,0.480,1.760,2.504
6,1,1727.000,26.057,-2.954,0.072,-0.227,0.746,NaN,1,0,760.000,192.000,805.000,274.000,NaN,NaN,NaN,NaN,NaN,NaN,NaN
7,2,1727.000,30.359,-8.738,0.044,-0.073,0.619,0.082,1,0,994.000,190.000,1017.000,262.000,30.380,-8.770,-1.140,1.010,0.610,1.890,-0.872
8,3,1727.000,30.576,-6.026,-0.048,0.132,0.588,0.784,1,0,871.000,191.000,901.000,265.000,30.530,-5.940,-1.060,1.940,0.570,1.870,2.499
9,5,1727.000,9.891,-7.460,-0.180,-0.027,NaN,1.000,1,0,1495.000,198.000,1808.000,472.000,9.820,-7.480,-1.260,1.790,0.510,1.810,-2.974
10,6,1727.000,34.631,-11.221,0.000,0.000,0.480,NaN,1,0,1036.000,187.000,1063.000,259.000,NaN,NaN,NaN,NaN,NaN,NaN,NaN
11,7,1727.000,39.459,-16.203,0.000,0.000,0.475,NaN,1,0,1152.000,191.000,1176.000,247.000,NaN,NaN,NaN,NaN,NaN,NaN,NaN
12,0,1729.000,33.197,-7.643,-0.076,0.107,0.780,0.945,2,0,918.000,194.000,943.000,264.000,33.210,-7.610,-1.060,0.840,0.510,1.870,2.595
13,1,1729.000,26.243,-3.079,0.138,-0.182,0.748,0.578,2,0,770.000,191.000,815.000,269.000,26.340,-3.080,-1.070,0.940,0.590,1.780,-0.951
14,2,1729.000,30.520,-8.912,0.127,-0.160,0.758,0.673,2,0,1004.000,194.000,1030.000,263.000,30.530,-8.940,-1.140,0.960,0.500,1.780,-0.804
15,3,1729.000,30.429,-5.930,-0.090,0.102,0.282,0.878,2,0,873.000,191.000,890.000,253.000,30.430,-5.840,-1.050,0.850,0.570,1.760,-0.797
16,5,1729.000,9.426,-7.542,-0.358,-0.009,NaN,0.999,2,0,1529.000,194.000,1889.000,479.000,9.430,-7.560,-1.220,1.900,0.560,1.790,-2.967
17,6,1729.000,34.600,-11.073,-0.009,0.108,0.594,NaN,2,0,1036.000,195.000,1057.000,259.000,NaN,NaN,NaN,NaN,NaN,NaN,NaN
18,7,1729.000,39.462,-16.243,-0.003,-0.025,0.418,NaN,2,0,1151.000,192.000,1169.000,243.000,NaN,NaN,NaN,NaN,NaN,NaN,NaN
19,0,1730.000,33.114,-7.459,-0.077,0.135,0.674,0.466,3,0,914.000,192.000,940.000,262.000,33.120,-7.420,-1.070,0.880,0.540,1.730,-0.873
20,1,1730.000,26.375,-3.313,0.130,-0.207,0.758,NaN,3,0,775.000,192.000,821.000,269.000,NaN,NaN,NaN,NaN,NaN,NaN,NaN
21,2,1730.000,30.745,-9.148,0.199,-0.197,0.692,0.203,3,0,1010.000,192.000,1036.000,262.000,30.810,-9.250,-1.100,0.890,0.570,1.820,-0.866
22,3,1730.000,30.361,-5.764,-0.081,0.146,0.472,0.116,3,0,863.000,192.000,887.000,269.000,30.400,-5.660,-1.030,1.790,0.650,1.760,-0.928
23,5,1730.000,9.070,-7.614,-0.348,-0.033,NaN,0.984,3,0,1577.000,174.000,1969.000,505.000,9.030,-7.650,-1.200,1.900,0.610,1.980,-3.022
24,6,1730.000,34.547,-10.945,-0.022,0.115,0.719,NaN,3,0,1033.000,195.000,1054.000,259.000,NaN,NaN,NaN,NaN,NaN,NaN,NaN
25,7,1730.000,39.398,-16.223,-0.055,0.009,0.133,NaN,3,0,1145.000,198.000,1168.000,241.000,NaN,NaN,NaN,NaN,NaN,NaN,NaN
26,0,1732.000,32.905,-7.345,-0.121,0.132,0.653,NaN,4,0,911.000,191.000,930.000,264.000,NaN,NaN,NaN,NaN,NaN,NaN,NaN
27,1,1732.000,26.545,-3.577,0.148,-0.236,0.707,NaN,4,0,785.000,192.000,831.000,265.000,NaN,NaN,NaN,NaN,NaN,NaN,NaN
28,2,1732.000,31.002,-9.458,0.222,-0.251,0.571,0.070,4,0,1016.000,196.000,1050.000,256.000,31.120,-9.590,-1.120,1.750,0.570,1.980,-0.865
29,3,1732.000,30.277,-5.627,-0.084,0.138,NaN,NaN,4,0,NaN,NaN,NaN,NaN,NaN,NaN,NaN,NaN,NaN,NaN,NaN
30,5,1732.000,8.725,-7.647,-0.344,-0.034,NaN,NaN,4,0,NaN,NaN,NaN,NaN,NaN,NaN,NaN,NaN,NaN,NaN,NaN
31,6,1732.000,34.533,-10.828,-0.014,0.116,NaN,NaN,4,0,NaN,NaN,NaN,NaN,NaN,NaN,NaN,NaN,NaN,NaN,NaN
32,7,1732.000,39.276,-16.004,-0.100,0.092,0.560,NaN,4,0,1141.000,190.000,1164.000,239.000,NaN,NaN,NaN,NaN,NaN,NaN,NaN
33,0,1733.000,32.742,-7.248,-0.136,0.118,0.715,NaN,5,0,906.000,191.000,930.000,263.000,NaN,NaN,NaN,NaN,NaN,NaN,NaN
34,1,1733.000,26.807,-3.751,0.205,-0.185,0.747,0.230,5,0,792.000,184.000,829.000,265.000,26.890,-3.730,-1.120,1.920,0.510,1.950,-0.849
35,2,1733.000,31.211,-9.755,0.221,-0.273,0.385,0.117,5,0,1011.000,197.000,1045.000,253.000,31.240,-9.790,-0.990,0.790,0.610,1.600,-1.056
36,3,1733.000,30.191,-5.485,-0.086,0.142,NaN,NaN,5,0,NaN,NaN,NaN,NaN,NaN,NaN,NaN,NaN,NaN,NaN,NaN
37,5,1733.000,8.379,-7.682,-0.347,-0.035,NaN,NaN,5,0,NaN,NaN,NaN,NaN,NaN,NaN,NaN,NaN,NaN,NaN,NaN
38,6,1733.000,34.422,-10.455,-0.049,0.193,0.120,NaN,5,0,1013.000,196.000,1028.000,222.000,NaN,NaN,NaN,NaN,NaN,NaN,NaN
39,7,1733.000,39.187,-15.880,-0.087,0.115,0.621,0.197,5,0,1138.000,190.000,1162.000,234.000,39.180,-15.820,-1.070,1.870,0.550,1.740,2.274
40,0,1735.000,32.742,-7.056,-0.079,0.140,0.742,0.209,6,0,895.000,192.000,925.000,264.000,32.830,-7.060,-0.880,0.800,0.750,1.740,2.151
41,1,1735.000,27.051,-3.943,0.227,-0.190,0.419,0.230,6,0,801.000,192.000,835.000,261.000,27.040,-3.980,-1.190,1.750,0.570,1.940,-0.921
42,2,1735.000,31.411,-9.977,0.206,-0.255,0.456,0.411,6,0,1035.000,197.000,1054.000,252.000,31.400,-9.940,-1.080,0.570,0.410,1.810,-0.866
43,3,1735.000,30.111,-5.345,-0.080,0.140,NaN,NaN,6,0,NaN,NaN,NaN,NaN,NaN,NaN,NaN,NaN,NaN,NaN,NaN
44,5,1735.000,8.031,-7.719,-0.347,-0.037,NaN,NaN,6,0,NaN,NaN,NaN,NaN,NaN,NaN,NaN,NaN,NaN,NaN,NaN
45,6,1735.000,34.321,-10.208,-0.071,0.230,0.142,NaN,6,0,1005.000,198.000,1025.000,233.000,NaN,NaN,NaN,NaN,NaN,NaN,NaN
46,7,1735.000,38.993,-15.739,-0.135,0.125,0.699,NaN,6,0,1135.000,190.000,1158.000,244.000,NaN,NaN,NaN,NaN,NaN,NaN,NaN
47,0,1736.000,32.678,-6.879,-0.065,0.161,0.780,NaN,7,0,888.000,193.000,924.000,265.000,NaN,NaN,NaN,NaN,NaN,NaN,NaN
48,1,1736.000,27.203,-4.415,0.190,-0.305,0.218,NaN,7,0,832.000,193.000,856.000,232.000,NaN,NaN,NaN,NaN,NaN,NaN,NaN
49,2,1736.000,31.620,-10.241,0.209,-0.264,NaN,NaN,7,0,NaN,NaN,NaN,NaN,NaN,NaN,NaN,NaN,NaN,NaN,NaN
50,3,1736.000,30.031,-5.201,-0.080,0.144,NaN,NaN,7,0,NaN,NaN,NaN,NaN,NaN,NaN,NaN,NaN,NaN,NaN,NaN
51,5,1736.000,7.681,-7.760,-0.350,-0.041,NaN,NaN,7,0,NaN,NaN,NaN,NaN,NaN,NaN,NaN,NaN,NaN,NaN,NaN
52,6,1736.000,34.248,-9.994,-0.073,0.219,0.567,NaN,7,0,1001.000,199.000,1021.000,249.000,NaN,NaN,NaN,NaN,NaN,NaN,NaN
53,7,1736.000,38.806,-15.521,-0.157,0.180,0.649,NaN,7,0,1135.000,190.000,1155.000,240.000,NaN,NaN,NaN,NaN,NaN,NaN,NaN
54,9,1736.000,26.882,-3.841,0.000,0.000,0.693,NaN,7,0,807.000,192.000,842.000,262.000,NaN,NaN,NaN,NaN,NaN,NaN,NaN
55,0,1738.000,32.607,-6.711,-0.064,0.167,0.706,0.848,8,0,889.000,193.000,915.000,261.000,32.620,-6.720,-1.130,0.830,0.490,1.790,2.245
56,1,1738.000,27.409,-4.579,0.205,-0.241,0.735,0.855,8,0,815.000,192.000,853.000,268.000,27.390,-4.420,-1.190,1.860,0.590,2.020,-0.995
57,2,1738.000,31.834,-10.374,0.219,-0.211,0.476,0.061,8,0,1051.000,193.000,1084.000,256.000,31.830,-10.320,-1.290,0.920,0.440,1.730,2.253
58,3,1738.000,29.428,-4.724,-0.232,0.228,0.115,NaN,8,0,836.000,198.000,848.000,221.000,NaN,NaN,NaN,NaN,NaN,NaN,NaN
59,5,1738.000,7.334,-7.805,-0.348,-0.045,NaN,NaN,8,0,NaN,NaN,NaN,NaN,NaN,NaN,NaN,NaN,NaN,NaN,NaN
60,6,1738.000,34.206,-9.638,-0.072,0.269,0.570,0.281,8,0,987.000,197.000,1012.000,247.000,34.200,-9.540,-1.220,1.800,0.550,1.820,1.754
61,7,1738.000,38.818,-15.054,-0.078,0.259,0.612,NaN,8,0,1125.000,190.000,1149.000,240.000,NaN,NaN,NaN,NaN,NaN,NaN,NaN
62,9,1738.000,26.885,-3.869,0.013,-0.016,NaN,NaN,8,0,NaN,NaN,NaN,NaN,NaN,NaN,NaN,NaN,NaN,NaN,NaN
63,10,1738.000,22.340,2.330,0.000,0.000,0.867,0.087,8,0,454.000,194.000,498.000,304.000,22.340,2.330,-1.260,1.850,0.570,2.030,-0.432
64,0,1739.000,32.573,-6.583,-0.047,0.150,0.576,0.600,9,0,888.000,193.000,910.000,249.000,32.590,-6.610,-0.910,0.690,0.660,1.650,0.152
65,1,1739.000,27.809,-4.592,0.276,-0.170,0.739,0.357,9,0,816.000,190.000,853.000,262.000,29.110,-4.340,-1.160,1.720,0.600,1.790,-0.876
66,2,1739.000,32.034,-10.535,0.208,-0.181,0.401,NaN,9,0,1057.000,198.000,1088.000,260.000,NaN,NaN,NaN,NaN,NaN,NaN,NaN
67,3,1739.000,29.152,-4.441,-0.257,0.259,0.155,NaN,9,0,816.000,193.000,831.000,221.000,NaN,NaN,NaN,NaN,NaN,NaN,NaN
68,5,1739.000,6.987,-7.849,-0.347,-0.044,NaN,NaN,9,0,NaN,NaN,NaN,NaN,NaN,NaN,NaN,NaN,NaN,NaN,NaN
69,6,1739.000,34.200,-9.238,-0.046,0.311,0.548,0.057,9,0,978.000,198.000,1003.000,259.000,34.260,-9.180,-1.280,1.880,0.690,1.820,1.472
70,7,1739.000,38.618,-14.905,-0.125,0.218,0.263,NaN,9,0,1126.000,191.000,1147.000,216.000,NaN,NaN,NaN,NaN,NaN,NaN,NaN
71,9,1739.000,27.341,-4.169,0.217,-0.198,NaN,0.276,9,0,799.000,192.000,874.000,287.000,27.510,-4.460,-1.190,1.770,0.580,1.870,-0.761
72,10,1739.000,22.464,2.201,0.093,-0.074,0.843,NaN,9,0,468.000,194.000,511.000,301.000,NaN,NaN,NaN,NaN,NaN,NaN,NaN
73,0,1741.000,32.519,-6.487,-0.043,0.125,0.626,0.270,10,0,879.000,190.000,904.000,241.000,32.490,-6.500,-0.870,0.770,0.760,1.640,-0.068
74,1,1741.000,28.161,-4.725,0.351,-0.133,0.133,NaN,10,0,805.000,193.000,830.000,263.000,NaN,NaN,NaN,NaN,NaN,NaN,NaN
75,2,1741.000,32.256,-11.015,0.191,-0.310,0.659,0.367,10,0,1070.000,189.000,1097.000,253.000,32.280,-11.200,-1.160,0.910,0.460,1.700,2.077
76,3,1741.000,29.008,-4.235,-0.211,0.221,0.640,0.977,10,0,794.000,193.000,830.000,273.000,29.110,-4.220,-1.200,1.950,0.570,1.830,-0.846
77,5,1741.000,6.639,-7.897,-0.348,-0.047,NaN,NaN,10,0,NaN,NaN,NaN,NaN,NaN,NaN,NaN,NaN,NaN,NaN,NaN
78,6,1741.000,34.113,-9.057,-0.062,0.277,0.558,NaN,10,0,966.000,198.000,992.000,247.000,NaN,NaN,NaN,NaN,NaN,NaN,NaN
79,7,1741.000,38.471,-14.815,-0.111,0.135,0.274,NaN,10,0,1124.000,191.000,1141.000,217.000,NaN,NaN,NaN,NaN,NaN,NaN,NaN
80,9,1741.000,27.575,-4.385,0.216,-0.225,0.511,0.702,10,0,830.000,192.000,858.000,265.000,27.660,-4.570,-1.210,1.820,0.620,1.860,-0.668
81,10,1741.000,22.981,1.997,0.320,-0.180,0.828,NaN,10,0,486.000,194.000,528.000,297.000,NaN,NaN,NaN,NaN,NaN,NaN,NaN
82,11,1741.000,14.912,4.215,0.000,0.000,0.623,NaN,10,0,228.000,200.000,241.000,232.000,NaN,NaN,NaN,NaN,NaN,NaN,NaN
83,0,1742.000,32.327,-6.495,-0.114,0.072,0.447,NaN,11,0,878.000,191.000,898.000,228.000,NaN,NaN,NaN,NaN,NaN,NaN,NaN
84,1,1742.000,28.479,-4.756,0.346,-0.046,0.164,NaN,11,0,795.000,193.000,825.000,244.000,NaN,NaN,NaN,NaN,NaN,NaN,NaN
85,2,1742.000,32.474,-11.281,0.192,-0.298,0.486,0.943,11,0,1071.000,188.000,1094.000,259.000,32.500,-11.270,-1.210,0.710,0.670,1.830,0.283
86,3,1742.000,28.782,-3.979,-0.214,0.240,0.527,0.995,11,0,791.000,193.000,826.000,271.000,28.780,-3.950,-1.100,1.720,0.510,1.880,2.385
87,5,1742.000,6.290,-7.944,-0.348,-0.047,NaN,NaN,11,0,NaN,NaN,NaN,NaN,NaN,NaN,NaN,NaN,NaN,NaN,NaN
88,6,1742.000,34.053,-8.786,-0.070,0.276,0.600,NaN,11,0,956.000,194.000,986.000,252.000,NaN,NaN,NaN,NaN,NaN,NaN,NaN
89,7,1742.000,38.274,-14.649,-0.178,0.139,0.423,NaN,11,0,1121.000,191.000,1139.000,217.000,NaN,NaN,NaN,NaN,NaN,NaN,NaN
90,9,1742.000,27.671,-4.637,0.160,-0.233,NaN,0.610,11,0,827.000,192.000,862.000,282.000,27.570,-4.620,-1.160,0.520,0.450,1.820,-0.901
91,10,1742.000,23.498,1.885,0.367,-0.184,0.826,NaN,11,0,497.000,195.000,540.000,297.000,NaN,NaN,NaN,NaN,NaN,NaN,NaN
92,11,1742.000,14.905,4.228,0.015,0.008,0.110,NaN,11,0,227.000,200.000,241.000,220.000,NaN,NaN,NaN,NaN,NaN,NaN,NaN
93,12,1742.000,27.500,-4.520,0.000,0.000,0.705,0.841,11,0,835.000,191.000,857.000,232.000,27.500,-4.520,-1.130,0.930,0.430,1.810,2.824
94,0,1744.000,32.261,-6.256,-0.089,0.155,0.276,NaN,12,0,873.000,192.000,889.000,217.000,NaN,NaN,NaN,NaN,NaN,NaN,NaN
95,1,1744.000,28.796,-4.669,0.340,0.054,0.502,0.971,12,0,792.000,195.000,816.000,270.000,28.630,-3.840,-1.110,1.680,0.540,1.840,2.352
96,2,1744.000,32.345,-11.212,0.056,-0.167,0.100,NaN,12,0,1081.000,201.000,1108.000,233.000,NaN,NaN,NaN,NaN,NaN,NaN,NaN
97,3,1744.000,28.526,-3.725,-0.235,0.229,0.101,NaN,12,0,793.000,195.000,816.000,242.000,NaN,NaN,NaN,NaN,NaN,NaN,NaN
98,5,1744.000,5.938,-7.992,-0.352,-0.048,NaN,NaN,12,0,NaN,NaN,NaN,NaN,NaN,NaN,NaN,NaN,NaN,NaN,NaN
99,6,1744.000,33.998,-8.510,-0.069,0.265,0.572,NaN,12,0,942.000,194.000,968.000,247.000,NaN,NaN,NaN,NaN,NaN,NaN,NaN
100,7,1744.000,38.070,-14.555,-0.195,0.118,0.110,NaN,12,0,1121.000,192.000,1135.000,216.000,NaN,NaN,NaN,NaN,NaN,NaN,NaN
101,9,1744.000,27.817,-5.200,0.160,-0.395,0.353,NaN,12,0,872.000,192.000,894.000,264.000,NaN,NaN,NaN,NaN,NaN,NaN,NaN
102,10,1744.000,24.065,1.628,0.519,-0.239,0.723,0.115,12,0,510.000,191.000,552.000,294.000,24.420,1.520,-1.150,0.750,0.600,1.830,0.487
103,11,1744.000,14.926,4.247,0.024,0.007,0.217,NaN,12,0,226.000,200.000,240.000,232.000,NaN,NaN,NaN,NaN,NaN,NaN,NaN
104,12,1744.000,27.519,-4.507,0.003,0.009,NaN,NaN,12,0,NaN,NaN,NaN,NaN,NaN,NaN,NaN,NaN,NaN,NaN,NaN
105,0,1745.000,32.175,-6.100,-0.085,0.156,NaN,NaN,13,0,NaN,NaN,NaN,NaN,NaN,NaN,NaN,NaN,NaN,NaN,NaN
106,1,1745.000,29.108,-4.524,0.317,0.145,0.445,0.053,13,0,783.000,195.000,810.000,279.000,28.590,-3.520,-1.280,1.880,0.580,1.860,-0.933
107,2,1745.000,32.448,-11.438,0.103,-0.226,0.565,NaN,13,0,1087.000,197.000,1115.000,269.000,NaN,NaN,NaN,NaN,NaN,NaN,NaN
108,3,1745.000,28.343,-3.538,-0.199,0.206,0.110,0.936,13,0,771.000,196.000,802.000,279.000,28.390,-3.580,-1.140,1.670,0.580,1.830,-0.759
109,5,1745.000,5.587,-8.041,-0.351,-0.049,NaN,NaN,13,0,NaN,NaN,NaN,NaN,NaN,NaN,NaN,NaN,NaN,NaN,NaN
110,6,1745.000,34.022,-8.426,-0.034,0.174,0.698,NaN,13,0,934.000,193.000,965.000,250.000,NaN,NaN,NaN,NaN,NaN,NaN,NaN
111,7,1745.000,37.884,-14.436,-0.186,0.119,NaN,NaN,13,0,NaN,NaN,NaN,NaN,NaN,NaN,NaN,NaN,NaN,NaN,NaN
112,9,1745.000,27.981,-5.569,0.164,-0.369,0.139,NaN,13,0,869.000,192.000,897.000,267.000,NaN,NaN,NaN,NaN,NaN,NaN,NaN
113,10,1745.000,24.576,1.398,0.511,-0.230,0.682,NaN,13,0,517.000,183.000,559.000,268.000,NaN,NaN,NaN,NaN,NaN,NaN,NaN
114,11,1745.000,14.927,4.248,0.007,0.004,0.109,NaN,13,0,225.000,200.000,240.000,221.000,NaN,NaN,NaN,NaN,NaN,NaN,NaN
115,12,1745.000,27.636,-5.017,0.066,-0.253,0.350,NaN,13,0,861.000,199.000,888.000,271.000,NaN,NaN,NaN,NaN,NaN,NaN,NaN
116,0,1747.000,32.083,-5.938,-0.092,0.162,NaN,NaN,14,0,NaN,NaN,NaN,NaN,NaN,NaN,NaN,NaN,NaN,NaN,NaN
117,1,1747.000,29.426,-4.378,0.318,0.146,NaN,NaN,14,0,NaN,NaN,NaN,NaN,NaN,NaN,NaN,NaN,NaN,NaN,NaN
118,2,1747.000,32.594,-11.750,0.146,-0.297,0.683,NaN,14,0,1098.000,193.000,1123.000,259.000,NaN,NaN,NaN,NaN,NaN,NaN,NaN
119,3,1747.000,28.143,-3.372,-0.193,0.191,0.594,0.170,14,0,773.000,196.000,802.000,279.000,28.120,-3.390,-1.210,1.680,0.510,1.800,2.419
120,5,1747.000,5.238,-8.094,-0.349,-0.052,NaN,NaN,14,0,NaN,NaN,NaN,NaN,NaN,NaN,NaN,NaN,NaN,NaN,NaN
121,6,1747.000,34.026,-8.143,-0.011,0.231,0.659,NaN,14,0,922.000,191.000,951.000,252.000,NaN,NaN,NaN,NaN,NaN,NaN,NaN
122,7,1747.000,37.696,-14.323,-0.188,0.112,NaN,NaN,14,0,NaN,NaN,NaN,NaN,NaN,NaN,NaN,NaN,NaN,NaN,NaN
123,9,1747.000,28.135,-5.935,0.153,-0.367,NaN,NaN,14,0,NaN,NaN,NaN,NaN,NaN,NaN,NaN,NaN,NaN,NaN,NaN
124,10,1747.000,24.920,1.346,0.438,-0.180,0.545,NaN,14,0,528.000,193.000,566.000,281.000,NaN,NaN,NaN,NaN,NaN,NaN,NaN
125,11,1747.000,14.889,4.238,-0.013,0.009,0.158,NaN,14,0,222.000,201.000,236.000,238.000,NaN,NaN,NaN,NaN,NaN,NaN,NaN
126,12,1747.000,27.888,-5.248,0.101,-0.258,0.753,NaN,14,0,865.000,192.000,898.000,267.000,NaN,NaN,NaN,NaN,NaN,NaN,NaN
127,0,1748.000,31.993,-5.778,-0.090,0.160,NaN,NaN,15,0,NaN,NaN,NaN,NaN,NaN,NaN,NaN,NaN,NaN,NaN,NaN
128,1,1748.000,29.744,-4.231,0.319,0.147,NaN,NaN,15,0,NaN,NaN,NaN,NaN,NaN,NaN,NaN,NaN,NaN,NaN,NaN
129,2,1748.000,33.006,-11.934,0.309,-0.283,0.738,NaN,15,0,1102.000,192.000,1129.000,261.000,NaN,NaN,NaN,NaN,NaN,NaN,NaN
130,3,1748.000,27.853,-3.215,-0.212,0.181,0.656,0.144,15,0,758.000,196.000,798.000,278.000,27.740,-3.270,-1.060,1.060,0.560,1.870,2.291
131,5,1748.000,4.888,-8.143,-0.350,-0.050,NaN,NaN,15,0,NaN,NaN,NaN,NaN,NaN,NaN,NaN,NaN,NaN,NaN,NaN
132,6,1748.000,34.075,-7.818,0.007,0.276,0.339,0.290,15,0,917.000,191.000,940.000,232.000,34.110,-7.770,-1.050,1.780,0.540,1.870,1.629
133,7,1748.000,37.512,-14.214,-0.184,0.110,NaN,NaN,15,0,NaN,NaN,NaN,NaN,NaN,NaN,NaN,NaN,NaN,NaN,NaN
134,9,1748.000,28.294,-6.296,0.159,-0.360,NaN,NaN,15,0,NaN,NaN,NaN,NaN,NaN,NaN,NaN,NaN,NaN,NaN,NaN
135,10,1748.000,25.351,1.265,0.432,-0.134,0.475,NaN,15,0,530.000,192.000,569.000,257.000,NaN,NaN,NaN,NaN,NaN,NaN,NaN
136,11,1748.000,14.867,4.260,-0.022,0.023,NaN,NaN,15,0,NaN,NaN,NaN,NaN,NaN,NaN,NaN,NaN,NaN,NaN,NaN
137,12,1748.000,28.026,-5.323,0.113,-0.176,0.755,NaN,15,0,865.000,190.000,902.000,269.000,NaN,NaN,NaN,NaN,NaN,NaN,NaN
138,0,1750.000,31.903,-5.620,-0.090,0.158,NaN,NaN,16,0,NaN,NaN,NaN,NaN,NaN,NaN,NaN,NaN,NaN,NaN,NaN
139,1,1750.000,30.054,-4.086,0.310,0.144,NaN,NaN,16,0,NaN,NaN,NaN,NaN,NaN,NaN,NaN,NaN,NaN,NaN,NaN
140,2,1750.000,33.385,-12.247,0.356,-0.328,0.781,NaN,16,0,1098.000,189.000,1136.000,255.000,NaN,NaN,NaN,NaN,NaN,NaN,NaN
141,3,1750.000,27.681,-3.126,-0.202,0.143,0.456,0.174,16,0,757.000,196.000,790.000,276.000,27.630,-3.150,-1.200,1.790,0.570,1.750,-0.613
142,5,1750.000,4.535,-8.197,-0.353,-0.054,NaN,NaN,16,0,NaN,NaN,NaN,NaN,NaN,NaN,NaN,NaN,NaN,NaN,NaN
143,6,1750.000,34.080,-7.540,0.005,0.277,NaN,NaN,16,0,NaN,NaN,NaN,NaN,NaN,NaN,NaN,NaN,NaN,NaN,NaN
144,7,1750.000,37.322,-14.101,-0.190,0.112,NaN,NaN,16,0,NaN,NaN,NaN,NaN,NaN,NaN,NaN,NaN,NaN,NaN,NaN
145,9,1750.000,28.457,-6.662,0.163,-0.366,NaN,NaN,16,0,NaN,NaN,NaN,NaN,NaN,NaN,NaN,NaN,NaN,NaN,NaN
146,10,1750.000,26.305,1.127,0.629,-0.098,0.329,0.881,16,0,534.000,197.000,572.000,257.000,26.500,1.330,-1.040,1.780,0.560,1.720,0.638
147,11,1750.000,14.842,4.284,-0.025,0.024,NaN,NaN,16,0,NaN,NaN,NaN,NaN,NaN,NaN,NaN,NaN,NaN,NaN,NaN
148,12,1750.000,28.412,-5.699,0.238,-0.239,0.736,0.147,16,0,875.000,190.000,911.000,268.000,28.500,-5.730,-1.050,0.790,0.540,1.790,-1.296
149,0,1751.000,31.816,-5.462,-0.087,0.158,NaN,NaN,17,0,NaN,NaN,NaN,NaN,NaN,NaN,NaN,NaN,NaN,NaN,NaN
150,1,1751.000,30.360,-3.947,0.306,0.139,NaN,NaN,17,0,NaN,NaN,NaN,NaN,NaN,NaN,NaN,NaN,NaN,NaN,NaN
151,2,1751.000,33.772,-12.660,0.365,-0.405,0.778,0.066,17,0,1117.000,199.000,1142.000,256.000,33.860,-13.000,-1.360,0.810,0.510,1.690,-0.120
152,3,1751.000,27.326,-2.978,-0.278,0.157,0.587,0.743,17,0,749.000,197.000,790.000,275.000,27.190,-2.900,-1.150,1.850,0.710,1.910,2.537
153,5,1751.000,4.185,-8.249,-0.350,-0.052,NaN,NaN,17,0,NaN,NaN,NaN,NaN,NaN,NaN,NaN,NaN,NaN,NaN,NaN
154,6,1751.000,34.091,-7.260,0.011,0.280,NaN,NaN,17,0,NaN,NaN,NaN,NaN,NaN,NaN,NaN,NaN,NaN,NaN,NaN
155,7,1751.000,37.195,-13.791,-0.195,0.134,0.137,NaN,17,0,1102.000,192.000,1120.000,249.000,NaN,NaN,NaN,NaN,NaN,NaN,NaN
156,9,1751.000,28.619,-7.030,0.162,-0.368,NaN,NaN,17,0,NaN,NaN,NaN,NaN,NaN,NaN,NaN,NaN,NaN,NaN,NaN
157,10,1751.000,26.741,1.129,0.537,-0.051,0.204,NaN,17,0,536.000,196.000,574.000,255.000,NaN,NaN,NaN,NaN,NaN,NaN,NaN
158,11,1751.000,14.820,4.319,-0.022,0.035,NaN,NaN,17,0,NaN,NaN,NaN,NaN,NaN,NaN,NaN,NaN,NaN,NaN,NaN
159,12,1751.000,28.552,-5.881,0.184,-0.205,0.651,NaN,17,0,880.000,192.000,912.000,268.000,NaN,NaN,NaN,NaN,NaN,NaN,NaN
160,0,1753.000,31.727,-5.303,-0.089,0.159,NaN,NaN,18,0,NaN,NaN,NaN,NaN,NaN,NaN,NaN,NaN,NaN,NaN,NaN
161,1,1753.000,30.673,-3.805,0.314,0.142,NaN,NaN,18,0,NaN,NaN,NaN,NaN,NaN,NaN,NaN,NaN,NaN,NaN,NaN
162,2,1753.000,34.058,-13.167,0.342,-0.484,0.636,NaN,18,0,1124.000,202.000,1150.000,255.000,NaN,NaN,NaN,NaN,NaN,NaN,NaN
163,3,1753.000,26.963,-2.813,-0.315,0.169,0.553,0.983,18,0,749.000,198.000,780.000,272.000,26.910,-2.760,-1.190,1.890,0.580,1.830,2.704
164,5,1753.000,3.830,-8.299,-0.355,-0.050,NaN,NaN,18,0,NaN,NaN,NaN,NaN,NaN,NaN,NaN,NaN,NaN,NaN,NaN
165,6,1753.000,34.086,-6.877,0.011,0.296,0.190,NaN,18,0,872.000,192.000,898.000,238.000,NaN,NaN,NaN,NaN,NaN,NaN,NaN
166,7,1753.000,36.998,-13.648,-0.197,0.143,NaN,NaN,18,0,NaN,NaN,NaN,NaN,NaN,NaN,NaN,NaN,NaN,NaN,NaN
167,9,1753.000,28.782,-7.402,0.163,-0.372,NaN,NaN,18,0,NaN,NaN,NaN,NaN,NaN,NaN,NaN,NaN,NaN,NaN,NaN
168,10,1753.000,27.388,1.160,0.604,-0.014,0.383,0.326,18,0,539.000,187.000,575.000,278.000,27.460,1.260,-0.990,0.770,0.540,1.630,-0.187
169,11,1753.000,14.793,4.345,-0.026,0.025,NaN,NaN,18,0,NaN,NaN,NaN,NaN,NaN,NaN,NaN,NaN,NaN,NaN,NaN
170,12,1753.000,28.728,-6.169,0.185,-0.246,0.370,NaN,18,0,877.000,191.000,923.000,264.000,NaN,NaN,NaN,NaN,NaN,NaN,NaN
171,0,1754.000,31.642,-5.146,-0.085,0.157,NaN,NaN,19,0,NaN,NaN,NaN,NaN,NaN,NaN,NaN,NaN,NaN,NaN,NaN
172,1,1754.000,30.985,-3.664,0.312,0.141,NaN,NaN,19,0,NaN,NaN,NaN,NaN,NaN,NaN,NaN,NaN,NaN,NaN,NaN
173,2,1754.000,34.310,-13.611,0.302,-0.453,0.746,NaN,19,0,1130.000,199.000,1157.000,256.000,NaN,NaN,NaN,NaN,NaN,NaN,NaN
174,3,1754.000,26.555,-2.697,-0.329,0.158,0.549,NaN,19,0,743.000,198.000,777.000,273.000,NaN,NaN,NaN,NaN,NaN,NaN,NaN
175,5,1754.000,3.471,-8.350,-0.359,-0.052,NaN,NaN,19,0,NaN,NaN,NaN,NaN,NaN,NaN,NaN,NaN,NaN,NaN,NaN
176,6,1754.000,34.168,-6.741,0.026,0.228,0.732,NaN,19,0,867.000,192.000,896.000,250.000,NaN,NaN,NaN,NaN,NaN,NaN,NaN
177,7,1754.000,36.802,-13.508,-0.196,0.140,NaN,NaN,19,0,NaN,NaN,NaN,NaN,NaN,NaN,NaN,NaN,NaN,NaN,NaN
178,9,1754.000,28.945,-7.776,0.164,-0.374,NaN,NaN,19,0,NaN,NaN,NaN,NaN,NaN,NaN,NaN,NaN,NaN,NaN,NaN
179,10,1754.000,27.997,1.157,0.601,-0.011,0.596,0.168,19,0,539.000,187.000,576.000,254.000,27.970,1.230,-1.090,0.870,0.560,1.920,0.013
180,11,1754.000,14.767,4.382,-0.026,0.038,NaN,NaN,19,0,NaN,NaN,NaN,NaN,NaN,NaN,NaN,NaN,NaN,NaN,NaN
181,12,1754.000,28.816,-6.362,0.149,-0.233,0.588,NaN,19,0,898.000,190.000,930.000,271.000,NaN,NaN,NaN,NaN,NaN,NaN,NaN
182,0,1756.000,31.429,-5.136,-0.134,0.192,0.682,0.105,20,0,832.000,191.000,857.000,266.000,31.420,-5.110,-1.070,0.720,0.610,1.800,1.968
183,1,1756.000,31.301,-3.526,0.316,0.138,NaN,NaN,20,0,NaN,NaN,NaN,NaN,NaN,NaN,NaN,NaN,NaN,NaN,NaN
184,2,1756.000,34.581,-13.889,0.330,-0.359,0.759,NaN,20,0,1139.000,198.000,1164.000,251.000,NaN,NaN,NaN,NaN,NaN,NaN,NaN
185,3,1756.000,26.298,-2.606,-0.295,0.131,0.507,0.969,20,0,738.000,198.000,774.000,266.000,26.310,-2.630,-1.240,1.730,0.630,1.870,2.679
186,5,1756.000,3.104,-8.400,-0.366,-0.050,NaN,NaN,20,0,NaN,NaN,NaN,NaN,NaN,NaN,NaN,NaN,NaN,NaN,NaN
187,6,1756.000,34.182,-6.516,0.014,0.225,NaN,NaN,20,0,NaN,NaN,NaN,NaN,NaN,NaN,NaN,NaN,NaN,NaN,NaN
188,7,1756.000,36.605,-13.367,-0.197,0.141,NaN,NaN,20,0,NaN,NaN,NaN,NaN,NaN,NaN,NaN,NaN,NaN,NaN,NaN
189,9,1756.000,29.105,-8.142,0.160,-0.366,NaN,NaN,20,0,NaN,NaN,NaN,NaN,NaN,NaN,NaN,NaN,NaN,NaN,NaN
190,10,1756.000,28.473,1.230,0.550,0.040,0.646,0.933,20,0,542.000,185.000,576.000,252.000,28.400,1.310,-1.040,1.900,0.600,1.820,0.370
191,11,1756.000,14.982,4.273,0.021,-0.024,0.279,NaN,20,0,222.000,200.000,237.000,239.000,NaN,NaN,NaN,NaN,NaN,NaN,NaN
192,12,1756.000,28.851,-6.380,0.100,-0.152,0.736,NaN,20,0,906.000,191.000,939.000,271.000,NaN,NaN,NaN,NaN,NaN,NaN,NaN
193,0,1757.000,31.229,-4.928,-0.188,0.193,0.711,NaN,21,0,830.000,193.000,854.000,265.000,NaN,NaN,NaN,NaN,NaN,NaN,NaN
194,1,1757.000,31.619,-3.390,0.318,0.136,NaN,NaN,21,0,NaN,NaN,NaN,NaN,NaN,NaN,NaN,NaN,NaN,NaN,NaN
195,2,1757.000,34.860,-14.109,0.282,-0.268,0.732,NaN,21,0,1145.000,200.000,1168.000,251.000,NaN,NaN,NaN,NaN,NaN,NaN,NaN
196,3,1757.000,25.991,-2.574,-0.314,0.087,0.743,NaN,21,0,735.000,199.000,771.000,272.000,NaN,NaN,NaN,NaN,NaN,NaN,NaN
197,5,1757.000,2.737,-8.456,-0.367,-0.056,NaN,NaN,21,0,NaN,NaN,NaN,NaN,NaN,NaN,NaN,NaN,NaN,NaN,NaN
198,6,1757.000,34.197,-6.301,0.015,0.215,NaN,NaN,21,0,NaN,NaN,NaN,NaN,NaN,NaN,NaN,NaN,NaN,NaN,NaN
199,7,1757.000,36.422,-13.224,-0.183,0.143,NaN,NaN,21,0,NaN,NaN,NaN,NaN,NaN,NaN,NaN,NaN,NaN,NaN,NaN
200,9,1757.000,29.271,-8.513,0.166,-0.370,NaN,NaN,21,0,NaN,NaN,NaN,NaN,NaN,NaN,NaN,NaN,NaN,NaN,NaN
201,10,1757.000,28.983,1.302,0.530,0.059,0.794,0.460,21,0,541.000,185.000,575.000,253.000,28.990,1.290,-1.000,0.890,0.550,1.790,-0.809
202,11,1757.000,14.957,4.257,-0.016,-0.018,0.207,NaN,21,0,223.000,200.000,238.000,236.000,NaN,NaN,NaN,NaN,NaN,NaN,NaN
203,12,1757.000,29.069,-6.613,0.147,-0.219,0.767,NaN,21,0,914.000,191.000,942.000,269.000,NaN,NaN,NaN,NaN,NaN,NaN,NaN
204,0,1759.000,31.254,-5.082,-0.082,0.089,0.111,NaN,22,0,834.000,189.000,854.000,235.000,NaN,NaN,NaN,NaN,NaN,NaN,NaN
205,1,1759.000,31.320,-4.822,0.304,-0.140,0.693,0.659,22,0,822.000,194.000,853.000,268.000,31.250,-4.960,-1.090,0.800,0.640,1.660,-0.509
206,2,1759.000,35.083,-14.425,0.239,-0.302,0.714,NaN,22,0,1153.000,200.000,1176.000,252.000,NaN,NaN,NaN,NaN,NaN,NaN,NaN
207,3,1759.000,25.707,-2.499,-0.297,0.081,0.634,0.066,22,0,732.000,199.000,769.000,274.000,25.760,-2.500,-1.230,1.870,0.540,1.870,2.900
208,5,1759.000,2.379,-8.517,-0.358,-0.061,NaN,NaN,22,0,NaN,NaN,NaN,NaN,NaN,NaN,NaN,NaN,NaN,NaN,NaN
209,6,1759.000,34.212,-6.078,0.016,0.222,NaN,NaN,22,0,NaN,NaN,NaN,NaN,NaN,NaN,NaN,NaN,NaN,NaN,NaN
210,7,1759.000,36.156,-12.786,-0.166,0.230,0.511,NaN,22,0,1078.000,191.000,1098.000,253.000,NaN,NaN,NaN,NaN,NaN,NaN,NaN
211,9,1759.000,29.441,-8.887,0.170,-0.374,NaN,NaN,22,0,NaN,NaN,NaN,NaN,NaN,NaN,NaN,NaN,NaN,NaN,NaN
212,10,1759.000,29.477,1.391,0.516,0.062,0.254,0.140,22,0,541.000,186.000,572.000,250.000,29.470,1.380,-1.080,1.900,0.490,1.790,-2.669
213,11,1759.000,14.938,4.245,-0.019,-0.012,NaN,NaN,22,0,NaN,NaN,NaN,NaN,NaN,NaN,NaN,NaN,NaN,NaN,NaN
214,12,1759.000,29.302,-6.922,0.181,-0.283,0.578,NaN,22,0,922.000,190.000,952.000,266.000,NaN,NaN,NaN,NaN,NaN,NaN,NaN
215,0,1760.000,31.088,-4.905,-0.132,0.130,0.680,0.259,23,0,816.000,192.000,847.000,272.000,31.050,-4.800,-1.170,0.700,0.650,1.860,-0.403
216,1,1760.000,31.634,-4.960,0.314,-0.138,NaN,NaN,23,0,NaN,NaN,NaN,NaN,NaN,NaN,NaN,NaN,NaN,NaN,NaN
217,2,1760.000,35.436,-14.752,0.303,-0.312,NaN,0.060,23,0,1160.000,199.000,1186.000,264.000,35.500,-14.780,-1.180,1.640,0.420,1.680,-0.469
218,3,1760.000,25.350,-2.378,-0.314,0.101,0.689,0.077,23,0,731.000,200.000,768.000,275.000,25.310,-2.350,-1.170,1.850,0.490,1.840,2.926
219,5,1760.000,2.016,-8.577,-0.363,-0.060,NaN,NaN,23,0,NaN,NaN,NaN,NaN,NaN,NaN,NaN,NaN,NaN,NaN,NaN
220,6,1760.000,34.230,-5.863,0.017,0.215,NaN,NaN,23,0,NaN,NaN,NaN,NaN,NaN,NaN,NaN,NaN,NaN,NaN,NaN
221,7,1760.000,36.031,-12.641,-0.175,0.206,0.509,NaN,23,0,1076.000,192.000,1097.000,253.000,NaN,NaN,NaN,NaN,NaN,NaN,NaN
222,9,1760.000,29.606,-9.259,0.165,-0.372,NaN,NaN,23,0,NaN,NaN,NaN,NaN,NaN,NaN,NaN,NaN,NaN,NaN,NaN
223,10,1760.000,29.987,1.429,0.514,0.066,0.521,0.938,23,0,541.000,188.000,571.000,253.000,30.000,1.440,-1.070,0.820,0.570,1.870,0.618
224,11,1760.000,14.926,4.239,-0.012,-0.006,NaN,NaN,23,0,NaN,NaN,NaN,NaN,NaN,NaN,NaN,NaN,NaN,NaN,NaN
225,12,1760.000,29.499,-7.192,0.193,-0.268,0.770,NaN,23,0,927.000,190.000,959.000,265.000,NaN,NaN,NaN,NaN,NaN,NaN,NaN
226,0,1762.000,30.963,-4.729,-0.118,0.161,0.754,0.644,24,0,800.000,192.000,838.000,268.000,30.990,-4.660,-1.100,0.760,0.510,1.810,2.507
227,1,1762.000,31.297,-4.840,0.125,0.003,0.265,0.512,24,0,798.000,186.000,820.000,240.000,31.000,-4.630,-1.100,0.430,0.440,1.860,2.381
228,2,1762.000,35.524,-15.054,0.202,-0.302,0.672,NaN,24,0,1166.000,201.000,1187.000,249.000,NaN,NaN,NaN,NaN,NaN,NaN,NaN
229,3,1762.000,25.002,-2.369,-0.326,0.066,0.758,0.203,24,0,731.000,200.000,768.000,271.000,24.980,-2.420,-1.170,1.810,0.620,1.940,2.887
230,5,1762.000,1.648,-8.642,-0.368,-0.065,NaN,NaN,24,0,NaN,NaN,NaN,NaN,NaN,NaN,NaN,NaN,NaN,NaN,NaN
231,6,1762.000,34.764,-4.881,0.115,0.362,0.102,NaN,24,0,803.000,184.000,815.000,214.000,NaN,NaN,NaN,NaN,NaN,NaN,NaN
232,7,1762.000,35.811,-12.475,-0.200,0.175,0.365,NaN,24,0,1069.000,190.000,1093.000,258.000,NaN,NaN,NaN,NaN,NaN,NaN,NaN
233,9,1762.000,29.775,-9.627,0.169,-0.369,NaN,NaN,24,0,NaN,NaN,NaN,NaN,NaN,NaN,NaN,NaN,NaN,NaN,NaN
234,10,1762.000,30.491,1.542,0.508,0.091,NaN,0.511,24,0,535.000,188.000,570.000,271.000,30.470,1.560,-1.110,0.880,0.470,1.810,0.484
235,11,1762.000,14.916,4.227,-0.011,-0.012,NaN,NaN,24,0,NaN,NaN,NaN,NaN,NaN,NaN,NaN,NaN,NaN,NaN,NaN
236,12,1762.000,29.706,-7.500,0.187,-0.284,0.734,NaN,24,0,937.000,189.000,970.000,263.000,NaN,NaN,NaN,NaN,NaN,NaN,NaN
237,0,1763.000,30.952,-4.568,-0.070,0.158,0.803,0.328,25,0,810.000,192.000,834.000,272.000,31.020,-4.590,-1.190,0.720,0.670,1.770,-1.226
238,1,1763.000,31.416,-4.840,0.119,-0.000,NaN,NaN,25,0,NaN,NaN,NaN,NaN,NaN,NaN,NaN,NaN,NaN,NaN,NaN
239,2,1763.000,35.742,-15.353,0.217,-0.300,NaN,NaN,25,0,NaN,NaN,NaN,NaN,NaN,NaN,NaN,NaN,NaN,NaN,NaN
240,3,1763.000,24.665,-2.303,-0.330,0.070,0.679,0.909,25,0,733.000,200.000,769.000,282.000,24.670,-2.290,-1.230,1.650,0.550,1.780,-3.158
241,5,1763.000,1.285,-8.699,-0.362,-0.057,NaN,NaN,25,0,NaN,NaN,NaN,NaN,NaN,NaN,NaN,NaN,NaN,NaN,NaN
242,6,1763.000,34.674,-4.576,0.117,0.321,0.151,NaN,25,0,783.000,197.000,796.000,239.000,NaN,NaN,NaN,NaN,NaN,NaN,NaN
243,7,1763.000,35.594,-12.156,-0.219,0.223,0.273,NaN,25,0,1069.000,194.000,1091.000,256.000,NaN,NaN,NaN,NaN,NaN,NaN,NaN
244,9,1763.000,29.939,-9.999,0.164,-0.372,NaN,NaN,25,0,NaN,NaN,NaN,NaN,NaN,NaN,NaN,NaN,NaN,NaN,NaN
245,10,1763.000,31.046,1.595,0.527,0.077,0.225,0.064,25,0,534.000,185.000,565.000,255.000,31.070,1.590,-0.980,0.670,0.730,1.770,0.386
246,11,1763.000,14.907,4.222,-0.008,-0.005,NaN,NaN,25,0,NaN,NaN,NaN,NaN,NaN,NaN,NaN,NaN,NaN,NaN,NaN
247,12,1763.000,30.080,-7.725,0.265,-0.278,0.681,0.949,25,0,943.000,187.000,973.000,260.000,30.230,-7.710,-1.220,1.980,0.590,1.850,-0.987
248,0,1765.000,30.835,-4.397,-0.089,0.160,0.785,0.995,26,0,797.000,189.000,830.000,273.000,30.810,-4.370,-1.050,0.890,0.530,1.780,2.224
249,1,1765.000,31.538,-4.840,0.123,0.000,NaN,NaN,26,0,NaN,NaN,NaN,NaN,NaN,NaN,NaN,NaN,NaN,NaN,NaN
250,2,1765.000,35.964,-15.650,0.223,-0.296,NaN,NaN,26,0,NaN,NaN,NaN,NaN,NaN,NaN,NaN,NaN,NaN,NaN,NaN
251,3,1765.000,24.326,-2.294,-0.317,0.039,0.727,0.964,26,0,736.000,200.000,776.000,279.000,24.290,-2.340,-1.200,1.730,0.530,1.830,-3.034
252,5,1765.000,0.921,-8.761,-0.364,-0.061,NaN,NaN,26,0,NaN,NaN,NaN,NaN,NaN,NaN,NaN,NaN,NaN,NaN,NaN
253,6,1765.000,34.825,-4.319,0.151,0.290,0.527,0.460,26,0,775.000,185.000,803.000,251.000,34.920,-4.380,-0.870,1.670,0.580,1.700,-1.707
254,7,1765.000,35.378,-11.931,-0.216,0.224,NaN,NaN,26,0,NaN,NaN,NaN,NaN,NaN,NaN,NaN,NaN,NaN,NaN,NaN
255,9,1765.000,30.099,-10.374,0.161,-0.375,NaN,NaN,26,0,NaN,NaN,NaN,NaN,NaN,NaN,NaN,NaN,NaN,NaN,NaN
256,10,1765.000,31.514,1.706,0.504,0.093,0.752,NaN,26,0,530.000,190.000,559.000,259.000,NaN,NaN,NaN,NaN,NaN,NaN,NaN
257,11,1765.000,14.873,4.226,-0.030,0.019,0.275,NaN,26,0,226.000,200.000,240.000,242.000,NaN,NaN,NaN,NaN,NaN,NaN,NaN
258,12,1765.000,30.197,-7.837,0.166,-0.176,0.756,NaN,26,0,951.000,189.000,981.000,257.000,NaN,NaN,NaN,NaN,NaN,NaN,NaN
259,0,1766.000,30.715,-4.233,-0.093,0.166,0.390,0.189,27,0,771.000,190.000,793.000,270.000,30.730,-4.200,-1.170,0.980,0.530,1.820,2.469
260,1,1766.000,31.373,-4.632,0.006,0.055,0.752,0.306,27,0,790.000,191.000,830.000,276.000,30.770,-4.270,-1.240,0.950,0.670,1.600,0.493
261,2,1766.000,36.187,-15.947,0.222,-0.297,NaN,NaN,27,0,NaN,NaN,NaN,NaN,NaN,NaN,NaN,NaN,NaN,NaN,NaN
262,3,1766.000,24.016,-2.317,-0.325,0.015,0.581,0.076,27,0,738.000,200.000,779.000,292.000,24.030,-2.400,-1.100,0.850,0.520,1.730,0.170
263,5,1766.000,0.564,-8.821,-0.357,-0.060,NaN,NaN,27,0,NaN,NaN,NaN,NaN,NaN,NaN,NaN,NaN,NaN,NaN,NaN
264,6,1766.000,34.998,-4.074,0.171,0.269,0.209,0.215,27,0,772.000,191.000,792.000,243.000,35.030,-4.120,-0.860,0.790,0.690,1.800,1.345
265,7,1766.000,35.169,-11.706,-0.209,0.225,NaN,NaN,27,0,NaN,NaN,NaN,NaN,NaN,NaN,NaN,NaN,NaN,NaN,NaN
266,9,1766.000,30.255,-10.754,0.156,-0.380,NaN,NaN,27,0,NaN,NaN,NaN,NaN,NaN,NaN,NaN,NaN,NaN,NaN,NaN
267,10,1766.000,32.087,1.842,0.526,0.118,0.784,0.268,27,0,524.000,184.000,557.000,261.000,32.100,1.870,-0.980,0.880,0.590,1.940,0.723
268,11,1766.000,14.887,4.227,-0.023,0.023,0.370,NaN,27,0,227.000,200.000,242.000,242.000,NaN,NaN,NaN,NaN,NaN,NaN,NaN
269,12,1766.000,30.511,-8.075,0.223,-0.213,0.723,0.583,27,0,958.000,189.000,986.000,256.000,30.630,-8.190,-1.160,1.870,0.620,1.750,-1.012
270,0,1768.000,30.609,-4.090,-0.095,0.157,NaN,0.255,28,0,781.000,189.000,818.000,272.000,30.610,-4.100,-1.110,0.510,0.640,1.840,2.502
271,1,1768.000,31.274,-4.601,-0.081,0.058,0.759,0.353,28,0,790.000,193.000,825.000,272.000,30.590,-4.130,-1.130,0.970,0.690,1.860,2.788
272,2,1768.000,36.514,-16.217,0.240,-0.285,0.117,NaN,28,0,1210.000,192.000,1228.000,220.000,NaN,NaN,NaN,NaN,NaN,NaN,NaN
273,3,1768.000,23.542,-2.357,-0.375,0.003,0.708,NaN,28,0,743.000,199.000,785.000,294.000,NaN,NaN,NaN,NaN,NaN,NaN,NaN
274,5,1768.000,0.207,-8.876,-0.357,-0.056,NaN,NaN,28,0,NaN,NaN,NaN,NaN,NaN,NaN,NaN,NaN,NaN,NaN,NaN
275,6,1768.000,35.123,-3.668,0.161,0.318,0.109,NaN,28,0,756.000,190.000,770.000,216.000,NaN,NaN,NaN,NaN,NaN,NaN,NaN
276,7,1768.000,34.967,-11.512,-0.209,0.226,0.654,NaN,28,0,1045.000,188.000,1073.000,256.000,NaN,NaN,NaN,NaN,NaN,NaN,NaN
277,9,1768.000,30.408,-11.130,0.153,-0.376,NaN,NaN,28,0,NaN,NaN,NaN,NaN,NaN,NaN,NaN,NaN,NaN,NaN,NaN
278,10,1768.000,32.644,2.002,0.538,0.135,0.695,0.334,28,0,520.000,184.000,550.000,263.000,32.680,2.050,-1.080,0.680,0.730,1.810,0.370
279,11,1768.000,14.870,4.225,-0.024,0.014,0.256,NaN,28,0,228.000,200.000,243.000,246.000,NaN,NaN,NaN,NaN,NaN,NaN,NaN
280,12,1768.000,30.805,-8.338,0.259,-0.244,0.708,0.518,28,0,967.000,190.000,998.000,254.000,30.910,-8.410,-1.150,1.910,0.570,1.930,-0.909
281,0,1769.000,30.476,-3.937,-0.106,0.152,0.801,0.179,29,0,789.000,193.000,820.000,271.000,30.450,-3.960,-1.140,0.720,0.670,1.770,-0.737
282,1,1769.000,31.193,-4.548,-0.081,0.053,NaN,NaN,29,0,NaN,NaN,NaN,NaN,NaN,NaN,NaN,NaN,NaN,NaN,NaN
283,2,1769.000,36.758,-16.507,0.244,-0.290,NaN,NaN,29,0,NaN,NaN,NaN,NaN,NaN,NaN,NaN,NaN,NaN,NaN,NaN
284,3,1769.000,23.327,-2.482,-0.300,-0.053,0.728,0.500,29,0,747.000,201.000,790.000,293.000,23.530,-2.590,-1.220,1.700,0.530,1.710,0.248
285,5,1769.000,-0.154,-8.929,-0.361,-0.053,NaN,NaN,29,0,NaN,NaN,NaN,NaN,NaN,NaN,NaN,NaN,NaN,NaN,NaN
286,6,1769.000,35.205,-3.391,0.119,0.303,0.283,NaN,29,0,743.000,189.000,765.000,242.000,NaN,NaN,NaN,NaN,NaN,NaN,NaN
287,7,1769.000,35.000,-11.291,-0.141,0.242,0.228,0.192,29,0,1048.000,189.000,1071.000,249.000,35.050,-11.270,-1.280,0.780,0.590,1.750,1.976
288,9,1769.000,30.560,-11.501,0.151,-0.371,NaN,NaN,29,0,NaN,NaN,NaN,NaN,NaN,NaN,NaN,NaN,NaN,NaN,NaN
289,10,1769.000,33.149,2.173,0.523,0.156,0.781,0.490,29,0,518.000,183.000,547.000,263.000,33.090,2.210,-1.180,1.900,0.620,1.680,-2.790
290,11,1769.000,14.843,4.249,-0.026,0.024,NaN,NaN,29,0,NaN,NaN,NaN,NaN,NaN,NaN,NaN,NaN,NaN,NaN,NaN
291,12,1769.000,30.923,-8.405,0.178,-0.165,0.737,NaN,29,0,972.000,188.000,1003.000,251.000,NaN,NaN,NaN,NaN,NaN,NaN,NaN
292,0,1771.000,30.342,-3.864,-0.113,0.104,0.621,0.124,30,0,756.000,190.000,808.000,286.000,30.340,-3.930,-1.040,0.980,0.640,1.820,1.743
293,1,1771.000,31.116,-4.496,-0.077,0.052,NaN,NaN,30,0,NaN,NaN,NaN,NaN,NaN,NaN,NaN,NaN,NaN,NaN,NaN
294,2,1771.000,37.000,-16.799,0.241,-0.293,NaN,NaN,30,0,NaN,NaN,NaN,NaN,NaN,NaN,NaN,NaN,NaN,NaN,NaN
295,3,1771.000,23.133,-2.574,-0.237,-0.085,0.641,0.055,30,0,726.000,189.000,752.000,252.000,23.230,-2.710,-1.130,1.690,0.610,1.730,-0.644
296,5,1771.000,-0.515,-8.988,-0.361,-0.059,NaN,NaN,30,0,NaN,NaN,NaN,NaN,NaN,NaN,NaN,NaN,NaN,NaN,NaN
297,6,1771.000,35.328,-3.088,0.123,0.303,NaN,NaN,30,0,NaN,NaN,NaN,NaN,NaN,NaN,NaN,NaN,NaN,NaN,NaN
298,7,1771.000,34.884,-11.034,-0.133,0.250,0.711,0.069,30,0,1033.000,191.000,1058.000,255.000,34.910,-10.970,-1.250,0.990,0.600,1.870,-0.735
299,9,1771.000,30.708,-11.867,0.149,-0.366,NaN,NaN,30,0,NaN,NaN,NaN,NaN,NaN,NaN,NaN,NaN,NaN,NaN,NaN
300,10,1771.000,33.729,2.316,0.545,0.157,0.730,0.312,30,0,512.000,184.000,539.000,264.000,33.740,2.310,-1.050,0.740,0.580,1.780,0.017
301,11,1771.000,14.820,4.286,-0.023,0.037,NaN,NaN,30,0,NaN,NaN,NaN,NaN,NaN,NaN,NaN,NaN,NaN,NaN,NaN
302,12,1771.000,31.028,-8.508,0.136,-0.140,0.738,NaN,30,0,981.000,190.000,1009.000,251.000,NaN,NaN,NaN,NaN,NaN,NaN,NaN
303,0,1772.000,30.230,-3.750,-0.114,0.106,0.103,0.135,31,0,781.000,187.000,807.000,222.000,30.250,-3.750,-1.030,1.520,0.610,1.760,2.466
304,1,1772.000,31.035,-4.434,-0.081,0.061,NaN,NaN,31,0,NaN,NaN,NaN,NaN,NaN,NaN,NaN,NaN,NaN,NaN,NaN
305,2,1772.000,37.242,-17.090,0.243,-0.290,NaN,NaN,31,0,NaN,NaN,NaN,NaN,NaN,NaN,NaN,NaN,NaN,NaN,NaN
306,3,1772.000,22.889,-2.716,-0.245,-0.124,0.678,0.953,31,0,766.000,201.000,808.000,280.000,22.840,-2.770,-1.180,1.720,0.480,1.670,-2.802
307,5,1772.000,-0.877,-9.051,-0.363,-0.064,NaN,NaN,31,0,NaN,NaN,NaN,NaN,NaN,NaN,NaN,NaN,NaN,NaN,NaN
308,6,1772.000,35.467,-3.103,0.137,0.201,0.621,NaN,31,0,714.000,187.000,742.000,251.000,NaN,NaN,NaN,NaN,NaN,NaN,NaN
309,7,1772.000,34.661,-11.008,-0.172,0.146,0.417,NaN,31,0,1028.000,191.000,1054.000,239.000,NaN,NaN,NaN,NaN,NaN,NaN,NaN
310,9,1772.000,30.862,-12.247,0.154,-0.380,NaN,NaN,31,0,NaN,NaN,NaN,NaN,NaN,NaN,NaN,NaN,NaN,NaN,NaN
311,10,1772.000,34.319,2.492,0.560,0.172,0.695,0.088,31,0,511.000,187.000,535.000,264.000,34.340,2.490,-1.150,1.850,0.510,1.880,0.195
312,11,1772.000,14.800,4.320,-0.020,0.034,NaN,NaN,31,0,NaN,NaN,NaN,NaN,NaN,NaN,NaN,NaN,NaN,NaN,NaN
313,12,1772.000,31.158,-8.638,0.127,-0.133,0.722,NaN,31,0,985.000,190.000,1020.000,257.000,NaN,NaN,NaN,NaN,NaN,NaN,NaN
314,0,1774.000,30.057,-3.679,-0.138,0.086,0.637,NaN,32,0,775.000,189.000,799.000,235.000,NaN,NaN,NaN,NaN,NaN,NaN,NaN
315,1,1774.000,30.578,-4.120,-0.234,0.135,0.692,0.281,32,0,776.000,202.000,819.000,280.000,30.170,-3.680,-0.860,0.740,0.700,1.750,-0.445
316,2,1774.000,37.484,-17.375,0.242,-0.285,NaN,NaN,32,0,NaN,NaN,NaN,NaN,NaN,NaN,NaN,NaN,NaN,NaN,NaN
317,3,1774.000,22.645,-2.836,-0.245,-0.120,NaN,NaN,32,0,NaN,NaN,NaN,NaN,NaN,NaN,NaN,NaN,NaN,NaN,NaN
318,5,1774.000,-1.233,-9.119,-0.355,-0.068,NaN,NaN,32,0,NaN,NaN,NaN,NaN,NaN,NaN,NaN,NaN,NaN,NaN,NaN
319,6,1774.000,35.714,-2.670,0.192,0.261,0.737,0.140,32,0,701.000,190.000,728.000,249.000,35.810,-2.590,-0.800,0.760,0.640,1.760,1.312
320,7,1774.000,34.603,-10.698,-0.148,0.225,0.366,NaN,32,0,1024.000,191.000,1051.000,234.000,NaN,NaN,NaN,NaN,NaN,NaN,NaN
321,9,1774.000,31.005,-12.625,0.143,-0.378,NaN,NaN,32,0,NaN,NaN,NaN,NaN,NaN,NaN,NaN,NaN,NaN,NaN,NaN
322,10,1774.000,34.839,2.599,0.535,0.143,0.695,0.241,32,0,506.000,187.000,532.000,256.000,34.830,2.540,-1.050,0.920,0.560,1.970,-0.390
323,11,1774.000,14.896,4.210,-0.005,-0.002,0.179,NaN,32,0,231.000,202.000,247.000,242.000,NaN,NaN,NaN,NaN,NaN,NaN,NaN
324,12,1774.000,31.429,-8.988,0.212,-0.213,0.231,0.671,32,0,1021.000,191.000,1051.000,263.000,31.490,-9.110,-1.070,2.270,0.510,1.920,-1.144
325,17,1774.000,31.500,-9.150,0.000,0.000,0.657,0.294,32,0,995.000,189.000,1023.000,254.000,31.500,-9.150,-1.110,1.980,0.560,1.910,-0.814
326,0,1775.000,29.962,-3.605,-0.126,0.085,0.711,0.973,33,0,772.000,191.000,797.000,261.000,30.020,-3.620,-0.970,0.770,0.740,1.770,2.243
327,1,1775.000,30.350,-3.984,-0.228,0.136,NaN,NaN,33,0,NaN,NaN,NaN,NaN,NaN,NaN,NaN,NaN,NaN,NaN,NaN
328,2,1775.000,37.726,-17.661,0.242,-0.287,NaN,NaN,33,0,NaN,NaN,NaN,NaN,NaN,NaN,NaN,NaN,NaN,NaN,NaN
329,3,1775.000,22.053,-3.013,-0.351,-0.180,0.726,NaN,33,0,788.000,200.000,831.000,280.000,NaN,NaN,NaN,NaN,NaN,NaN,NaN
330,5,1775.000,-1.584,-9.185,-0.351,-0.066,NaN,NaN,33,0,NaN,NaN,NaN,NaN,NaN,NaN,NaN,NaN,NaN,NaN,NaN
331,6,1775.000,35.849,-2.458,0.177,0.239,0.168,NaN,33,0,693.000,189.000,717.000,236.000,NaN,NaN,NaN,NaN,NaN,NaN,NaN
332,7,1775.000,34.454,-10.466,-0.149,0.231,NaN,NaN,33,0,NaN,NaN,NaN,NaN,NaN,NaN,NaN,NaN,NaN,NaN,NaN
333,9,1775.000,31.152,-13.003,0.147,-0.378,NaN,NaN,33,0,NaN,NaN,NaN,NaN,NaN,NaN,NaN,NaN,NaN,NaN,NaN
334,10,1775.000,35.330,2.868,0.497,0.194,0.663,NaN,33,0,503.000,188.000,527.000,255.000,NaN,NaN,NaN,NaN,NaN,NaN,NaN
335,11,1775.000,14.899,4.204,0.004,-0.006,NaN,NaN,33,0,NaN,NaN,NaN,NaN,NaN,NaN,NaN,NaN,NaN,NaN,NaN
336,12,1775.000,31.549,-9.407,0.173,-0.297,0.220,NaN,33,0,1019.000,199.000,1038.000,256.000,NaN,NaN,NaN,NaN,NaN,NaN,NaN
337,17,1775.000,31.513,-9.186,0.007,-0.036,0.669,NaN,33,0,1001.000,190.000,1028.000,257.000,NaN,NaN,NaN,NaN,NaN,NaN,NaN
338,0,1777.000,29.864,-3.502,-0.113,0.093,0.745,0.958,34,0,767.000,189.000,787.000,268.000,29.910,-3.470,-0.940,0.750,0.670,1.670,0.026
339,1,1777.000,30.111,-3.854,-0.239,0.130,NaN,NaN,34,0,NaN,NaN,NaN,NaN,NaN,NaN,NaN,NaN,NaN,NaN,NaN
340,2,1777.000,37.963,-17.953,0.236,-0.292,NaN,NaN,34,0,NaN,NaN,NaN,NaN,NaN,NaN,NaN,NaN,NaN,NaN,NaN
341,3,1777.000,21.809,-3.298,-0.307,-0.226,0.335,0.353,34,0,814.000,201.000,852.000,273.000,21.840,-3.330,-1.050,1.720,0.530,1.710,0.694
342,5,1777.000,-1.945,-9.248,-0.361,-0.063,NaN,NaN,34,0,NaN,NaN,NaN,NaN,NaN,NaN,NaN,NaN,NaN,NaN,NaN
343,6,1777.000,35.969,-2.233,0.164,0.224,0.147,NaN,34,0,677.000,192.000,706.000,246.000,NaN,NaN,NaN,NaN,NaN,NaN,NaN
344,7,1777.000,34.308,-10.224,-0.145,0.242,NaN,NaN,34,0,NaN,NaN,NaN,NaN,NaN,NaN,NaN,NaN,NaN,NaN,NaN
345,9,1777.000,31.294,-13.378,0.142,-0.375,NaN,NaN,34,0,NaN,NaN,NaN,NaN,NaN,NaN,NaN,NaN,NaN,NaN,NaN
346,10,1777.000,35.833,2.956,0.518,0.154,0.655,NaN,34,0,497.000,187.000,517.000,255.000,NaN,NaN,NaN,NaN,NaN,NaN,NaN
347,11,1777.000,14.902,4.288,0.011,0.009,0.157,NaN,34,0,235.000,202.000,248.000,241.000,NaN,NaN,NaN,NaN,NaN,NaN,NaN
348,12,1777.000,31.745,-9.790,0.210,-0.362,0.119,NaN,34,0,1037.000,207.000,1063.000,237.000,NaN,NaN,NaN,NaN,NaN,NaN,NaN
349,17,1777.000,31.820,-9.528,0.144,-0.189,0.714,0.785,34,0,1007.000,191.000,1037.000,257.000,32.100,-9.840,-1.080,1.970,0.580,1.880,-0.961
350,0,1778.000,29.716,-3.415,-0.123,0.093,0.777,0.568,35,0,766.000,187.000,789.000,269.000,29.730,-3.420,-1.010,0.830,0.580,1.770,2.420
351,1,1778.000,29.874,-3.731,-0.237,0.123,NaN,NaN,35,0,NaN,NaN,NaN,NaN,NaN,NaN,NaN,NaN,NaN,NaN,NaN
352,2,1778.000,38.195,-18.247,0.232,-0.294,NaN,NaN,35,0,NaN,NaN,NaN,NaN,NaN,NaN,NaN,NaN,NaN,NaN,NaN
353,3,1778.000,21.429,-3.439,-0.339,-0.179,0.543,NaN,35,0,819.000,201.000,852.000,274.000,NaN,NaN,NaN,NaN,NaN,NaN,NaN
354,5,1778.000,-2.306,-9.313,-0.361,-0.065,NaN,NaN,35,0,NaN,NaN,NaN,NaN,NaN,NaN,NaN,NaN,NaN,NaN,NaN
355,6,1778.000,36.256,-1.894,0.217,0.285,0.575,NaN,35,0,663.000,191.000,691.000,254.000,NaN,NaN,NaN,NaN,NaN,NaN,NaN
356,7,1778.000,34.047,-9.926,-0.169,0.262,0.183,0.089,35,0,1004.000,200.000,1018.000,248.000,33.940,-9.840,-1.040,1.850,0.590,1.900,-0.948
357,9,1778.000,31.444,-13.754,0.150,-0.376,NaN,NaN,35,0,NaN,NaN,NaN,NaN,NaN,NaN,NaN,NaN,NaN,NaN,NaN
358,10,1778.000,36.374,3.256,0.524,0.220,0.681,NaN,35,0,495.000,187.000,516.000,257.000,NaN,NaN,NaN,NaN,NaN,NaN,NaN
359,11,1778.000,14.908,4.205,0.023,-0.020,0.333,NaN,35,0,235.000,202.000,249.000,240.000,NaN,NaN,NaN,NaN,NaN,NaN,NaN
360,12,1778.000,32.257,-10.007,0.311,-0.350,0.791,0.656,35,0,1015.000,190.000,1045.000,261.000,32.350,-10.110,-1.020,1.920,0.560,1.920,-0.874
361,17,1778.000,31.963,-9.718,0.143,-0.191,NaN,NaN,35,0,NaN,NaN,NaN,NaN,NaN,NaN,NaN,NaN,NaN,NaN,NaN
362,0,1780.000,29.577,-3.307,-0.128,0.109,0.755,0.538,36,0,753.000,189.000,785.000,271.000,29.620,-3.280,-0.930,0.780,0.520,1.720,-0.349
363,1,1780.000,29.640,-3.609,-0.235,0.122,NaN,NaN,36,0,NaN,NaN,NaN,NaN,NaN,NaN,NaN,NaN,NaN,NaN,NaN
364,2,1780.000,38.430,-18.542,0.235,-0.295,NaN,NaN,36,0,NaN,NaN,NaN,NaN,NaN,NaN,NaN,NaN,NaN,NaN,NaN
365,3,1780.000,21.067,-3.584,-0.349,-0.169,0.421,NaN,36,0,836.000,198.000,881.000,280.000,NaN,NaN,NaN,NaN,NaN,NaN,NaN
366,5,1780.000,-2.669,-9.382,-0.363,-0.070,NaN,NaN,36,0,NaN,NaN,NaN,NaN,NaN,NaN,NaN,NaN,NaN,NaN,NaN
367,6,1780.000,36.492,-1.430,0.218,0.348,0.602,NaN,36,0,652.000,190.000,678.000,253.000,NaN,NaN,NaN,NaN,NaN,NaN,NaN
368,7,1780.000,33.854,-9.659,-0.192,0.270,0.569,0.525,36,0,991.000,190.000,1017.000,262.000,33.760,-9.660,-1.000,1.090,0.550,1.890,2.579
369,9,1780.000,31.594,-14.127,0.150,-0.373,NaN,NaN,36,0,NaN,NaN,NaN,NaN,NaN,NaN,NaN,NaN,NaN,NaN,NaN
370,10,1780.000,36.992,3.387,0.566,0.183,0.683,NaN,36,0,489.000,188.000,512.000,258.000,NaN,NaN,NaN,NaN,NaN,NaN,NaN
371,11,1780.000,14.928,4.193,0.020,-0.011,NaN,NaN,36,0,NaN,NaN,NaN,NaN,NaN,NaN,NaN,NaN,NaN,NaN,NaN
372,12,1780.000,32.312,-10.240,0.214,-0.290,0.706,NaN,36,0,1026.000,191.000,1053.000,262.000,NaN,NaN,NaN,NaN,NaN,NaN,NaN
373,17,1780.000,32.104,-9.905,0.141,-0.187,NaN,NaN,36,0,NaN,NaN,NaN,NaN,NaN,NaN,NaN,NaN,NaN,NaN,NaN
374,0,1781.000,29.395,-3.135,-0.154,0.135,0.868,NaN,37,0,748.000,190.000,784.000,271.000,NaN,NaN,NaN,NaN,NaN,NaN,NaN
375,1,1781.000,29.408,-3.488,-0.232,0.121,NaN,NaN,37,0,NaN,NaN,NaN,NaN,NaN,NaN,NaN,NaN,NaN,NaN,NaN
376,2,1781.000,38.667,-18.843,0.237,-0.301,NaN,NaN,37,0,NaN,NaN,NaN,NaN,NaN,NaN,NaN,NaN,NaN,NaN,NaN
377,3,1781.000,20.739,-3.762,-0.343,-0.170,0.276,NaN,37,0,849.000,200.000,897.000,263.000,NaN,NaN,NaN,NaN,NaN,NaN,NaN
378,5,1781.000,-3.034,-9.452,-0.366,-0.069,NaN,NaN,37,0,NaN,NaN,NaN,NaN,NaN,NaN,NaN,NaN,NaN,NaN,NaN
379,6,1781.000,36.747,-1.120,0.229,0.346,0.549,NaN,37,0,643.000,191.000,670.000,251.000,NaN,NaN,NaN,NaN,NaN,NaN,NaN
380,7,1781.000,33.646,-9.355,-0.215,0.281,0.549,0.245,37,0,982.000,199.000,1005.000,263.000,33.610,-9.350,-1.000,1.710,0.630,1.710,-0.341
381,9,1781.000,31.747,-14.501,0.153,-0.373,NaN,NaN,37,0,NaN,NaN,NaN,NaN,NaN,NaN,NaN,NaN,NaN,NaN,NaN
382,10,1781.000,37.650,3.290,0.623,0.067,0.695,NaN,37,0,490.000,187.000,512.000,259.000,NaN,NaN,NaN,NaN,NaN,NaN,NaN
383,11,1781.000,14.954,4.187,0.026,-0.007,NaN,NaN,37,0,NaN,NaN,NaN,NaN,NaN,NaN,NaN,NaN,NaN,NaN,NaN
384,12,1781.000,32.668,-10.534,0.287,-0.284,0.582,0.794,37,0,1032.000,197.000,1058.000,261.000,32.730,-10.540,-1.090,1.810,0.520,1.950,-0.952
385,17,1781.000,32.248,-10.093,0.145,-0.189,NaN,NaN,37,0,NaN,NaN,NaN,NaN,NaN,NaN,NaN,NaN,NaN,NaN,NaN
386,0,1783.000,29.329,-3.038,-0.108,0.117,0.776,0.096,38,0,751.000,192.000,778.000,272.000,29.390,-3.040,-1.120,0.670,0.710,1.840,-0.243
387,1,1783.000,29.174,-3.369,-0.234,0.119,NaN,NaN,38,0,NaN,NaN,NaN,NaN,NaN,NaN,NaN,NaN,NaN,NaN,NaN
388,2,1783.000,38.907,-19.144,0.240,-0.301,NaN,NaN,38,0,NaN,NaN,NaN,NaN,NaN,NaN,NaN,NaN,NaN,NaN,NaN
389,3,1783.000,20.539,-4.076,-0.285,-0.241,0.687,0.221,38,0,870.000,199.000,909.000,281.000,20.680,-4.190,-1.040,1.700,0.590,1.760,0.756
390,5,1783.000,-3.405,-9.519,-0.371,-0.067,NaN,NaN,38,0,NaN,NaN,NaN,NaN,NaN,NaN,NaN,NaN,NaN,NaN,NaN
391,6,1783.000,37.040,-0.774,0.256,0.354,0.604,NaN,38,0,627.000,188.000,655.000,248.000,NaN,NaN,NaN,NaN,NaN,NaN,NaN
392,7,1783.000,33.368,-9.126,-0.238,0.264,0.438,NaN,38,0,975.000,193.000,1006.000,259.000,NaN,NaN,NaN,NaN,NaN,NaN,NaN
393,9,1783.000,31.904,-14.871,0.157,-0.370,NaN,NaN,38,0,NaN,NaN,NaN,NaN,NaN,NaN,NaN,NaN,NaN,NaN,NaN
394,10,1783.000,38.258,3.424,0.614,0.120,0.725,NaN,38,0,483.000,190.000,504.000,258.000,NaN,NaN,NaN,NaN,NaN,NaN,NaN
395,11,1783.000,14.876,4.214,-0.003,-0.001,0.512,NaN,38,0,239.000,199.000,253.000,239.000,NaN,NaN,NaN,NaN,NaN,NaN,NaN
396,12,1783.000,32.955,-10.747,0.295,-0.265,NaN,0.871,38,0,1019.000,189.000,1089.000,266.000,32.940,-10.730,-1.050,1.790,0.610,1.840,-0.978
397,17,1783.000,32.944,-10.474,0.209,-0.284,0.742,0.144,38,0,1040.000,191.000,1066.000,263.000,32.990,-10.610,-0.960,2.310,0.520,1.920,2.424
398,21,1783.000,39.033,-16.056,0.000,0.000,0.733,NaN,38,0,1153.000,193.000,1175.000,243.000,NaN,NaN,NaN,NaN,NaN,NaN,NaN
399,0,1784.000,29.242,-2.938,-0.092,0.093,0.726,0.745,39,0,747.000,192.000,776.000,269.000,29.260,-2.920,-0.960,0.910,0.540,1.790,1.747
400,1,1784.000,29.315,-2.885,-0.159,0.173,NaN,0.327,39,0,727.000,179.000,776.000,269.000,29.300,-2.850,-0.940,0.930,0.570,1.900,0.606
401,2,1784.000,39.144,-19.451,0.237,-0.307,NaN,NaN,39,0,NaN,NaN,NaN,NaN,NaN,NaN,NaN,NaN,NaN,NaN,NaN
402,3,1784.000,20.293,-4.346,-0.267,-0.254,0.513,0.526,39,0,881.000,199.000,934.000,288.000,20.300,-4.370,-1.150,1.810,0.620,1.820,-2.364
403,5,1784.000,-3.773,-9.588,-0.368,-0.069,NaN,NaN,39,0,NaN,NaN,NaN,NaN,NaN,NaN,NaN,NaN,NaN,NaN,NaN
404,6,1784.000,37.286,-0.195,0.249,0.447,0.624,NaN,39,0,619.000,192.000,644.000,248.000,NaN,NaN,NaN,NaN,NaN,NaN,NaN
405,7,1784.000,33.191,-8.977,-0.210,0.233,0.563,0.605,39,0,970.000,190.000,999.000,259.000,33.280,-9.060,-1.100,1.920,0.550,1.910,-0.888
406,9,1784.000,32.057,-15.248,0.153,-0.377,NaN,NaN,39,0,NaN,NaN,NaN,NaN,NaN,NaN,NaN,NaN,NaN,NaN,NaN
407,10,1784.000,39.069,3.687,0.718,0.177,0.755,0.096,39,0,481.000,190.000,502.000,257.000,39.300,3.770,-1.150,0.660,0.700,1.840,0.175
408,11,1784.000,14.952,4.220,0.041,0.004,0.510,NaN,39,0,239.000,203.000,252.000,238.000,NaN,NaN,NaN,NaN,NaN,NaN,NaN
409,12,1784.000,33.244,-11.011,0.290,-0.264,NaN,NaN,39,0,NaN,NaN,NaN,NaN,NaN,NaN,NaN,NaN,NaN,NaN,NaN
410,17,1784.000,33.150,-10.763,0.206,-0.288,NaN,NaN,39,0,NaN,NaN,NaN,NaN,NaN,NaN,NaN,NaN,NaN,NaN,NaN
411,21,1784.000,38.900,-15.802,-0.160,0.192,0.760,NaN,39,0,1146.000,194.000,1171.000,244.000,NaN,NaN,NaN,NaN,NaN,NaN,NaN
412,0,1786.000,29.151,-2.845,-0.091,0.093,NaN,NaN,40,0,NaN,NaN,NaN,NaN,NaN,NaN,NaN,NaN,NaN,NaN,NaN
413,1,1786.000,29.136,-2.741,-0.153,0.160,0.818,0.111,40,0,740.000,188.000,767.000,273.000,29.150,-2.780,-0.940,0.830,0.500,1.740,2.301
414,2,1786.000,39.380,-19.759,0.235,-0.308,NaN,NaN,40,0,NaN,NaN,NaN,NaN,NaN,NaN,NaN,NaN,NaN,NaN,NaN
415,3,1786.000,20.000,-4.635,-0.287,-0.270,0.795,0.995,40,0,904.000,199.000,956.000,285.000,19.980,-4.660,-1.100,1.860,0.520,1.750,-2.520
416,5,1786.000,-4.136,-9.659,-0.363,-0.071,NaN,NaN,40,0,NaN,NaN,NaN,NaN,NaN,NaN,NaN,NaN,NaN,NaN,NaN
417,6,1786.000,37.580,0.216,0.267,0.424,0.693,NaN,40,0,602.000,189.000,629.000,248.000,NaN,NaN,NaN,NaN,NaN,NaN,NaN
418,7,1786.000,32.931,-8.736,-0.240,0.244,0.364,0.806,40,0,961.000,188.000,993.000,258.000,32.900,-8.680,-1.040,1.740,0.540,1.820,2.306
419,9,1786.000,32.203,-15.625,0.146,-0.377,NaN,NaN,40,0,NaN,NaN,NaN,NaN,NaN,NaN,NaN,NaN,NaN,NaN,NaN
420,10,1786.000,39.634,3.708,0.620,0.139,0.700,NaN,40,0,475.000,192.000,497.000,257.000,NaN,NaN,NaN,NaN,NaN,NaN,NaN
421,11,1786.000,14.962,4.223,0.029,0.014,0.657,NaN,40,0,239.000,203.000,254.000,240.000,NaN,NaN,NaN,NaN,NaN,NaN,NaN
422,12,1786.000,33.261,-11.444,0.200,-0.332,0.132,NaN,40,0,1069.000,212.000,1083.000,257.000,NaN,NaN,NaN,NaN,NaN,NaN,NaN
423,17,1786.000,33.180,-11.066,0.144,-0.271,0.559,NaN,40,0,1056.000,191.000,1084.000,257.000,NaN,NaN,NaN,NaN,NaN,NaN,NaN
424,21,1786.000,38.589,-15.408,-0.261,0.293,0.651,NaN,40,0,1141.000,194.000,1164.000,248.000,NaN,NaN,NaN,NaN,NaN,NaN,NaN
425,0,1788.000,28.977,-2.892,-0.125,0.030,0.819,NaN,41,0,729.000,190.000,765.000,274.000,NaN,NaN,NaN,NaN,NaN,NaN,NaN
426,1,1788.000,28.986,-2.573,-0.150,0.168,NaN,NaN,41,0,NaN,NaN,NaN,NaN,NaN,NaN,NaN,NaN,NaN,NaN,NaN
427,2,1788.000,39.617,-20.059,0.238,-0.300,NaN,NaN,41,0,NaN,NaN,NaN,NaN,NaN,NaN,NaN,NaN,NaN,NaN,NaN
428,3,1788.000,19.747,-4.849,-0.264,-0.246,NaN,0.937,41,0,888.000,184.000,1006.000,314.000,19.760,-4.790,-1.080,1.750,0.460,1.800,-2.504
429,5,1788.000,-4.496,-9.734,-0.360,-0.075,NaN,NaN,41,0,NaN,NaN,NaN,NaN,NaN,NaN,NaN,NaN,NaN,NaN,NaN
430,6,1788.000,37.888,0.645,0.282,0.413,0.681,NaN,41,0,590.000,190.000,614.000,249.000,NaN,NaN,NaN,NaN,NaN,NaN,NaN
431,7,1788.000,32.709,-8.471,-0.228,0.252,0.827,0.103,41,0,929.000,198.000,985.000,304.000,32.750,-8.470,-1.200,0.960,0.540,1.860,-2.723
432,9,1788.000,32.352,-16.002,0.148,-0.377,NaN,NaN,41,0,NaN,NaN,NaN,NaN,NaN,NaN,NaN,NaN,NaN,NaN,NaN
433,10,1788.000,40.276,4.015,0.648,0.227,0.499,NaN,41,0,475.000,204.000,490.000,255.000,NaN,NaN,NaN,NaN,NaN,NaN,NaN
434,11,1788.000,14.912,4.203,-0.006,-0.003,0.554,NaN,41,0,240.000,202.000,255.000,242.000,NaN,NaN,NaN,NaN,NaN,NaN,NaN
435,12,1788.000,33.451,-11.647,0.184,-0.271,0.455,NaN,41,0,1068.000,190.000,1093.000,257.000,NaN,NaN,NaN,NaN,NaN,NaN,NaN
436,17,1788.000,33.322,-11.338,0.142,-0.272,NaN,NaN,41,0,NaN,NaN,NaN,NaN,NaN,NaN,NaN,NaN,NaN,NaN,NaN
437,21,1788.000,38.360,-15.198,-0.246,0.238,0.520,NaN,41,0,1131.000,199.000,1154.000,249.000,NaN,NaN,NaN,NaN,NaN,NaN,NaN
438,0,1789.000,28.863,-2.712,-0.124,0.084,0.818,0.400,42,0,728.000,191.000,763.000,275.000,28.890,-2.610,-1.040,0.870,0.700,1.780,2.298
439,1,1789.000,28.843,-2.401,-0.143,0.172,NaN,NaN,42,0,NaN,NaN,NaN,NaN,NaN,NaN,NaN,NaN,NaN,NaN,NaN
440,2,1789.000,39.848,-20.358,0.230,-0.300,NaN,NaN,42,0,NaN,NaN,NaN,NaN,NaN,NaN,NaN,NaN,NaN,NaN,NaN
441,3,1789.000,19.519,-4.988,-0.244,-0.216,NaN,0.896,42,0,896.000,189.000,1021.000,324.000,19.510,-4.900,-1.170,1.830,0.550,1.850,0.558
442,5,1789.000,-4.868,-9.803,-0.372,-0.069,NaN,NaN,42,0,NaN,NaN,NaN,NaN,NaN,NaN,NaN,NaN,NaN,NaN,NaN
443,6,1789.000,38.207,0.745,0.301,0.319,0.627,NaN,42,0,585.000,191.000,609.000,249.000,NaN,NaN,NaN,NaN,NaN,NaN,NaN
444,7,1789.000,32.454,-8.191,-0.243,0.269,0.786,0.158,42,0,937.000,199.000,992.000,303.000,32.450,-8.200,-1.070,1.660,0.650,1.740,-0.855
445,9,1789.000,32.497,-16.379,0.145,-0.377,NaN,NaN,42,0,NaN,NaN,NaN,NaN,NaN,NaN,NaN,NaN,NaN,NaN,NaN
446,10,1789.000,40.897,4.272,0.635,0.241,0.408,NaN,42,0,477.000,203.000,488.000,248.000,NaN,NaN,NaN,NaN,NaN,NaN,NaN
447,11,1789.000,14.899,4.212,-0.013,0.009,NaN,NaN,42,0,NaN,NaN,NaN,NaN,NaN,NaN,NaN,NaN,NaN,NaN,NaN
448,12,1789.000,33.640,-11.914,0.188,-0.267,NaN,NaN,42,0,NaN,NaN,NaN,NaN,NaN,NaN,NaN,NaN,NaN,NaN,NaN
449,17,1789.000,33.587,-11.551,0.207,-0.251,0.568,NaN,42,0,1071.000,191.000,1095.000,252.000,NaN,NaN,NaN,NaN,NaN,NaN,NaN
450,21,1789.000,38.132,-15.028,-0.239,0.208,0.751,NaN,42,0,1128.000,194.000,1152.000,250.000,NaN,NaN,NaN,NaN,NaN,NaN,NaN
451,0,1791.000,28.753,-2.458,-0.138,0.144,0.795,0.420,43,0,724.000,191.000,750.000,274.000,28.780,-2.390,-1.060,1.000,0.650,1.920,2.325
452,1,1791.000,28.701,-2.226,-0.142,0.175,NaN,NaN,43,0,NaN,NaN,NaN,NaN,NaN,NaN,NaN,NaN,NaN,NaN,NaN
453,2,1791.000,40.081,-20.656,0.233,-0.297,NaN,NaN,43,0,NaN,NaN,NaN,NaN,NaN,NaN,NaN,NaN,NaN,NaN,NaN
454,3,1791.000,19.246,-5.174,-0.269,-0.201,0.831,0.998,43,0,964.000,199.000,1023.000,310.000,19.140,-5.090,-1.160,1.780,0.470,1.790,-2.527
455,5,1791.000,-5.241,-9.867,-0.373,-0.065,NaN,NaN,43,0,NaN,NaN,NaN,NaN,NaN,NaN,NaN,NaN,NaN,NaN,NaN
456,6,1791.000,38.526,1.064,0.299,0.327,0.641,NaN,43,0,567.000,192.000,592.000,244.000,NaN,NaN,NaN,NaN,NaN,NaN,NaN
457,7,1791.000,32.191,-7.907,-0.247,0.276,0.662,0.173,43,0,937.000,188.000,961.000,259.000,32.190,-7.910,-1.060,1.950,0.550,1.810,2.287
458,9,1791.000,32.642,-16.759,0.146,-0.381,NaN,NaN,43,0,NaN,NaN,NaN,NaN,NaN,NaN,NaN,NaN,NaN,NaN,NaN
459,10,1791.000,41.535,4.510,0.638,0.238,NaN,NaN,43,0,NaN,NaN,NaN,NaN,NaN,NaN,NaN,NaN,NaN,NaN,NaN
460,11,1791.000,14.878,4.213,-0.021,0.001,NaN,NaN,43,0,NaN,NaN,NaN,NaN,NaN,NaN,NaN,NaN,NaN,NaN,NaN
461,12,1791.000,33.830,-12.185,0.190,-0.271,NaN,NaN,43,0,NaN,NaN,NaN,NaN,NaN,NaN,NaN,NaN,NaN,NaN,NaN
462,17,1791.000,33.789,-11.801,0.202,-0.251,NaN,NaN,43,0,NaN,NaN,NaN,NaN,NaN,NaN,NaN,NaN,NaN,NaN,NaN
463,21,1791.000,37.877,-14.730,-0.241,0.258,0.688,NaN,43,0,1120.000,194.000,1142.000,245.000,NaN,NaN,NaN,NaN,NaN,NaN,NaN
464,0,1792.000,28.653,-2.303,-0.122,0.144,0.790,0.969,44,0,722.000,191.000,747.000,274.000,28.690,-2.340,-1.050,0.910,0.480,1.850,2.586
465,1,1792.000,28.556,-2.051,-0.144,0.175,NaN,NaN,44,0,NaN,NaN,NaN,NaN,NaN,NaN,NaN,NaN,NaN,NaN,NaN
466,2,1792.000,40.315,-20.955,0.234,-0.299,NaN,NaN,44,0,NaN,NaN,NaN,NaN,NaN,NaN,NaN,NaN,NaN,NaN,NaN
467,3,1792.000,18.740,-5.367,-0.380,-0.164,0.839,0.916,44,0,970.000,200.000,1032.000,313.000,18.650,-5.320,-1.170,1.820,0.520,1.870,-2.701
468,5,1792.000,-5.613,-9.939,-0.372,-0.072,NaN,NaN,44,0,NaN,NaN,NaN,NaN,NaN,NaN,NaN,NaN,NaN,NaN,NaN
469,6,1792.000,38.845,1.253,0.288,0.261,0.522,NaN,44,0,565.000,193.000,590.000,242.000,NaN,NaN,NaN,NaN,NaN,NaN,NaN
470,7,1792.000,31.953,-7.644,-0.242,0.268,0.760,0.328,44,0,933.000,186.000,963.000,258.000,31.970,-7.650,-1.080,1.940,0.560,1.810,-0.878
471,9,1792.000,32.791,-17.144,0.149,-0.385,NaN,NaN,44,0,NaN,NaN,NaN,NaN,NaN,NaN,NaN,NaN,NaN,NaN,NaN
472,10,1792.000,42.175,4.744,0.640,0.234,NaN,NaN,44,0,NaN,NaN,NaN,NaN,NaN,NaN,NaN,NaN,NaN,NaN,NaN
473,11,1792.000,14.865,4.210,-0.013,-0.003,NaN,NaN,44,0,NaN,NaN,NaN,NaN,NaN,NaN,NaN,NaN,NaN,NaN,NaN
474,12,1792.000,34.018,-12.457,0.189,-0.272,NaN,NaN,44,0,NaN,NaN,NaN,NaN,NaN,NaN,NaN,NaN,NaN,NaN,NaN
475,17,1792.000,34.000,-12.051,0.211,-0.250,NaN,NaN,44,0,NaN,NaN,NaN,NaN,NaN,NaN,NaN,NaN,NaN,NaN,NaN
476,21,1792.000,37.593,-14.425,-0.272,0.289,0.624,NaN,44,0,1119.000,194.000,1141.000,240.000,NaN,NaN,NaN,NaN,NaN,NaN,NaN
477,0,1794.000,28.533,-2.137,-0.129,0.155,0.791,0.907,45,0,709.000,196.000,740.000,275.000,28.520,-2.150,-1.000,0.880,0.460,1.880,2.424
478,1,1794.000,28.419,-1.880,-0.137,0.171,NaN,NaN,45,0,NaN,NaN,NaN,NaN,NaN,NaN,NaN,NaN,NaN,NaN,NaN
479,2,1794.000,40.551,-21.250,0.236,-0.296,NaN,NaN,45,0,NaN,NaN,NaN,NaN,NaN,NaN,NaN,NaN,NaN,NaN,NaN
480,3,1794.000,18.371,-5.498,-0.383,-0.148,0.820,0.935,45,0,997.000,199.000,1056.000,315.000,18.350,-5.460,-1.100,1.850,0.530,1.740,-2.750
481,5,1794.000,-5.987,-10.012,-0.374,-0.073,NaN,NaN,45,0,NaN,NaN,NaN,NaN,NaN,NaN,NaN,NaN,NaN,NaN,NaN
482,6,1794.000,39.105,1.491,0.272,0.248,0.333,NaN,45,0,551.000,192.000,573.000,247.000,NaN,NaN,NaN,NaN,NaN,NaN,NaN
483,7,1794.000,31.749,-7.480,-0.224,0.226,0.657,0.987,45,0,923.000,189.000,948.000,253.000,31.790,-7.530,-1.070,1.960,0.490,1.830,2.403
484,9,1794.000,32.942,-17.528,0.151,-0.384,NaN,NaN,45,0,NaN,NaN,NaN,NaN,NaN,NaN,NaN,NaN,NaN,NaN,NaN
485,10,1794.000,42.808,4.978,0.633,0.234,NaN,NaN,45,0,NaN,NaN,NaN,NaN,NaN,NaN,NaN,NaN,NaN,NaN,NaN
486,11,1794.000,14.239,3.831,-0.158,-0.146,0.153,NaN,45,0,244.000,199.000,261.000,241.000,NaN,NaN,NaN,NaN,NaN,NaN,NaN
487,12,1794.000,34.402,-12.764,0.243,-0.270,0.678,NaN,45,0,1101.000,191.000,1126.000,247.000,NaN,NaN,NaN,NaN,NaN,NaN,NaN
488,17,1794.000,34.222,-12.308,0.222,-0.257,NaN,NaN,45,0,NaN,NaN,NaN,NaN,NaN,NaN,NaN,NaN,NaN,NaN,NaN
489,21,1794.000,37.322,-14.135,-0.272,0.289,NaN,NaN,45,0,NaN,NaN,NaN,NaN,NaN,NaN,NaN,NaN,NaN,NaN,NaN
490,0,1795.000,28.420,-2.062,-0.136,0.112,0.851,0.968,46,0,703.000,192.000,741.000,275.000,28.420,-2.100,-1.110,0.990,0.510,1.850,2.300
491,1,1795.000,28.272,-1.718,-0.147,0.163,NaN,NaN,46,0,NaN,NaN,NaN,NaN,NaN,NaN,NaN,NaN,NaN,NaN,NaN
492,2,1795.000,40.782,-21.545,0.232,-0.294,NaN,NaN,46,0,NaN,NaN,NaN,NaN,NaN,NaN,NaN,NaN,NaN,NaN,NaN
493,3,1795.000,17.972,-5.598,-0.395,-0.126,0.828,0.908,46,0,1002.000,199.000,1062.000,327.000,17.960,-5.550,-1.220,1.740,0.520,1.820,-2.713
494,5,1795.000,-6.353,-10.079,-0.366,-0.067,NaN,NaN,46,0,NaN,NaN,NaN,NaN,NaN,NaN,NaN,NaN,NaN,NaN,NaN
495,6,1795.000,39.288,1.678,0.213,0.214,0.318,NaN,46,0,545.000,208.000,568.000,243.000,NaN,NaN,NaN,NaN,NaN,NaN,NaN
496,7,1795.000,31.522,-7.266,-0.223,0.227,0.647,0.401,46,0,920.000,188.000,949.000,258.000,31.510,-7.270,-1.130,1.870,0.570,1.960,-0.703
497,9,1795.000,33.100,-17.918,0.158,-0.390,NaN,NaN,46,0,NaN,NaN,NaN,NaN,NaN,NaN,NaN,NaN,NaN,NaN,NaN
498,10,1795.000,43.443,5.212,0.635,0.234,NaN,NaN,46,0,NaN,NaN,NaN,NaN,NaN,NaN,NaN,NaN,NaN,NaN,NaN
499,11,1795.000,14.084,3.688,-0.155,-0.143,NaN,NaN,46,0,NaN,NaN,NaN,NaN,NaN,NaN,NaN,NaN,NaN,NaN,NaN
500,12,1795.000,34.695,-13.072,0.258,-0.272,0.709,NaN,46,0,1103.000,191.000,1132.000,250.000,NaN,NaN,NaN,NaN,NaN,NaN,NaN
501,17,1795.000,34.440,-12.561,0.218,-0.252,NaN,NaN,46,0,NaN,NaN,NaN,NaN,NaN,NaN,NaN,NaN,NaN,NaN,NaN
502,21,1795.000,37.050,-13.849,-0.272,0.286,NaN,NaN,46,0,NaN,NaN,NaN,NaN,NaN,NaN,NaN,NaN,NaN,NaN,NaN
503,0,1797.000,28.302,-1.971,-0.131,0.107,0.828,0.912,47,0,701.000,197.000,737.000,274.000,28.330,-1.960,-1.090,0.960,0.470,1.770,2.345
504,1,1797.000,28.128,-1.550,-0.143,0.168,NaN,NaN,47,0,NaN,NaN,NaN,NaN,NaN,NaN,NaN,NaN,NaN,NaN,NaN
505,2,1797.000,41.009,-21.833,0.226,-0.288,NaN,NaN,47,0,NaN,NaN,NaN,NaN,NaN,NaN,NaN,NaN,NaN,NaN,NaN
506,3,1797.000,17.615,-5.717,-0.377,-0.142,0.714,0.982,47,0,1029.000,199.000,1074.000,330.000,17.670,-5.670,-1.240,1.710,0.560,1.820,-2.789
507,5,1797.000,-6.720,-10.148,-0.367,-0.070,NaN,NaN,47,0,NaN,NaN,NaN,NaN,NaN,NaN,NaN,NaN,NaN,NaN,NaN
508,6,1797.000,39.632,2.136,0.290,0.323,0.544,NaN,47,0,527.000,194.000,548.000,247.000,NaN,NaN,NaN,NaN,NaN,NaN,NaN
509,7,1797.000,31.300,-7.094,-0.222,0.199,0.560,0.084,47,0,910.000,189.000,937.000,262.000,31.280,-7.120,-1.020,1.960,0.680,1.850,2.498
510,9,1797.000,33.260,-18.308,0.160,-0.390,NaN,NaN,47,0,NaN,NaN,NaN,NaN,NaN,NaN,NaN,NaN,NaN,NaN,NaN
511,10,1797.000,44.082,5.443,0.639,0.230,NaN,NaN,47,0,NaN,NaN,NaN,NaN,NaN,NaN,NaN,NaN,NaN,NaN,NaN
512,11,1797.000,13.932,3.549,-0.152,-0.139,NaN,NaN,47,0,NaN,NaN,NaN,NaN,NaN,NaN,NaN,NaN,NaN,NaN,NaN
513,12,1797.000,34.966,-13.352,0.258,-0.276,0.128,0.833,47,0,1100.000,195.000,1116.000,254.000,34.980,-13.330,-0.970,1.730,0.610,1.810,-1.172
514,17,1797.000,34.667,-12.813,0.227,-0.253,NaN,NaN,47,0,NaN,NaN,NaN,NaN,NaN,NaN,NaN,NaN,NaN,NaN,NaN
515,21,1797.000,36.934,-13.538,-0.229,0.271,0.142,NaN,47,0,1100.000,195.000,1114.000,223.000,NaN,NaN,NaN,NaN,NaN,NaN,NaN
516,0,1798.000,28.204,-1.893,-0.108,0.104,0.792,0.183,48,0,700.000,198.000,735.000,275.000,28.230,-1.900,-1.100,0.910,0.520,1.800,1.930
517,1,1798.000,27.984,-1.383,-0.144,0.167,NaN,NaN,48,0,NaN,NaN,NaN,NaN,NaN,NaN,NaN,NaN,NaN,NaN,NaN
518,2,1798.000,41.230,-22.124,0.222,-0.291,NaN,NaN,48,0,NaN,NaN,NaN,NaN,NaN,NaN,NaN,NaN,NaN,NaN,NaN
519,3,1798.000,17.266,-5.806,-0.360,-0.123,0.759,0.997,48,0,1034.000,199.000,1093.000,333.000,17.300,-5.760,-1.190,1.820,0.510,1.860,-2.813
520,5,1798.000,-7.097,-10.217,-0.377,-0.068,NaN,NaN,48,0,NaN,NaN,NaN,NaN,NaN,NaN,NaN,NaN,NaN,NaN,NaN
521,6,1798.000,39.899,2.482,0.292,0.332,0.523,NaN,48,0,525.000,198.000,546.000,247.000,NaN,NaN,NaN,NaN,NaN,NaN,NaN
522,7,1798.000,31.035,-7.011,-0.248,0.150,0.666,NaN,48,0,905.000,189.000,935.000,264.000,NaN,NaN,NaN,NaN,NaN,NaN,NaN
523,9,1798.000,33.422,-18.698,0.163,-0.390,NaN,NaN,48,0,NaN,NaN,NaN,NaN,NaN,NaN,NaN,NaN,NaN,NaN,NaN
524,10,1798.000,44.719,5.678,0.637,0.235,NaN,NaN,48,0,NaN,NaN,NaN,NaN,NaN,NaN,NaN,NaN,NaN,NaN,NaN
525,11,1798.000,13.778,3.416,-0.154,-0.133,NaN,NaN,48,0,NaN,NaN,NaN,NaN,NaN,NaN,NaN,NaN,NaN,NaN,NaN
526,12,1798.000,35.108,-13.577,0.194,-0.249,0.666,NaN,48,0,1118.000,192.000,1143.000,250.000,NaN,NaN,NaN,NaN,NaN,NaN,NaN
527,17,1798.000,36.576,-13.686,0.560,-0.330,0.162,NaN,48,0,1099.000,195.000,1113.000,249.000,NaN,NaN,NaN,NaN,NaN,NaN,NaN
528,21,1798.000,36.602,-13.273,-0.277,0.268,0.226,NaN,48,0,1100.000,195.000,1112.000,221.000,NaN,NaN,NaN,NaN,NaN,NaN,NaN
529,0,1800.000,28.079,-1.792,-0.120,0.107,0.751,0.143,49,0,695.000,197.000,724.000,278.000,28.090,-1.790,-1.120,1.030,0.470,1.940,2.132
530,1,1800.000,27.851,-1.216,-0.133,0.167,NaN,NaN,49,0,NaN,NaN,NaN,NaN,NaN,NaN,NaN,NaN,NaN,NaN,NaN
531,2,1800.000,41.457,-22.412,0.226,-0.288,NaN,NaN,49,0,NaN,NaN,NaN,NaN,NaN,NaN,NaN,NaN,NaN,NaN,NaN
532,3,1800.000,16.946,-5.904,-0.348,-0.110,0.843,0.957,49,0,1059.000,200.000,1121.000,324.000,16.990,-5.870,-1.270,1.750,0.500,1.740,-2.807
533,5,1800.000,-7.479,-10.291,-0.382,-0.074,NaN,NaN,49,0,NaN,NaN,NaN,NaN,NaN,NaN,NaN,NaN,NaN,NaN,NaN
534,6,1800.000,40.301,2.913,0.361,0.386,0.474,NaN,49,0,508.000,205.000,529.000,247.000,NaN,NaN,NaN,NaN,NaN,NaN,NaN
535,7,1800.000,30.777,-6.759,-0.247,0.193,0.429,0.120,49,0,894.000,187.000,923.000,261.000,30.770,-6.630,-1.110,1.750,0.660,1.880,2.549
536,9,1800.000,33.583,-19.089,0.161,-0.391,NaN,NaN,49,0,NaN,NaN,NaN,NaN,NaN,NaN,NaN,NaN,NaN,NaN,NaN
537,10,1800.000,45.358,5.909,0.639,0.232,NaN,NaN,49,0,NaN,NaN,NaN,NaN,NaN,NaN,NaN,NaN,NaN,NaN,NaN
538,11,1800.000,13.622,3.285,-0.155,-0.131,NaN,NaN,49,0,NaN,NaN,NaN,NaN,NaN,NaN,NaN,NaN,NaN,NaN,NaN
539,12,1800.000,35.319,-13.827,0.208,-0.249,0.741,NaN,49,0,1129.000,193.000,1158.000,252.000,NaN,NaN,NaN,NaN,NaN,NaN,NaN
540,17,1800.000,37.132,-14.015,0.556,-0.330,NaN,NaN,49,0,NaN,NaN,NaN,NaN,NaN,NaN,NaN,NaN,NaN,NaN,NaN
541,21,1800.000,36.324,-13.014,-0.278,0.258,NaN,NaN,49,0,NaN,NaN,NaN,NaN,NaN,NaN,NaN,NaN,NaN,NaN,NaN
542,0,1801.000,27.964,-1.680,-0.112,0.104,0.771,0.179,50,0,693.000,194.000,722.000,280.000,27.960,-1.710,-1.050,0.980,0.440,1.800,-3.182
543,1,1801.000,27.895,-1.571,-0.120,0.095,NaN,0.059,50,0,677.000,185.000,729.000,277.000,27.910,-1.710,-1.060,1.080,0.410,1.850,-2.414
544,2,1801.000,41.675,-22.689,0.219,-0.277,NaN,NaN,50,0,NaN,NaN,NaN,NaN,NaN,NaN,NaN,NaN,NaN,NaN,NaN
545,3,1801.000,16.614,-5.989,-0.338,-0.096,0.777,0.945,50,0,1070.000,200.000,1128.000,329.000,16.640,-5.980,-1.230,1.900,0.540,1.760,-2.929
546,5,1801.000,-7.859,-10.366,-0.381,-0.075,NaN,NaN,50,0,NaN,NaN,NaN,NaN,NaN,NaN,NaN,NaN,NaN,NaN,NaN
547,6,1801.000,40.588,3.172,0.325,0.328,0.478,0.058,50,0,505.000,197.000,526.000,249.000,40.510,3.030,-1.170,1.790,0.550,1.990,0.971
548,7,1801.000,30.503,-6.535,-0.260,0.211,0.291,NaN,50,0,892.000,190.000,916.000,258.000,NaN,NaN,NaN,NaN,NaN,NaN,NaN
549,9,1801.000,33.741,-19.472,0.158,-0.384,NaN,NaN,50,0,NaN,NaN,NaN,NaN,NaN,NaN,NaN,NaN,NaN,NaN,NaN
550,10,1801.000,45.995,6.140,0.637,0.230,NaN,NaN,50,0,NaN,NaN,NaN,NaN,NaN,NaN,NaN,NaN,NaN,NaN,NaN
551,11,1801.000,13.473,3.154,-0.150,-0.131,NaN,NaN,50,0,NaN,NaN,NaN,NaN,NaN,NaN,NaN,NaN,NaN,NaN,NaN
552,12,1801.000,35.494,-14.092,0.184,-0.250,0.756,NaN,50,0,1133.000,192.000,1160.000,254.000,NaN,NaN,NaN,NaN,NaN,NaN,NaN
553,17,1801.000,37.685,-14.343,0.553,-0.328,NaN,NaN,50,0,NaN,NaN,NaN,NaN,NaN,NaN,NaN,NaN,NaN,NaN,NaN
554,21,1801.000,36.047,-12.762,-0.277,0.253,NaN,NaN,50,0,NaN,NaN,NaN,NaN,NaN,NaN,NaN,NaN,NaN,NaN,NaN
555,0,1803.000,27.879,-1.644,-0.095,0.063,0.804,0.663,51,0,688.000,192.000,721.000,284.000,27.890,-1.670,-1.160,0.820,0.600,1.810,-0.206
556,1,1803.000,27.772,-1.479,-0.122,0.091,NaN,NaN,51,0,NaN,NaN,NaN,NaN,NaN,NaN,NaN,NaN,NaN,NaN,NaN
557,2,1803.000,41.884,-22.957,0.208,-0.269,NaN,NaN,51,0,NaN,NaN,NaN,NaN,NaN,NaN,NaN,NaN,NaN,NaN,NaN
558,3,1803.000,16.301,-6.061,-0.317,-0.087,0.790,0.959,51,0,1091.000,201.000,1158.000,328.000,16.320,-6.020,-1.200,1.750,0.490,1.770,-3.030
559,5,1803.000,-8.238,-10.440,-0.379,-0.075,NaN,NaN,51,0,NaN,NaN,NaN,NaN,NaN,NaN,NaN,NaN,NaN,NaN,NaN
560,6,1803.000,40.927,3.423,0.321,0.293,0.547,0.650,51,0,492.000,205.000,516.000,246.000,40.850,3.260,-1.150,1.760,0.550,1.820,0.856
561,7,1803.000,30.372,-6.257,-0.201,0.246,0.659,0.115,51,0,878.000,189.000,908.000,262.000,30.380,-6.220,-1.140,0.730,0.590,1.770,0.589
562,9,1803.000,33.899,-19.862,0.158,-0.390,NaN,NaN,51,0,NaN,NaN,NaN,NaN,NaN,NaN,NaN,NaN,NaN,NaN,NaN
563,10,1803.000,46.636,6.374,0.641,0.234,NaN,NaN,51,0,NaN,NaN,NaN,NaN,NaN,NaN,NaN,NaN,NaN,NaN,NaN
564,11,1803.000,13.545,3.629,-0.132,0.006,0.279,NaN,51,0,251.000,200.000,264.000,241.000,NaN,NaN,NaN,NaN,NaN,NaN,NaN
565,12,1803.000,35.749,-14.295,0.239,-0.236,0.738,NaN,51,0,1145.000,192.000,1170.000,254.000,NaN,NaN,NaN,NaN,NaN,NaN,NaN
566,17,1803.000,38.244,-14.674,0.559,-0.331,NaN,NaN,51,0,NaN,NaN,NaN,NaN,NaN,NaN,NaN,NaN,NaN,NaN,NaN
567,21,1803.000,35.768,-12.515,-0.279,0.247,NaN,NaN,51,0,NaN,NaN,NaN,NaN,NaN,NaN,NaN,NaN,NaN,NaN,NaN
568,0,1804.000,27.795,-1.600,-0.091,0.057,0.809,0.644,52,0,687.000,197.000,719.000,286.000,27.770,-1.600,-1.190,0.870,0.530,1.740,2.602
569,1,1804.000,27.656,-1.390,-0.117,0.089,NaN,NaN,52,0,NaN,NaN,NaN,NaN,NaN,NaN,NaN,NaN,NaN,NaN,NaN
570,2,1804.000,42.093,-23.223,0.210,-0.266,NaN,NaN,52,0,NaN,NaN,NaN,NaN,NaN,NaN,NaN,NaN,NaN,NaN,NaN
571,3,1804.000,15.943,-6.126,-0.327,-0.072,0.783,0.993,52,0,1101.000,201.000,1163.000,337.000,15.940,-6.080,-1.260,1.900,0.510,1.730,-2.941
572,5,1804.000,-8.622,-10.522,-0.384,-0.082,NaN,NaN,52,0,NaN,NaN,NaN,NaN,NaN,NaN,NaN,NaN,NaN,NaN,NaN
573,6,1804.000,41.185,3.672,0.285,0.260,0.341,0.136,52,0,492.000,204.000,515.000,249.000,41.100,3.450,-1.160,0.800,0.490,1.770,0.875
574,7,1804.000,30.188,-6.005,-0.196,0.254,0.718,0.200,52,0,875.000,190.000,906.000,263.000,30.180,-6.040,-1.070,0.890,0.510,1.700,2.223
575,9,1804.000,34.052,-20.257,0.153,-0.395,NaN,NaN,52,0,NaN,NaN,NaN,NaN,NaN,NaN,NaN,NaN,NaN,NaN,NaN
576,10,1804.000,47.272,6.608,0.636,0.234,NaN,NaN,52,0,NaN,NaN,NaN,NaN,NaN,NaN,NaN,NaN,NaN,NaN,NaN
577,11,1804.000,13.404,3.636,-0.141,0.007,NaN,NaN,52,0,NaN,NaN,NaN,NaN,NaN,NaN,NaN,NaN,NaN,NaN,NaN
578,12,1804.000,35.996,-14.597,0.245,-0.266,0.705,NaN,52,0,1148.000,191.000,1171.000,256.000,NaN,NaN,NaN,NaN,NaN,NaN,NaN
579,17,1804.000,38.797,-15.009,0.553,-0.335,NaN,NaN,52,0,NaN,NaN,NaN,NaN,NaN,NaN,NaN,NaN,NaN,NaN,NaN
580,21,1804.000,35.701,-12.234,-0.252,0.244,0.537,NaN,52,0,1062.000,195.000,1089.000,249.000,NaN,NaN,NaN,NaN,NaN,NaN,NaN
581,0,1806.000,27.578,-1.463,-0.151,0.077,0.811,0.094,53,0,681.000,198.000,708.000,285.000,27.520,-1.520,-1.370,0.940,0.480,1.850,-3.139
582,1,1806.000,27.540,-1.302,-0.116,0.088,NaN,NaN,53,0,NaN,NaN,NaN,NaN,NaN,NaN,NaN,NaN,NaN,NaN,NaN
583,2,1806.000,42.310,-23.489,0.217,-0.265,NaN,NaN,53,0,NaN,NaN,NaN,NaN,NaN,NaN,NaN,NaN,NaN,NaN,NaN
584,3,1806.000,15.632,-6.171,-0.309,-0.056,0.797,0.926,53,0,1125.000,202.000,1190.000,340.000,15.660,-6.130,-1.280,1.670,0.520,1.730,0.165
585,5,1806.000,-9.006,-10.599,-0.384,-0.076,NaN,NaN,53,0,NaN,NaN,NaN,NaN,NaN,NaN,NaN,NaN,NaN,NaN,NaN
586,6,1806.000,41.430,3.970,0.252,0.289,0.250,NaN,53,0,474.000,200.000,493.000,246.000,NaN,NaN,NaN,NaN,NaN,NaN,NaN
587,7,1806.000,30.012,-5.707,-0.188,0.276,0.658,0.651,53,0,864.000,189.000,892.000,265.000,29.960,-5.750,-0.960,1.810,0.540,1.790,2.269
588,9,1806.000,34.202,-20.653,0.150,-0.396,NaN,NaN,53,0,NaN,NaN,NaN,NaN,NaN,NaN,NaN,NaN,NaN,NaN,NaN
589,10,1806.000,47.908,6.846,0.636,0.238,NaN,NaN,53,0,NaN,NaN,NaN,NaN,NaN,NaN,NaN,NaN,NaN,NaN,NaN
590,11,1806.000,13.262,3.646,-0.142,0.011,NaN,NaN,53,0,NaN,NaN,NaN,NaN,NaN,NaN,NaN,NaN,NaN,NaN,NaN
591,12,1806.000,36.233,-14.973,0.238,-0.310,0.450,NaN,53,0,1164.000,191.000,1182.000,243.000,NaN,NaN,NaN,NaN,NaN,NaN,NaN
592,17,1806.000,39.348,-15.342,0.551,-0.333,NaN,NaN,53,0,NaN,NaN,NaN,NaN,NaN,NaN,NaN,NaN,NaN,NaN,NaN
593,21,1806.000,35.444,-11.993,-0.248,0.248,0.694,NaN,53,0,1050.000,194.000,1075.000,254.000,NaN,NaN,NaN,NaN,NaN,NaN,NaN
594,0,1807.000,27.429,-1.344,-0.154,0.099,0.785,0.869,54,0,679.000,199.000,705.000,286.000,27.500,-1.360,-1.150,1.010,0.470,1.720,2.565
595,1,1807.000,27.430,-1.211,-0.110,0.091,NaN,NaN,54,0,NaN,NaN,NaN,NaN,NaN,NaN,NaN,NaN,NaN,NaN,NaN
596,2,1807.000,42.520,-23.756,0.210,-0.267,NaN,NaN,54,0,NaN,NaN,NaN,NaN,NaN,NaN,NaN,NaN,NaN,NaN,NaN
597,3,1807.000,15.296,-6.292,-0.333,-0.076,0.820,0.998,54,0,1131.000,201.000,1201.000,350.000,15.250,-6.270,-1.270,2.010,0.510,1.760,-2.963
598,5,1807.000,-9.393,-10.677,-0.386,-0.079,NaN,NaN,54,0,NaN,NaN,NaN,NaN,NaN,NaN,NaN,NaN,NaN,NaN,NaN
599,6,1807.000,41.685,4.281,0.246,0.290,0.125,NaN,54,0,474.000,207.000,490.000,245.000,NaN,NaN,NaN,NaN,NaN,NaN,NaN
600,7,1807.000,29.701,-5.693,-0.239,0.196,0.685,NaN,54,0,864.000,189.000,889.000,259.000,NaN,NaN,NaN,NaN,NaN,NaN,NaN
601,9,1807.000,34.349,-21.049,0.147,-0.396,NaN,NaN,54,0,NaN,NaN,NaN,NaN,NaN,NaN,NaN,NaN,NaN,NaN,NaN
602,10,1807.000,48.546,7.082,0.638,0.236,NaN,NaN,54,0,NaN,NaN,NaN,NaN,NaN,NaN,NaN,NaN,NaN,NaN,NaN
603,11,1807.000,13.121,3.657,-0.141,0.010,NaN,NaN,54,0,NaN,NaN,NaN,NaN,NaN,NaN,NaN,NaN,NaN,NaN,NaN
604,12,1807.000,36.474,-15.279,0.241,-0.306,NaN,NaN,54,0,NaN,NaN,NaN,NaN,NaN,NaN,NaN,NaN,NaN,NaN,NaN
605,17,1807.000,39.897,-15.677,0.549,-0.335,NaN,NaN,54,0,NaN,NaN,NaN,NaN,NaN,NaN,NaN,NaN,NaN,NaN,NaN
606,21,1807.000,35.255,-11.687,-0.221,0.283,0.684,NaN,54,0,1047.000,194.000,1073.000,252.000,NaN,NaN,NaN,NaN,NaN,NaN,NaN
607,0,1809.000,27.303,-1.291,-0.124,0.080,0.838,0.788,55,0,663.000,198.000,701.000,286.000,27.390,-1.320,-1.260,0.800,0.550,1.730,-1.111
608,1,1809.000,27.317,-1.125,-0.113,0.086,NaN,NaN,55,0,NaN,NaN,NaN,NaN,NaN,NaN,NaN,NaN,NaN,NaN,NaN
609,2,1809.000,42.730,-24.020,0.210,-0.264,NaN,NaN,55,0,NaN,NaN,NaN,NaN,NaN,NaN,NaN,NaN,NaN,NaN,NaN
610,3,1809.000,14.927,-6.360,-0.350,-0.071,0.803,0.980,55,0,1160.000,203.000,1233.000,354.000,14.890,-6.320,-1.280,1.790,0.490,1.720,-2.989
611,5,1809.000,-9.782,-10.753,-0.389,-0.076,NaN,NaN,55,0,NaN,NaN,NaN,NaN,NaN,NaN,NaN,NaN,NaN,NaN,NaN
612,6,1809.000,41.931,4.572,0.247,0.290,NaN,NaN,55,0,NaN,NaN,NaN,NaN,NaN,NaN,NaN,NaN,NaN,NaN,NaN
613,7,1809.000,29.491,-5.371,-0.248,0.263,0.201,0.970,55,0,841.000,200.000,869.000,269.000,29.480,-5.290,-1.110,1.750,0.630,1.970,2.299
614,9,1809.000,34.498,-21.453,0.149,-0.404,NaN,NaN,55,0,NaN,NaN,NaN,NaN,NaN,NaN,NaN,NaN,NaN,NaN,NaN
615,10,1809.000,49.190,7.323,0.644,0.241,NaN,NaN,55,0,NaN,NaN,NaN,NaN,NaN,NaN,NaN,NaN,NaN,NaN,NaN
616,11,1809.000,13.547,3.632,-0.049,0.014,0.139,NaN,55,0,254.000,201.000,267.000,243.000,NaN,NaN,NaN,NaN,NaN,NaN,NaN
617,12,1809.000,36.716,-15.584,0.242,-0.305,NaN,NaN,55,0,NaN,NaN,NaN,NaN,NaN,NaN,NaN,NaN,NaN,NaN,NaN
618,17,1809.000,40.448,-16.020,0.551,-0.343,NaN,NaN,55,0,NaN,NaN,NaN,NaN,NaN,NaN,NaN,NaN,NaN,NaN,NaN
619,21,1809.000,35.002,-11.373,-0.240,0.302,0.774,NaN,55,0,1035.000,195.000,1060.000,252.000,NaN,NaN,NaN,NaN,NaN,NaN,NaN
620,0,1810.000,27.237,-1.199,-0.095,0.067,0.847,0.920,56,0,660.000,199.000,701.000,287.000,27.260,-1.200,-1.240,0.870,0.500,1.760,2.381
621,1,1810.000,27.206,-1.027,-0.111,0.098,NaN,NaN,56,0,NaN,NaN,NaN,NaN,NaN,NaN,NaN,NaN,NaN,NaN,NaN
622,2,1810.000,42.939,-24.282,0.209,-0.262,NaN,NaN,56,0,NaN,NaN,NaN,NaN,NaN,NaN,NaN,NaN,NaN,NaN,NaN
623,3,1810.000,14.605,-6.462,-0.340,-0.068,0.741,0.987,56,0,1176.000,203.000,1242.000,349.000,14.540,-6.460,-1.250,1.840,0.510,1.740,-3.045
624,5,1810.000,-10.169,-10.828,-0.387,-0.075,NaN,NaN,56,0,NaN,NaN,NaN,NaN,NaN,NaN,NaN,NaN,NaN,NaN,NaN
625,6,1810.000,42.176,4.864,0.244,0.293,NaN,NaN,56,0,NaN,NaN,NaN,NaN,NaN,NaN,NaN,NaN,NaN,NaN,NaN
626,7,1810.000,29.332,-5.014,-0.181,0.305,0.328,0.064,56,0,840.000,199.000,875.000,270.000,29.420,-4.900,-1.300,1.670,0.550,1.690,-0.575
627,9,1810.000,34.655,-21.850,0.157,-0.397,NaN,NaN,56,0,NaN,NaN,NaN,NaN,NaN,NaN,NaN,NaN,NaN,NaN,NaN
628,10,1810.000,49.830,7.566,0.640,0.243,NaN,NaN,56,0,NaN,NaN,NaN,NaN,NaN,NaN,NaN,NaN,NaN,NaN,NaN
629,11,1810.000,13.606,3.614,-0.053,-0.004,0.242,NaN,56,0,254.000,200.000,268.000,244.000,NaN,NaN,NaN,NaN,NaN,NaN,NaN
630,12,1810.000,36.960,-15.887,0.244,-0.303,NaN,NaN,56,0,NaN,NaN,NaN,NaN,NaN,NaN,NaN,NaN,NaN,NaN,NaN
631,17,1810.000,40.999,-16.360,0.551,-0.340,NaN,NaN,56,0,NaN,NaN,NaN,NaN,NaN,NaN,NaN,NaN,NaN,NaN,NaN
632,21,1810.000,34.766,-11.210,-0.252,0.264,0.766,NaN,56,0,1032.000,194.000,1057.000,251.000,NaN,NaN,NaN,NaN,NaN,NaN,NaN
633,0,1812.000,27.125,-1.107,-0.099,0.073,0.821,0.913,57,0,656.000,200.000,695.000,287.000,27.120,-1.090,-1.260,0.980,0.470,1.810,2.371
634,1,1812.000,27.100,-0.926,-0.106,0.101,NaN,NaN,57,0,NaN,NaN,NaN,NaN,NaN,NaN,NaN,NaN,NaN,NaN,NaN
635,2,1812.000,43.153,-24.549,0.213,-0.266,NaN,NaN,57,0,NaN,NaN,NaN,NaN,NaN,NaN,NaN,NaN,NaN,NaN,NaN
636,3,1812.000,14.203,-6.520,-0.365,-0.060,0.803,0.908,57,0,1206.000,204.000,1279.000,350.000,14.170,-6.530,-1.190,1.990,0.500,1.750,-2.973
637,5,1812.000,-10.555,-10.903,-0.386,-0.076,NaN,NaN,57,0,NaN,NaN,NaN,NaN,NaN,NaN,NaN,NaN,NaN,NaN,NaN
638,6,1812.000,42.416,5.160,0.240,0.295,NaN,NaN,57,0,NaN,NaN,NaN,NaN,NaN,NaN,NaN,NaN,NaN,NaN,NaN
639,7,1812.000,29.110,-4.779,-0.202,0.291,0.665,0.402,57,0,827.000,191.000,857.000,261.000,29.070,-4.790,-1.190,1.840,0.570,1.860,2.416
640,9,1812.000,34.814,-22.246,0.159,-0.396,NaN,NaN,57,0,NaN,NaN,NaN,NaN,NaN,NaN,NaN,NaN,NaN,NaN,NaN
641,10,1812.000,50.471,7.816,0.640,0.250,NaN,NaN,57,0,NaN,NaN,NaN,NaN,NaN,NaN,NaN,NaN,NaN,NaN,NaN
642,11,1812.000,13.548,3.575,-0.065,-0.021,0.122,NaN,57,0,255.000,202.000,268.000,243.000,NaN,NaN,NaN,NaN,NaN,NaN,NaN
643,12,1812.000,37.204,-16.200,0.244,-0.313,NaN,NaN,57,0,NaN,NaN,NaN,NaN,NaN,NaN,NaN,NaN,NaN,NaN,NaN
644,17,1812.000,41.552,-16.700,0.553,-0.340,NaN,NaN,57,0,NaN,NaN,NaN,NaN,NaN,NaN,NaN,NaN,NaN,NaN,NaN
645,21,1812.000,34.622,-10.877,-0.207,0.299,0.736,0.236,57,0,1020.000,192.000,1046.000,250.000,34.670,-10.810,-0.890,0.770,0.650,1.750,1.548
646,0,1813.000,26.926,-0.982,-0.150,0.094,0.818,NaN,58,0,657.000,199.000,690.000,285.000,NaN,NaN,NaN,NaN,NaN,NaN,NaN
647,1,1813.000,26.999,-0.815,-0.101,0.111,NaN,NaN,58,0,NaN,NaN,NaN,NaN,NaN,NaN,NaN,NaN,NaN,NaN,NaN
648,2,1813.000,43.370,-24.817,0.218,-0.268,NaN,NaN,58,0,NaN,NaN,NaN,NaN,NaN,NaN,NaN,NaN,NaN,NaN,NaN
649,3,1813.000,13.774,-6.575,-0.386,-0.060,0.792,0.998,58,0,1213.000,204.000,1279.000,352.000,13.710,-6.590,-1.240,1.920,0.510,1.720,-2.936
650,5,1813.000,-10.946,-10.984,-0.391,-0.080,NaN,NaN,58,0,NaN,NaN,NaN,NaN,NaN,NaN,NaN,NaN,NaN,NaN,NaN
651,6,1813.000,42.652,5.453,0.236,0.294,NaN,NaN,58,0,NaN,NaN,NaN,NaN,NaN,NaN,NaN,NaN,NaN,NaN,NaN
652,7,1813.000,28.885,-4.590,-0.225,0.237,0.507,0.501,58,0,828.000,191.000,856.000,266.000,28.880,-4.640,-1.080,0.750,0.620,1.750,-0.478
653,9,1813.000,34.971,-22.641,0.157,-0.396,NaN,NaN,58,0,NaN,NaN,NaN,NaN,NaN,NaN,NaN,NaN,NaN,NaN,NaN
654,10,1813.000,51.111,8.073,0.640,0.257,NaN,NaN,58,0,NaN,NaN,NaN,NaN,NaN,NaN,NaN,NaN,NaN,NaN,NaN
655,11,1813.000,13.446,3.529,-0.080,-0.030,0.246,NaN,58,0,256.000,200.000,269.000,246.000,NaN,NaN,NaN,NaN,NaN,NaN,NaN
656,12,1813.000,37.451,-16.512,0.248,-0.312,NaN,NaN,58,0,NaN,NaN,NaN,NaN,NaN,NaN,NaN,NaN,NaN,NaN,NaN
657,17,1813.000,42.108,-17.039,0.556,-0.339,NaN,NaN,58,0,NaN,NaN,NaN,NaN,NaN,NaN,NaN,NaN,NaN,NaN,NaN
658,21,1813.000,34.413,-10.583,-0.214,0.289,0.703,NaN,58,0,1018.000,194.000,1045.000,262.000,NaN,NaN,NaN,NaN,NaN,NaN,NaN
659,0,1815.000,26.844,-0.908,-0.128,0.079,0.855,0.578,59,0,650.000,198.000,679.000,289.000,26.890,-0.890,-1.190,0.860,0.530,1.800,2.201
660,1,1815.000,26.901,-0.704,-0.098,0.110,NaN,NaN,59,0,NaN,NaN,NaN,NaN,NaN,NaN,NaN,NaN,NaN,NaN,NaN
661,2,1815.000,43.588,-25.086,0.218,-0.269,NaN,NaN,59,0,NaN,NaN,NaN,NaN,NaN,NaN,NaN,NaN,NaN,NaN,NaN
662,3,1815.000,13.339,-6.533,-0.408,-0.010,0.184,NaN,59,0,1262.000,212.000,1279.000,301.000,NaN,NaN,NaN,NaN,NaN,NaN,NaN
663,5,1815.000,-11.337,-11.067,-0.391,-0.084,NaN,NaN,59,0,NaN,NaN,NaN,NaN,NaN,NaN,NaN,NaN,NaN,NaN,NaN
664,6,1815.000,42.894,5.751,0.241,0.297,NaN,NaN,59,0,NaN,NaN,NaN,NaN,NaN,NaN,NaN,NaN,NaN,NaN,NaN
665,7,1815.000,28.611,-4.378,-0.244,0.227,0.755,0.898,59,0,807.000,190.000,840.000,264.000,28.600,-4.400,-1.180,1.010,0.520,1.860,2.539
666,9,1815.000,35.125,-23.037,0.154,-0.396,NaN,NaN,59,0,NaN,NaN,NaN,NaN,NaN,NaN,NaN,NaN,NaN,NaN,NaN
667,10,1815.000,51.751,8.326,0.640,0.253,NaN,NaN,59,0,NaN,NaN,NaN,NaN,NaN,NaN,NaN,NaN,NaN,NaN,NaN
668,11,1815.000,13.462,3.574,-0.033,-0.009,0.580,NaN,59,0,256.000,200.000,271.000,247.000,NaN,NaN,NaN,NaN,NaN,NaN,NaN
669,12,1815.000,37.692,-16.828,0.241,-0.316,NaN,NaN,59,0,NaN,NaN,NaN,NaN,NaN,NaN,NaN,NaN,NaN,NaN,NaN
670,17,1815.000,42.663,-17.380,0.555,-0.340,NaN,NaN,59,0,NaN,NaN,NaN,NaN,NaN,NaN,NaN,NaN,NaN,NaN,NaN
671,21,1815.000,34.196,-10.308,-0.218,0.283,0.698,0.067,59,0,1007.000,194.000,1030.000,252.000,34.150,-10.300,-1.130,1.980,0.470,1.850,2.261
672,0,1816.000,26.707,-0.825,-0.135,0.093,0.832,0.994,60,0,648.000,199.000,679.000,286.000,26.730,-0.790,-1.190,0.880,0.470,1.780,2.459
673,1,1816.000,26.800,-0.594,-0.101,0.110,NaN,NaN,60,0,NaN,NaN,NaN,NaN,NaN,NaN,NaN,NaN,NaN,NaN,NaN
674,2,1816.000,43.805,-25.359,0.217,-0.273,NaN,NaN,60,0,NaN,NaN,NaN,NaN,NaN,NaN,NaN,NaN,NaN,NaN,NaN
675,3,1816.000,12.802,-6.695,-0.476,-0.084,NaN,0.996,60,0,1240.000,195.000,1461.000,403.000,12.670,-6.850,-1.230,1.870,0.540,1.800,-2.850
676,5,1816.000,-11.723,-11.153,-0.386,-0.086,NaN,NaN,60,0,NaN,NaN,NaN,NaN,NaN,NaN,NaN,NaN,NaN,NaN,NaN
677,6,1816.000,43.132,6.053,0.238,0.302,NaN,NaN,60,0,NaN,NaN,NaN,NaN,NaN,NaN,NaN,NaN,NaN,NaN,NaN
678,7,1816.000,28.329,-4.142,-0.259,0.232,0.705,0.448,60,0,800.000,190.000,837.000,264.000,28.300,-4.150,-1.120,1.900,0.490,1.810,2.299
679,9,1816.000,35.279,-23.441,0.154,-0.403,NaN,NaN,60,0,NaN,NaN,NaN,NaN,NaN,NaN,NaN,NaN,NaN,NaN,NaN
680,10,1816.000,52.394,8.574,0.643,0.248,NaN,NaN,60,0,NaN,NaN,NaN,NaN,NaN,NaN,NaN,NaN,NaN,NaN,NaN
681,11,1816.000,13.510,3.516,0.019,-0.028,0.446,NaN,60,0,257.000,200.000,272.000,246.000,NaN,NaN,NaN,NaN,NaN,NaN,NaN
682,12,1816.000,37.930,-17.143,0.238,-0.315,NaN,NaN,60,0,NaN,NaN,NaN,NaN,NaN,NaN,NaN,NaN,NaN,NaN,NaN
683,17,1816.000,43.215,-17.726,0.552,-0.347,NaN,NaN,60,0,NaN,NaN,NaN,NaN,NaN,NaN,NaN,NaN,NaN,NaN,NaN
684,21,1816.000,33.943,-9.999,-0.242,0.296,0.723,0.154,60,0,1006.000,194.000,1027.000,251.000,33.930,-9.960,-0.960,0.830,0.650,1.900,-0.332
685,0,1818.000,26.550,-0.717,-0.144,0.104,0.862,0.890,61,0,639.000,199.000,674.000,291.000,26.570,-0.700,-1.280,1.810,0.550,2.030,-0.603
686,1,1818.000,26.690,-0.485,-0.109,0.109,NaN,NaN,61,0,NaN,NaN,NaN,NaN,NaN,NaN,NaN,NaN,NaN,NaN,NaN
687,2,1818.000,44.027,-25.628,0.222,-0.269,NaN,NaN,61,0,NaN,NaN,NaN,NaN,NaN,NaN,NaN,NaN,NaN,NaN,NaN
688,3,1818.000,12.312,-6.858,-0.482,-0.128,NaN,1.000,61,0,1268.000,196.000,1491.000,413.000,12.290,-6.920,-1.250,1.790,0.510,1.830,-2.846
689,5,1818.000,-12.110,-11.240,-0.387,-0.087,NaN,NaN,61,0,NaN,NaN,NaN,NaN,NaN,NaN,NaN,NaN,NaN,NaN,NaN
690,6,1818.000,43.379,6.350,0.247,0.298,NaN,NaN,61,0,NaN,NaN,NaN,NaN,NaN,NaN,NaN,NaN,NaN,NaN,NaN
691,7,1818.000,28.093,-3.974,-0.247,0.200,0.719,0.661,61,0,788.000,190.000,825.000,268.000,28.120,-4.000,-1.180,1.840,0.580,1.940,2.469
692,9,1818.000,35.437,-23.837,0.158,-0.396,NaN,NaN,61,0,NaN,NaN,NaN,NaN,NaN,NaN,NaN,NaN,NaN,NaN,NaN
693,10,1818.000,53.037,8.818,0.643,0.243,NaN,NaN,61,0,NaN,NaN,NaN,NaN,NaN,NaN,NaN,NaN,NaN,NaN,NaN
694,11,1818.000,13.517,3.507,0.015,-0.012,0.318,NaN,61,0,258.000,199.000,273.000,244.000,NaN,NaN,NaN,NaN,NaN,NaN,NaN
695,12,1818.000,38.165,-17.458,0.235,-0.316,NaN,NaN,61,0,NaN,NaN,NaN,NaN,NaN,NaN,NaN,NaN,NaN,NaN,NaN
696,17,1818.000,43.763,-18.068,0.548,-0.342,NaN,NaN,61,0,NaN,NaN,NaN,NaN,NaN,NaN,NaN,NaN,NaN,NaN,NaN
697,21,1818.000,33.646,-9.763,-0.266,0.271,0.639,NaN,61,0,992.000,193.000,1016.000,252.000,NaN,NaN,NaN,NaN,NaN,NaN,NaN
698,0,1819.000,26.428,-0.559,-0.126,0.130,0.871,0.979,62,0,638.000,199.000,671.000,291.000,26.440,-0.550,-1.230,1.110,0.470,1.830,2.637
699,1,1819.000,26.579,-0.377,-0.111,0.108,NaN,NaN,62,0,NaN,NaN,NaN,NaN,NaN,NaN,NaN,NaN,NaN,NaN,NaN
700,2,1819.000,44.249,-25.903,0.223,-0.274,NaN,NaN,62,0,NaN,NaN,NaN,NaN,NaN,NaN,NaN,NaN,NaN,NaN,NaN
701,3,1819.000,11.895,-6.988,-0.445,-0.126,NaN,0.998,62,0,1288.000,197.000,1534.000,419.000,11.960,-7.000,-1.250,1.910,0.560,1.800,-2.878
702,5,1819.000,-12.506,-11.332,-0.396,-0.092,NaN,NaN,62,0,NaN,NaN,NaN,NaN,NaN,NaN,NaN,NaN,NaN,NaN,NaN
703,6,1819.000,43.619,6.650,0.240,0.300,NaN,NaN,62,0,NaN,NaN,NaN,NaN,NaN,NaN,NaN,NaN,NaN,NaN,NaN
704,7,1819.000,27.846,-3.808,-0.243,0.189,0.215,NaN,62,0,804.000,185.000,816.000,212.000,NaN,NaN,NaN,NaN,NaN,NaN,NaN
705,9,1819.000,35.601,-24.232,0.164,-0.395,NaN,NaN,62,0,NaN,NaN,NaN,NaN,NaN,NaN,NaN,NaN,NaN,NaN,NaN
706,10,1819.000,53.680,9.060,0.643,0.242,NaN,NaN,62,0,NaN,NaN,NaN,NaN,NaN,NaN,NaN,NaN,NaN,NaN,NaN
707,11,1819.000,13.531,3.580,0.027,0.003,0.269,NaN,62,0,258.000,199.000,274.000,244.000,NaN,NaN,NaN,NaN,NaN,NaN,NaN
708,12,1819.000,38.400,-17.775,0.235,-0.317,NaN,NaN,62,0,NaN,NaN,NaN,NaN,NaN,NaN,NaN,NaN,NaN,NaN,NaN
709,17,1819.000,44.310,-18.404,0.547,-0.335,NaN,NaN,62,0,NaN,NaN,NaN,NaN,NaN,NaN,NaN,NaN,NaN,NaN,NaN
710,21,1819.000,33.370,-9.624,-0.279,0.213,0.715,NaN,62,0,990.000,193.000,1012.000,254.000,NaN,NaN,NaN,NaN,NaN,NaN,NaN
711,29,1819.000,27.840,-3.690,0.000,0.000,0.664,0.991,62,0,786.000,199.000,823.000,272.000,27.840,-3.690,-1.070,2.020,0.560,1.980,-0.711
712,0,1821.000,26.304,-0.439,-0.127,0.123,0.829,0.228,63,0,630.000,199.000,657.000,291.000,26.350,-0.490,-1.230,0.790,0.810,1.740,0.074
713,1,1821.000,26.461,-0.267,-0.118,0.111,NaN,NaN,63,0,NaN,NaN,NaN,NaN,NaN,NaN,NaN,NaN,NaN,NaN,NaN
714,2,1821.000,44.473,-26.174,0.223,-0.271,NaN,NaN,63,0,NaN,NaN,NaN,NaN,NaN,NaN,NaN,NaN,NaN,NaN,NaN
715,3,1821.000,11.531,-7.083,-0.391,-0.103,NaN,1.000,63,0,1320.000,204.000,1581.000,425.000,11.540,-7.090,-1.270,1.930,0.540,1.720,-2.875
716,5,1821.000,-12.899,-11.421,-0.393,-0.089,NaN,NaN,63,0,NaN,NaN,NaN,NaN,NaN,NaN,NaN,NaN,NaN,NaN,NaN
717,6,1821.000,43.860,6.952,0.241,0.302,NaN,NaN,63,0,NaN,NaN,NaN,NaN,NaN,NaN,NaN,NaN,NaN,NaN,NaN
718,7,1821.000,27.547,-3.503,-0.274,0.241,0.769,0.967,63,0,769.000,193.000,807.000,272.000,27.470,-3.440,-1.170,1.930,0.600,1.880,-0.753
719,9,1821.000,35.769,-24.625,0.169,-0.392,NaN,NaN,63,0,NaN,NaN,NaN,NaN,NaN,NaN,NaN,NaN,NaN,NaN,NaN
720,10,1821.000,54.324,9.306,0.645,0.246,NaN,NaN,63,0,NaN,NaN,NaN,NaN,NaN,NaN,NaN,NaN,NaN,NaN,NaN
721,11,1821.000,13.500,3.482,0.003,-0.040,0.244,NaN,63,0,260.000,199.000,277.000,246.000,NaN,NaN,NaN,NaN,NaN,NaN,NaN
722,12,1821.000,38.636,-18.089,0.236,-0.314,NaN,NaN,63,0,NaN,NaN,NaN,NaN,NaN,NaN,NaN,NaN,NaN,NaN,NaN
723,17,1821.000,44.862,-18.743,0.552,-0.339,NaN,NaN,63,0,NaN,NaN,NaN,NaN,NaN,NaN,NaN,NaN,NaN,NaN,NaN
724,21,1821.000,33.198,-9.307,-0.232,0.267,0.629,0.698,63,0,977.000,194.000,1001.000,252.000,33.270,-9.240,-1.180,1.730,0.630,1.860,-0.995
725,29,1821.000,27.878,-3.673,0.030,0.019,NaN,NaN,63,0,NaN,NaN,NaN,NaN,NaN,NaN,NaN,NaN,NaN,NaN,NaN
726,0,1822.000,26.168,-0.339,-0.126,0.115,0.832,0.927,64,0,627.000,199.000,656.000,291.000,26.180,-0.350,-1.190,1.140,0.420,1.950,2.477
727,1,1822.000,26.341,-0.156,-0.120,0.110,NaN,NaN,64,0,NaN,NaN,NaN,NaN,NaN,NaN,NaN,NaN,NaN,NaN,NaN
728,2,1822.000,44.701,-26.450,0.229,-0.276,NaN,NaN,64,0,NaN,NaN,NaN,NaN,NaN,NaN,NaN,NaN,NaN,NaN,NaN
729,3,1822.000,11.165,-7.200,-0.380,-0.109,NaN,0.999,64,0,1361.000,188.000,1624.000,436.000,11.170,-7.200,-1.220,1.850,0.560,1.880,-2.955
730,5,1822.000,-13.288,-11.510,-0.389,-0.090,NaN,NaN,64,0,NaN,NaN,NaN,NaN,NaN,NaN,NaN,NaN,NaN,NaN,NaN
731,6,1822.000,44.107,7.256,0.247,0.304,NaN,NaN,64,0,NaN,NaN,NaN,NaN,NaN,NaN,NaN,NaN,NaN,NaN,NaN
732,7,1822.000,27.083,-3.631,-0.414,0.095,0.304,NaN,64,0,848.000,200.000,865.000,241.000,NaN,NaN,NaN,NaN,NaN,NaN,NaN
733,9,1822.000,35.936,-25.018,0.166,-0.394,NaN,NaN,64,0,NaN,NaN,NaN,NaN,NaN,NaN,NaN,NaN,NaN,NaN,NaN
734,10,1822.000,54.968,9.553,0.644,0.248,NaN,NaN,64,0,NaN,NaN,NaN,NaN,NaN,NaN,NaN,NaN,NaN,NaN,NaN
735,11,1822.000,13.425,3.417,-0.023,-0.042,0.594,NaN,64,0,260.000,199.000,278.000,245.000,NaN,NaN,NaN,NaN,NaN,NaN,NaN
736,12,1822.000,38.871,-18.409,0.235,-0.319,NaN,NaN,64,0,NaN,NaN,NaN,NaN,NaN,NaN,NaN,NaN,NaN,NaN,NaN
737,17,1822.000,45.410,-19.072,0.548,-0.330,NaN,NaN,64,0,NaN,NaN,NaN,NaN,NaN,NaN,NaN,NaN,NaN,NaN,NaN
738,21,1822.000,32.977,-8.980,-0.230,0.291,0.685,0.396,64,0,973.000,194.000,997.000,256.000,32.960,-8.910,-1.110,1.840,0.610,1.820,-1.005
739,29,1822.000,27.260,-3.135,-0.296,0.286,0.686,0.986,64,0,769.000,193.000,803.000,276.000,27.120,-3.200,-1.160,1.740,0.580,1.790,2.464
740,0,1824.000,26.111,-0.230,-0.104,0.125,0.864,0.893,65,0,608.000,201.000,654.000,292.000,26.110,-0.240,-1.220,1.900,0.530,1.870,-0.810
741,1,1824.000,26.220,-0.048,-0.121,0.108,NaN,NaN,65,0,NaN,NaN,NaN,NaN,NaN,NaN,NaN,NaN,NaN,NaN,NaN
742,2,1824.000,44.933,-26.730,0.231,-0.281,NaN,NaN,65,0,NaN,NaN,NaN,NaN,NaN,NaN,NaN,NaN,NaN,NaN,NaN
743,3,1824.000,10.793,-7.300,-0.379,-0.110,NaN,0.998,65,0,1392.000,199.000,1675.000,438.000,10.790,-7.280,-1.230,1.880,0.560,1.740,-2.940
744,5,1824.000,-13.674,-11.601,-0.386,-0.091,NaN,NaN,65,0,NaN,NaN,NaN,NaN,NaN,NaN,NaN,NaN,NaN,NaN,NaN
745,6,1824.000,44.356,7.559,0.249,0.303,NaN,NaN,65,0,NaN,NaN,NaN,NaN,NaN,NaN,NaN,NaN,NaN,NaN,NaN
746,7,1824.000,26.633,-3.597,-0.450,0.035,0.244,NaN,65,0,848.000,200.000,865.000,241.000,NaN,NaN,NaN,NaN,NaN,NaN,NaN
747,9,1824.000,36.091,-25.406,0.155,-0.388,NaN,NaN,65,0,NaN,NaN,NaN,NaN,NaN,NaN,NaN,NaN,NaN,NaN,NaN
748,10,1824.000,55.612,9.799,0.644,0.246,NaN,NaN,65,0,NaN,NaN,NaN,NaN,NaN,NaN,NaN,NaN,NaN,NaN,NaN
749,11,1824.000,13.535,3.438,0.018,-0.024,0.390,NaN,65,0,260.000,200.000,279.000,242.000,NaN,NaN,NaN,NaN,NaN,NaN,NaN
750,12,1824.000,39.104,-18.728,0.233,-0.320,NaN,NaN,65,0,NaN,NaN,NaN,NaN,NaN,NaN,NaN,NaN,NaN,NaN,NaN
751,17,1824.000,45.953,-19.406,0.543,-0.333,NaN,NaN,65,0,NaN,NaN,NaN,NaN,NaN,NaN,NaN,NaN,NaN,NaN,NaN
752,21,1824.000,32.699,-8.640,-0.255,0.323,0.743,0.992,65,0,958.000,192.000,985.000,252.000,32.680,-8.620,-1.120,1.810,0.570,1.790,2.177
753,29,1824.000,26.975,-2.903,-0.292,0.263,0.787,0.905,65,0,753.000,193.000,793.000,279.000,26.920,-3.070,-1.120,1.900,0.560,1.820,2.431
754,0,1825.000,25.983,-0.126,-0.119,0.130,0.879,0.926,66,0,606.000,202.000,654.000,292.000,25.980,-0.140,-1.250,0.950,0.580,1.790,-0.982
755,1,1825.000,26.097,0.055,-0.122,0.103,NaN,NaN,66,0,NaN,NaN,NaN,NaN,NaN,NaN,NaN,NaN,NaN,NaN,NaN
756,2,1825.000,45.159,-27.016,0.227,-0.286,NaN,NaN,66,0,NaN,NaN,NaN,NaN,NaN,NaN,NaN,NaN,NaN,NaN,NaN
757,3,1825.000,10.423,-7.363,-0.377,-0.091,NaN,0.999,66,0,1420.000,199.000,1728.000,450.000,10.430,-7.340,-1.240,1.930,0.580,1.750,-2.937
758,5,1825.000,-14.058,-11.694,-0.384,-0.093,NaN,NaN,66,0,NaN,NaN,NaN,NaN,NaN,NaN,NaN,NaN,NaN,NaN,NaN
759,6,1825.000,44.599,7.860,0.243,0.302,NaN,NaN,66,0,NaN,NaN,NaN,NaN,NaN,NaN,NaN,NaN,NaN,NaN,NaN
760,7,1825.000,26.177,-3.674,-0.464,-0.066,0.246,NaN,66,0,848.000,200.000,865.000,240.000,NaN,NaN,NaN,NaN,NaN,NaN,NaN
761,9,1825.000,36.243,-25.791,0.153,-0.385,NaN,NaN,66,0,NaN,NaN,NaN,NaN,NaN,NaN,NaN,NaN,NaN,NaN,NaN
762,10,1825.000,56.259,10.049,0.647,0.250,NaN,NaN,66,0,NaN,NaN,NaN,NaN,NaN,NaN,NaN,NaN,NaN,NaN,NaN
763,11,1825.000,13.456,3.431,-0.020,-0.015,0.535,NaN,66,0,260.000,200.000,279.000,242.000,NaN,NaN,NaN,NaN,NaN,NaN,NaN
764,12,1825.000,39.337,-19.050,0.233,-0.322,NaN,NaN,66,0,NaN,NaN,NaN,NaN,NaN,NaN,NaN,NaN,NaN,NaN,NaN
765,17,1825.000,46.500,-19.737,0.547,-0.331,NaN,NaN,66,0,NaN,NaN,NaN,NaN,NaN,NaN,NaN,NaN,NaN,NaN,NaN
766,21,1825.000,32.458,-8.254,-0.252,0.340,0.752,NaN,66,0,954.000,192.000,982.000,252.000,NaN,NaN,NaN,NaN,NaN,NaN,NaN
767,29,1825.000,26.650,-2.798,-0.316,0.162,0.752,0.774,66,0,753.000,193.000,791.000,277.000,26.650,-2.930,-1.190,1.690,0.720,1.850,2.441
