0,0,0,33.35,-7.85,0
0,0,1,25.972,-2.701,0
0,0,2,30.28,-8.64,0
0,0,3,30.595,-6.306,0
0,0,4,10.14,-7.43,0
0,1,0,33.267,-7.787,0
0,1,1,26.057,-2.954,0
0,1,2,30.359,-8.738,0
0,1,3,30.576,-6.026,0
0,1,4,9.891,-7.46,0
0,1,5,34.631,-11.221,0
0,1,6,39.459,-16.203,0
0,2,0,33.197,-7.643,0
0,2,1,26.243,-3.079,0
0,2,2,30.52,-8.912,0
0,2,3,30.429,-5.93,0
0,2,4,9.426,-7.542,0
0,2,5,34.6,-11.073,0
0,2,6,39.462,-16.243,0
0,3,0,33.114,-7.459,0
0,3,1,26.375,-3.313,0
0,3,2,30.745,-9.148,0
0,3,3,30.361,-5.764,0
0,3,4,9.07,-7.614,0
0,3,5,34.547,-10.945,0
0,3,6,39.398,-16.223,0
0,4,0,32.905,-7.345,0
0,4,1,26.545,-3.577,0
0,4,2,31.002,-9.458,0
0,4,3,30.277,-5.627,0
0,4,4,8.725,-7.647,0
0,4,5,34.533,-10.828,0
0,4,6,39.276,-16.004,0
0,5,0,32.742,-7.248,0
0,5,1,26.807,-3.751,0
0,5,2,31.211,-9.755,0
0,5,3,30.191,-5.485,0
0,5,4,8.379,-7.682,0
0,5,5,34.422,-10.455,0
0,5,6,39.187,-15.88,0
0,6,0,32.742,-7.056,0
0,6,1,27.051,-3.943,0
0,6,2,31.411,-9.977,0
0,6,3,30.111,-5.345,0
0,6,4,8.031,-7.719,0
0,6,5,34.321,-10.208,0
0,6,6,38.993,-15.739,0
0,7,0,32.678,-6.879,0
0,7,1,27.203,-4.415,0
0,7,2,31.62,-10.241,0
0,7,3,30.031,-5.201,0
0,7,4,7.681,-7.76,0
0,7,5,34.248,-9.994,0
0,7,6,38.806,-15.521,0
0,7,7,26.882,-3.841,0
0,8,0,32.607,-6.711,0
0,8,1,27.409,-4.579,0
0,8,2,31.834,-10.374,0
0,8,3,29.428,-4.724,0
0,8,4,7.334,-7.805,0
0,8,5,34.206,-9.638,0
0,8,6,38.818,-15.054,0
0,8,7,26.885,-3.869,0
0,8,8,22.34,2.33,0
0,9,0,32.573,-6.583,0
0,9,1,27.809,-4.592,0
0,9,2,32.034,-10.535,0
0,9,3,29.152,-4.441,0
0,9,4,6.987,-7.849,0
0,9,5,34.2,-9.238,0
0,9,6,38.618,-14.905,0
0,9,7,27.341,-4.169,0
0,9,8,22.464,2.201,0
0,10,0,32.519,-6.487,0
0,10,1,28.161,-4.725,0
0,10,2,32.256,-11.015,0
0,10,3,29.008,-4.235,0
0,10,4,6.639,-7.897,0
0,10,5,34.113,-9.057,0
0,10,6,38.471,-14.815,0
0,10,7,27.575,-4.385,0
0,10,8,22.981,1.997,0
0,10,9,14.912,4.215,0
0,11,0,32.327,-6.495,0
0,11,1,28.479,-4.756,0
0,11,2,32.474,-11.281,0
0,11,3,28.782,-3.979,0
0,11,4,6.29,-7.944,0
0,11,5,34.053,-8.786,0
0,11,6,38.274,-14.649,0
0,11,7,27.671,-4.637,0
0,11,8,23.498,1.885,0
0,11,9,14.905,4.228,0
0,11,10,27.5,-4.52,0
0,12,0,32.261,-6.256,0
0,12,1,28.796,-4.669,0
0,12,2,32.345,-11.212,0
0,12,3,28.526,-3.725,0
0,12,4,5.938,-7.992,0
0,12,5,33.998,-8.51,0
0,12,6,38.07,-14.555,0
0,12,7,27.817,-5.2,0
0,12,8,24.065,1.628,0
0,12,9,14.926,4.247,0
0,12,10,27.519,-4.507,0
0,13,0,32.175,-6.1,0
0,13,1,29.108,-4.524,0
0,13,2,32.448,-11.438,0
0,13,3,28.343,-3.538,0
0,13,4,5.587,-8.041,0
0,13,5,34.022,-8.426,0
0,13,6,37.884,-14.436,0
0,13,7,27.981,-5.569,0
0,13,8,24.576,1.398,0
0,13,9,14.927,4.248,0
0,13,10,27.636,-5.017,0
0,14,0,32.083,-5.938,0
0,14,1,29.426,-4.378,0
0,14,2,32.594,-11.75,0
0,14,3,28.143,-3.372,0
0,14,4,5.238,-8.094,0
0,14,5,34.026,-8.143,0
0,14,6,37.696,-14.323,0
0,14,7,28.135,-5.935,0
0,14,8,24.92,1.346,0
0,14,9,14.889,4.238,0
0,14,10,27.888,-5.248,0
0,15,0,31.993,-5.778,0
0,15,1,29.744,-4.231,0
0,15,2,33.006,-11.934,0
0,15,3,27.853,-3.215,0
0,15,4,4.888,-8.143,0
0,15,5,34.075,-7.818,0
0,15,6,37.512,-14.214,0
0,15,7,28.294,-6.296,0
0,15,8,25.351,1.265,0
0,15,9,14.867,4.26,0
0,15,10,28.026,-5.323,0
0,16,0,31.903,-5.62,0
0,16,1,30.054,-4.086,0
0,16,2,33.385,-12.247,0
0,16,3,27.681,-3.126,0
0,16,4,4.535,-8.197,0
0,16,5,34.08,-7.54,0
0,16,6,37.322,-14.101,0
0,16,7,28.457,-6.662,0
0,16,8,26.305,1.127,0
0,16,9,14.842,4.284,0
0,16,10,28.412,-5.699,0
0,17,0,31.816,-5.462,0
0,17,1,30.36,-3.947,0
0,17,2,33.772,-12.66,0
0,17,3,27.326,-2.978,0
0,17,4,4.185,-8.249,0
0,17,5,34.091,-7.26,0
0,17,6,37.195,-13.791,0
0,17,7,28.619,-7.03,0
0,17,8,26.741,1.129,0
0,17,9,14.82,4.319,0
0,17,10,28.552,-5.881,0
0,18,0,31.727,-5.303,0
0,18,1,30.673,-3.805,0
0,18,2,34.058,-13.167,0
0,18,3,26.963,-2.813,0
0,18,4,3.83,-8.299,0
0,18,5,34.086,-6.877,0
0,18,6,36.998,-13.648,0
0,18,7,28.782,-7.402,0
0,18,8,27.388,1.16,0
0,18,9,14.793,4.345,0
0,18,10,28.728,-6.169,0
0,19,0,31.642,-5.146,0
0,19,1,30.985,-3.664,0
0,19,2,34.31,-13.611,0
0,19,3,26.555,-2.697,0
0,19,4,3.471,-8.35,0
0,19,5,34.168,-6.741,0
0,19,6,36.802,-13.508,0
0,19,7,28.945,-7.776,0
0,19,8,27.997,1.157,0
0,19,9,14.767,4.382,0
0,19,10,28.816,-6.362,0
0,20,0,31.429,-5.136,0
0,20,1,31.301,-3.526,0
0,20,2,34.581,-13.889,0
0,20,3,26.298,-2.606,0
0,20,4,3.104,-8.4,0
0,20,5,34.182,-6.516,0
0,20,6,36.605,-13.367,0
0,20,7,29.105,-8.142,0
0,20,8,28.473,1.23,0
0,20,9,14.982,4.273,0
0,20,10,28.851,-6.38,0
0,21,0,31.229,-4.928,0
0,21,1,31.619,-3.39,0
0,21,2,34.86,-14.109,0
0,21,3,25.991,-2.574,0
0,21,4,2.737,-8.456,0
0,21,5,34.197,-6.301,0
0,21,6,36.422,-13.224,0
0,21,7,29.271,-8.513,0
0,21,8,28.983,1.302,0
0,21,9,14.957,4.257,0
0,21,10,29.069,-6.613,0
0,22,0,31.254,-5.082,0
0,22,1,31.32,-4.822,0
0,22,2,35.083,-14.425,0
0,22,3,25.707,-2.499,0
0,22,4,2.379,-8.517,0
0,22,5,34.212,-6.078,0
0,22,6,36.156,-12.786,0
0,22,7,29.441,-8.887,0
0,22,8,29.477,1.391,0
0,22,9,14.938,4.245,0
0,22,10,29.302,-6.922,0
0,23,0,31.088,-4.905,0
0,23,1,31.634,-4.96,0
0,23,2,35.436,-14.752,0
0,23,3,25.35,-2.378,0
0,23,4,2.016,-8.577,0
0,23,5,34.23,-5.863,0
0,23,6,36.031,-12.641,0
0,23,7,29.606,-9.259,0
0,23,8,29.987,1.429,0
0,23,9,14.926,4.239,0
0,23,10,29.499,-7.192,0
0,24,0,30.963,-4.729,0
0,24,1,31.297,-4.84,0
0,24,2,35.524,-15.054,0
0,24,3,25.002,-2.369,0
0,24,4,1.648,-8.642,0
0,24,5,34.764,-4.881,0
0,24,6,35.811,-12.475,0
0,24,7,29.775,-9.627,0
0,24,8,30.491,1.542,0
0,24,9,14.916,4.227,0
0,24,10,29.706,-7.5,0
0,25,0,30.952,-4.568,0
0,25,1,31.416,-4.84,0
0,25,2,35.742,-15.353,0
0,25,3,24.665,-2.303,0
0,25,4,1.285,-8.699,0
0,25,5,34.674,-4.576,0
0,25,6,35.594,-12.156,0
0,25,7,29.939,-9.999,0
0,25,8,31.046,1.595,0
0,25,9,14.907,4.222,0
0,25,10,30.08,-7.725,0
0,26,0,30.835,-4.397,0
0,26,1,31.538,-4.84,0
0,26,2,35.964,-15.65,0
0,26,3,24.326,-2.294,0
0,26,4,0.921,-8.761,0
0,26,5,34.825,-4.319,0
0,26,6,35.378,-11.931,0
0,26,7,30.099,-10.374,0
0,26,8,31.514,1.706,0
0,26,9,14.873,4.226,0
0,26,10,30.197,-7.837,0
0,27,0,30.715,-4.233,0
0,27,1,31.373,-4.632,0
0,27,2,36.187,-15.947,0
0,27,3,24.016,-2.317,0
0,27,4,0.564,-8.821,0
0,27,5,34.998,-4.074,0
0,27,6,35.169,-11.706,0
0,27,7,30.255,-10.754,0
0,27,8,32.087,1.842,0
0,27,9,14.887,4.227,0
0,27,10,30.511,-8.075,0
0,28,0,30.609,-4.09,0
0,28,1,31.274,-4.601,0
0,28,2,36.514,-16.217,0
0,28,3,23.542,-2.357,0
0,28,4,0.207,-8.876,0
0,28,5,35.123,-3.668,0
0,28,6,34.967,-11.512,0
0,28,7,30.408,-11.13,0
0,28,8,32.644,2.002,0
0,28,9,14.87,4.225,0
0,28,10,30.805,-8.338,0
0,29,0,30.476,-3.937,0
0,29,1,31.193,-4.548,0
0,29,2,36.758,-16.507,0
0,29,3,23.327,-2.482,0
0,29,4,-0.154,-8.929,0
0,29,5,35.205,-3.391,0
0,29,6,35.0,-11.291,0
0,29,7,30.56,-11.501,0
0,29,8,33.149,2.173,0
0,29,9,14.843,4.249,0
0,29,10,30.923,-8.405,0
0,30,0,30.342,-3.864,0
0,30,1,31.116,-4.496,0
0,30,2,37.0,-16.799,0
0,30,3,23.133,-2.574,0
0,30,4,-0.515,-8.988,0
0,30,5,35.328,-3.088,0
0,30,6,34.884,-11.034,0
0,30,7,30.708,-11.867,0
0,30,8,33.729,2.316,0
0,30,9,14.82,4.286,0
0,30,10,31.028,-8.508,0
0,31,0,30.23,-3.75,0
0,31,1,31.035,-4.434,0
0,31,2,37.242,-17.09,0
0,31,3,22.889,-2.716,0
0,31,4,-0.877,-9.051,0
0,31,5,35.467,-3.103,0
0,31,6,34.661,-11.008,0
0,31,7,30.862,-12.247,0
0,31,8,34.319,2.492,0
0,31,9,14.8,4.32,0
0,31,10,31.158,-8.638,0
0,32,0,30.057,-3.679,0
0,32,1,30.578,-4.12,0
0,32,2,37.484,-17.375,0
0,32,3,22.645,-2.836,0
0,32,4,-1.233,-9.119,0
0,32,5,35.714,-2.67,0
0,32,6,34.603,-10.698,0
0,32,7,31.005,-12.625,0
0,32,8,34.839,2.599,0
0,32,9,14.896,4.21,0
0,32,10,31.429,-8.988,0
0,32,11,31.5,-9.15,0
0,33,0,29.962,-3.605,0
0,33,1,30.35,-3.984,0
0,33,2,37.726,-17.661,0
0,33,3,22.053,-3.013,0
0,33,4,-1.584,-9.185,0
0,33,5,35.849,-2.458,0
0,33,6,34.454,-10.466,0
0,33,7,31.152,-13.003,0
0,33,8,35.33,2.868,0
0,33,9,14.899,4.204,0
0,33,10,31.549,-9.407,0
0,33,11,31.513,-9.186,0
0,34,0,29.864,-3.502,0
0,34,1,30.111,-3.854,0
0,34,2,37.963,-17.953,0
0,34,3,21.809,-3.298,0
0,34,4,-1.945,-9.248,0
0,34,5,35.969,-2.233,0
0,34,6,34.308,-10.224,0
0,34,7,31.294,-13.378,0
0,34,8,35.833,2.956,0
0,34,9,14.902,4.288,0
0,34,10,31.745,-9.79,0
0,34,11,31.82,-9.528,0
0,35,0,29.716,-3.415,0
0,35,1,29.874,-3.731,0
0,35,2,38.195,-18.247,0
0,35,3,21.429,-3.439,0
0,35,4,-2.306,-9.313,0
0,35,5,36.256,-1.894,0
0,35,6,34.047,-9.926,0
0,35,7,31.444,-13.754,0
0,35,8,36.374,3.256,0
0,35,9,14.908,4.205,0
0,35,10,32.257,-10.007,0
0,35,11,31.963,-9.718,0
0,36,0,29.577,-3.307,0
0,36,1,29.64,-3.609,0
0,36,2,38.43,-18.542,0
0,36,3,21.067,-3.584,0
0,36,4,-2.669,-9.382,0
0,36,5,36.492,-1.43,0
0,36,6,33.854,-9.659,0
0,36,7,31.594,-14.127,0
0,36,8,36.992,3.387,0
0,36,9,14.928,4.193,0
0,36,10,32.312,-10.24,0
0,36,11,32.104,-9.905,0
0,37,0,29.395,-3.135,0
0,37,1,29.408,-3.488,0
0,37,2,38.667,-18.843,0
0,37,3,20.739,-3.762,0
0,37,4,-3.034,-9.452,0
0,37,5,36.747,-1.12,0
0,37,6,33.646,-9.355,0
0,37,7,31.747,-14.501,0
0,37,8,37.65,3.29,0
0,37,9,14.954,4.187,0
0,37,10,32.668,-10.534,0
0,37,11,32.248,-10.093,0
0,38,0,29.329,-3.038,0
0,38,1,29.174,-3.369,0
0,38,2,38.907,-19.144,0
0,38,3,20.539,-4.076,0
0,38,4,-3.405,-9.519,0
0,38,5,37.04,-0.774,0
0,38,6,33.368,-9.126,0
0,38,7,31.904,-14.871,0
0,38,8,38.258,3.424,0
0,38,9,14.876,4.214,0
0,38,10,32.955,-10.747,0
0,38,11,32.944,-10.474,0
0,38,12,39.033,-16.056,0
0,39,0,29.242,-2.938,0
0,39,1,29.315,-2.885,0
0,39,2,39.144,-19.451,0
0,39,3,20.293,-4.346,0
0,39,4,-3.773,-9.588,0
0,39,5,37.286,-0.195,0
0,39,6,33.191,-8.977,0
0,39,7,32.057,-15.248,0
0,39,8,39.069,3.687,0
0,39,9,14.952,4.22,0
0,39,10,33.244,-11.011,0
0,39,11,33.15,-10.763,0
0,39,12,38.9,-15.802,0
0,40,0,29.151,-2.845,0
0,40,1,29.136,-2.741,0
0,40,2,39.38,-19.759,0
0,40,3,20.0,-4.635,0
0,40,4,-4.136,-9.659,0
0,40,5,37.58,0.216,0
0,40,6,32.931,-8.736,0
0,40,7,32.203,-15.625,0
0,40,8,39.634,3.708,0
0,40,9,14.962,4.223,0
0,40,10,33.261,-11.444,0
0,40,11,33.18,-11.066,0
0,40,12,38.589,-15.408,0
0,41,0,28.977,-2.892,0
0,41,1,28.986,-2.573,0
0,41,2,39.617,-20.059,0
0,41,3,19.747,-4.849,0
0,41,4,-4.496,-9.734,0
0,41,5,37.888,0.645,0
0,41,6,32.709,-8.471,0
0,41,7,32.352,-16.002,0
0,41,8,40.276,4.015,0
0,41,9,14.912,4.203,0
0,41,10,33.451,-11.647,0
0,41,11,33.322,-11.338,0
0,41,12,38.36,-15.198,0
0,42,0,28.863,-2.712,0
0,42,1,28.843,-2.401,0
0,42,2,39.848,-20.358,0
0,42,3,19.519,-4.988,0
0,42,4,-4.868,-9.803,0
0,42,5,38.207,0.745,0
0,42,6,32.454,-8.191,0
0,42,7,32.497,-16.379,0
0,42,8,40.897,4.272,0
0,42,9,14.899,4.212,0
0,42,10,33.64,-11.914,0
0,42,11,33.587,-11.551,0
0,42,12,38.132,-15.028,0
0,43,0,28.753,-2.458,0
0,43,1,28.701,-2.226,0
0,43,2,40.081,-20.656,0
0,43,3,19.246,-5.174,0
0,43,4,-5.241,-9.867,0
0,43,5,38.526,1.064,0
0,43,6,32.191,-7.907,0
0,43,7,32.642,-16.759,0
0,43,8,41.535,4.51,0
0,43,9,14.878,4.213,0
0,43,10,33.83,-12.185,0
0,43,11,33.789,-11.801,0
0,43,12,37.877,-14.73,0
0,44,0,28.653,-2.303,0
0,44,1,28.556,-2.051,0
0,44,2,40.315,-20.955,0
0,44,3,18.74,-5.367,0
0,44,4,-5.613,-9.939,0
0,44,5,38.845,1.253,0
0,44,6,31.953,-7.644,0
0,44,7,32.791,-17.144,0
0,44,8,42.175,4.744,0
0,44,9,14.865,4.21,0
0,44,10,34.018,-12.457,0
0,44,11,34.0,-12.051,0
0,44,12,37.593,-14.425,0
0,45,0,28.533,-2.137,0
0,45,1,28.419,-1.88,0
0,45,2,40.551,-21.25,0
0,45,3,18.371,-5.498,0
0,45,4,-5.987,-10.012,0
0,45,5,39.105,1.491,0
0,45,6,31.749,-7.48,0
0,45,7,32.942,-17.528,0
0,45,8,42.808,4.978,0
0,45,9,14.239,3.831,0
0,45,10,34.402,-12.764,0
0,45,11,34.222,-12.308,0
0,45,12,37.322,-14.135,0
0,46,0,28.42,-2.062,0
0,46,1,28.272,-1.718,0
0,46,2,40.782,-21.545,0
0,46,3,17.972,-5.598,0
0,46,4,-6.353,-10.079,0
0,46,5,39.288,1.678,0
0,46,6,31.522,-7.266,0
0,46,7,33.1,-17.918,0
0,46,8,43.443,5.212,0
0,46,9,14.084,3.688,0
0,46,10,34.695,-13.072,0
0,46,11,34.44,-12.561,0
0,46,12,37.05,-13.849,0
0,47,0,28.302,-1.971,0
0,47,1,28.128,-1.55,0
0,47,2,41.009,-21.833,0
0,47,3,17.615,-5.717,0
0,47,4,-6.72,-10.148,0
0,47,5,39.632,2.136,0
0,47,6,31.3,-7.094,0
0,47,7,33.26,-18.308,0
0,47,8,44.082,5.443,0
0,47,9,13.932,3.549,0
0,47,10,34.966,-13.352,0
0,47,11,34.667,-12.813,0
0,47,12,36.934,-13.538,0
0,48,0,28.204,-1.893,0
0,48,1,27.984,-1.383,0
0,48,2,41.23,-22.124,0
0,48,3,17.266,-5.806,0
0,48,4,-7.097,-10.217,0
0,48,5,39.899,2.482,0
0,48,6,31.035,-7.011,0
0,48,7,33.422,-18.698,0
0,48,8,44.719,5.678,0
0,48,9,13.778,3.416,0
0,48,10,35.108,-13.577,0
0,48,11,36.576,-13.686,0
0,48,12,36.602,-13.273,0
0,49,0,28.079,-1.792,0
0,49,1,27.851,-1.216,0
0,49,2,41.457,-22.412,0
0,49,3,16.946,-5.904,0
0,49,4,-7.479,-10.291,0
0,49,5,40.301,2.913,0
0,49,6,30.777,-6.759,0
0,49,7,33.583,-19.089,0
0,49,8,45.358,5.909,0
0,49,9,13.622,3.285,0
0,49,10,35.319,-13.827,0
0,49,11,37.132,-14.015,0
0,49,12,36.324,-13.014,0
0,50,0,27.964,-1.68,0
0,50,1,27.895,-1.571,0
0,50,2,41.675,-22.689,0
0,50,3,16.614,-5.989,0
0,50,4,-7.859,-10.366,0
0,50,5,40.588,3.172,0
0,50,6,30.503,-6.535,0
0,50,7,33.741,-19.472,0
0,50,8,45.995,6.14,0
0,50,9,13.473,3.154,0
0,50,10,35.494,-14.092,0
0,50,11,37.685,-14.343,0
0,50,12,36.047,-12.762,0
0,51,0,27.879,-1.644,0
0,51,1,27.772,-1.479,0
0,51,2,41.884,-22.957,0
0,51,3,16.301,-6.061,0
0,51,4,-8.238,-10.44,0
0,51,5,40.927,3.423,0
0,51,6,30.372,-6.257,0
0,51,7,33.899,-19.862,0
0,51,8,46.636,6.374,0
0,51,9,13.545,3.629,0
0,51,10,35.749,-14.295,0
0,51,11,38.244,-14.674,0
0,51,12,35.768,-12.515,0
0,52,0,27.795,-1.6,0
0,52,1,27.656,-1.39,0
0,52,2,42.093,-23.223,0
0,52,3,15.943,-6.126,0
0,52,4,-8.622,-10.522,0
0,52,5,41.185,3.672,0
0,52,6,30.188,-6.005,0
0,52,7,34.052,-20.257,0
0,52,8,47.272,6.608,0
0,52,9,13.404,3.636,0
0,52,10,35.996,-14.597,0
0,52,11,38.797,-15.009,0
0,52,12,35.701,-12.234,0
0,53,0,27.578,-1.463,0
0,53,1,27.54,-1.302,0
0,53,2,42.31,-23.489,0
0,53,3,15.632,-6.171,0
0,53,4,-9.006,-10.599,0
0,53,5,41.43,3.97,0
0,53,6,30.012,-5.707,0
0,53,7,34.202,-20.653,0
0,53,8,47.908,6.846,0
0,53,9,13.262,3.646,0
0,53,10,36.233,-14.973,0
0,53,11,39.348,-15.342,0
0,53,12,35.444,-11.993,0
0,54,0,27.429,-1.344,0
0,54,1,27.43,-1.211,0
0,54,2,42.52,-23.756,0
0,54,3,15.296,-6.292,0
0,54,4,-9.393,-10.677,0
0,54,5,41.685,4.281,0
0,54,6,29.701,-5.693,0
0,54,7,34.349,-21.049,0
0,54,8,48.546,7.082,0
0,54,9,13.121,3.657,0
0,54,10,36.474,-15.279,0
0,54,11,39.897,-15.677,0
0,54,12,35.255,-11.687,0
0,55,0,27.303,-1.291,0
0,55,1,27.317,-1.125,0
0,55,2,42.73,-24.02,0
0,55,3,14.927,-6.36,0
0,55,4,-9.782,-10.753,0
0,55,5,41.931,4.572,0
0,55,6,29.491,-5.371,0
0,55,7,34.498,-21.453,0
0,55,8,49.19,7.323,0
0,55,9,13.547,3.632,0
0,55,10,36.716,-15.584,0
0,55,11,40.448,-16.02,0
0,55,12,35.002,-11.373,0
0,56,0,27.237,-1.199,0
0,56,1,27.206,-1.027,0
0,56,2,42.939,-24.282,0
0,56,3,14.605,-6.462,0
0,56,4,-10.169,-10.828,0
0,56,5,42.176,4.864,0
0,56,6,29.332,-5.014,0
0,56,7,34.655,-21.85,0
0,56,8,49.83,7.566,0
0,56,9,13.606,3.614,0
0,56,10,36.96,-15.887,0
0,56,11,40.999,-16.36,0
0,56,12,34.766,-11.21,0
0,57,0,27.125,-1.107,0
0,57,1,27.1,-0.926,0
0,57,2,43.153,-24.549,0
0,57,3,14.203,-6.52,0
0,57,4,-10.555,-10.903,0
0,57,5,42.416,5.16,0
0,57,6,29.11,-4.779,0
0,57,7,34.814,-22.246,0
0,57,8,50.471,7.816,0
0,57,9,13.548,3.575,0
0,57,10,37.204,-16.2,0
0,57,11,41.552,-16.7,0
0,57,12,34.622,-10.877,0
0,58,0,26.926,-0.982,0
0,58,1,26.999,-0.815,0
0,58,2,43.37,-24.817,0
0,58,3,13.774,-6.575,0
0,58,4,-10.946,-10.984,0
0,58,5,42.652,5.453,0
0,58,6,28.885,-4.59,0
0,58,7,34.971,-22.641,0
0,58,8,51.111,8.073,0
0,58,9,13.446,3.529,0
0,58,10,37.451,-16.512,0
0,58,11,42.108,-17.039,0
0,58,12,34.413,-10.583,0
0,59,0,26.844,-0.908,0
0,59,1,26.901,-0.704,0
0,59,2,43.588,-25.086,0
0,59,3,13.339,-6.533,0
0,59,4,-11.337,-11.067,0
0,59,5,42.894,5.751,0
0,59,6,28.611,-4.378,0
0,59,7,35.125,-23.037,0
0,59,8,51.751,8.326,0
0,59,9,13.462,3.574,0
0,59,10,37.692,-16.828,0
0,59,11,42.663,-17.38,0
0,59,12,34.196,-10.308,0
0,60,0,26.707,-0.825,0
0,60,1,26.8,-0.594,0
0,60,2,43.805,-25.359,0
0,60,3,12.802,-6.695,0
0,60,4,-11.723,-11.153,0
0,60,5,43.132,6.053,0
0,60,6,28.329,-4.142,0
0,60,7,35.279,-23.441,0
0,60,8,52.394,8.574,0
0,60,9,13.51,3.516,0
0,60,10,37.93,-17.143,0
0,60,11,43.215,-17.726,0
0,60,12,33.943,-9.999,0
0,61,0,26.55,-0.717,0
0,61,1,26.69,-0.485,0
0,61,2,44.027,-25.628,0
0,61,3,12.312,-6.858,0
0,61,4,-12.11,-11.24,0
0,61,5,43.379,6.35,0
0,61,6,28.093,-3.974,0
0,61,7,35.437,-23.837,0
0,61,8,53.037,8.818,0
0,61,9,13.517,3.507,0
0,61,10,38.165,-17.458,0
0,61,11,43.763,-18.068,0
0,61,12,33.646,-9.763,0
0,62,0,26.428,-0.559,0
0,62,1,26.579,-0.377,0
0,62,2,44.249,-25.903,0
0,62,3,11.895,-6.988,0
0,62,4,-12.506,-11.332,0
0,62,5,43.619,6.65,0
0,62,6,27.846,-3.808,0
0,62,7,35.601,-24.232,0
0,62,8,53.68,9.06,0
0,62,9,13.531,3.58,0
0,62,10,38.4,-17.775,0
0,62,11,44.31,-18.404,0
0,62,12,33.37,-9.624,0
0,62,13,27.84,-3.69,0
0,63,0,26.304,-0.439,0
0,63,1,26.461,-0.267,0
0,63,2,44.473,-26.174,0
0,63,3,11.531,-7.083,0
0,63,4,-12.899,-11.421,0
0,63,5,43.86,6.952,0
0,63,6,27.547,-3.503,0
0,63,7,35.769,-24.625,0
0,63,8,54.324,9.306,0
0,63,9,13.5,3.482,0
0,63,10,38.636,-18.089,0
0,63,11,44.862,-18.743,0
0,63,12,33.198,-9.307,0
0,63,13,27.878,-3.673,0
0,64,0,26.168,-0.339,0
0,64,1,26.341,-0.156,0
0,64,2,44.701,-26.45,0
0,64,3,11.165,-7.2,0
0,64,4,-13.288,-11.51,0
0,64,5,44.107,7.256,0
0,64,6,27.083,-3.631,0
0,64,7,35.936,-25.018,0
0,64,8,54.968,9.553,0
0,64,9,13.425,3.417,0
0,64,10,38.871,-18.409,0
0,64,11,45.41,-19.072,0
0,64,12,32.977,-8.98,0
0,64,13,27.26,-3.135,0
0,65,0,26.111,-0.23,0
0,65,1,26.22,-0.048,0
0,65,2,44.933,-26.73,0
0,65,3,10.793,-7.3,0
0,65,4,-13.674,-11.601,0
0,65,5,44.356,7.559,0
0,65,6,26.633,-3.597,0
0,65,7,36.091,-25.406,0
0,65,8,55.612,9.799,0
0,65,9,13.535,3.438,0
0,65,10,39.104,-18.728,0
0,65,11,45.953,-19.406,0
0,65,12,32.699,-8.64,0
0,65,13,26.975,-2.903,0
0,66,0,25.983,-0.126,0
0,66,1,26.097,0.055,0
0,66,2,45.159,-27.016,0
0,66,3,10.423,-7.363,0
0,66,4,-14.058,-11.694,0
0,66,5,44.599,7.86,0
0,66,6,26.177,-3.674,0
0,66,7,36.243,-25.791,0
0,66,8,56.259,10.049,0
0,66,9,13.456,3.431,0
0,66,10,39.337,-19.05,0
0,66,11,46.5,-19.737,0
0,66,12,32.458,-8.254,0
0,66,13,26.65,-2.798,0
